{
  "0": {
    "trained_steps": 1095,
    "timestamp": 1762467330.4002583
  },
  "1": {
    "trained_steps": 184,
    "timestamp": 1762467337.2670388
  }
}