Tanggal,Lintang,Bujur,Magnitudo,Kedalaman,Lokasi,PheromoneScore,Risk_Index,Status_Zona,Radius_Visual_KM
,,,2.1,11.0,,0.5,50.0,Aman,3.279405314694293
,,,2.1,11.0,,0.5,50.0,Aman,3.279405314694293
,,,2.2,6.0,,0.5,50.0,Aman,3.483850403030317
,,,2.0,14.0,,0.5,50.0,Aman,3.0778610333622907
,,,3.1,10.0,,0.5,50.0,Aman,5.441018655854489
,,,2.3,6.0,,0.5,50.0,Aman,3.691103301765151
,,,2.2,11.0,,0.5,50.0,Aman,3.483850403030317
,,,2.6,12.0,,0.5,50.0,Aman,4.328878189671251
,,,2.5,10.0,,0.5,50.0,Aman,4.113694388544492
