{
  "center_lat": -7.972222222222222,
  "center_lon": 114.1711111111111,
  "risk_mean": 50.0,
  "risk_max": 50.0,
  "n_events": 9,
  "impact_area_km2": 93.01
}