{
  "center_lat": -8.027486558897628,
  "center_lon": 113.33882169944852,
  "risk_mean": 17.347629233511586,
  "risk_max": 100.0,
  "n_events": 561
}