{
  "center_lat": -8.038041360912885,
  "center_lon": 113.31230398567061,
  "risk_mean": 14.402402448355014,
  "risk_max": 100.0,
  "n_events": 1307
}