Tanggal,Lintang,Bujur,Magnitudo,Kedalaman,Lokasi,PheromoneScore,Risk_Index,Status_Zona,Radius_Visual_KM
,-8.0,114.19,2.1,11.0,,0.5,50.0,Aman,3.279405314694293
,-8.0,114.19,2.1,11.0,,0.5,50.0,Aman,3.279405314694293
,-7.97,114.13,2.2,6.0,,0.5,50.0,Aman,3.483850403030317
,-7.91,114.14,2.0,14.0,,0.5,50.0,Aman,3.0778610333622907
,-7.98,114.24,3.1,10.0,,0.5,50.0,Aman,5.441018655854489
,-7.97,114.16,2.3,6.0,,0.5,50.0,Aman,3.691103301765151
,-7.97,114.15,2.2,11.0,,0.5,50.0,Aman,3.483850403030317
,-7.99,114.19,2.6,12.0,,0.5,50.0,Aman,4.328878189671251
,-7.96,114.15,2.5,10.0,,0.5,50.0,Aman,4.113694388544492
