{
  "center_lat": -8.030436456702175,
  "center_lon": 113.34160533226475,
  "risk_mean": 17.95855614973262,
  "risk_max": 100.0,
  "n_events": 561
}