{
  "center_lat": -8.037363793739903,
  "center_lon": 113.34084103074548,
  "risk_mean": 15.84691660290742,
  "risk_max": 100.0,
  "n_events": 1307
}