Tanggal,Lintang,Bujur,Magnitudo,Kedalaman,Lokasi,PheromoneScore,Risk_Index,Status_Zona,Radius_Visual_KM
2022-01-01 07:57:00,-7.916717236926822,112.3061172305354,3.47,11,Kelud,0.1566174509263201,15.66,Aman,5.434648205554083
2022-01-03 12:48:00,-7.868128963606708,112.369014268496,3.59,14,Kelud,0.23794025444115907,23.79,Aman,5.894422685377268
2022-01-03 13:56:00,-8.141551831137674,114.0651860489784,2.64,49,Raung,0.07131373153426887,7.13,Aman,3.6584825976148916
2022-01-03 19:35:00,-8.133701421527677,114.0581574221127,2.18,11,Raung,0.015226910825895326,1.52,Aman,3.0
2022-01-04 13:41:00,-7.910047776492585,112.310988665706,5.31,25,Kelud,0.29857708917625436,29.86,Aman,10.070521369093363
2022-01-06 21:43:00,-7.951727155089354,112.9363494824208,3.07,12,Bromo,0.0001,0.01,Aman,4.298348283666221
2022-01-07 07:34:00,-8.12147034680821,114.0222914500236,3.64,5,Raung,0.44407104735420627,44.41,Aman,6.55413872543566
2022-01-12 02:21:00,-7.950031055581993,112.9512794539355,2.56,38,Bromo,0.0006013424526889302,0.06,Aman,3.3950213921731
2022-01-12 09:01:00,-8.059007362301589,113.997373075901,2.86,2,Raung,0.0020961752444222663,0.21,Aman,3.9240161250833747
2022-01-14 00:42:00,-8.116487702886182,114.053251378076,2.61,7,Raung,0.07136219285045713,7.14,Aman,3.6046135339482133
2022-01-14 10:05:00,-7.910022494225677,112.2991975743061,2.96,10,Kelud,0.19918643203533398,19.92,Aman,4.507246147142995
2022-01-14 12:19:00,-8.100086118922372,112.9382496730046,3.22,8,Semeru,0.3680574562926176,36.81,Aman,5.414705901872324
2022-01-14 20:50:00,-7.94212865402597,112.9748334446094,4.73,69,Bromo,0.2221401512916311,22.21,Aman,8.376468003176415
2022-01-15 04:26:00,-8.14116103368778,112.9615892157479,5.41,25,Semeru,0.16101487521091634,16.1,Aman,9.700278545635554
2022-01-15 06:38:00,-8.086770364988952,114.2589575414479,4.31,68,Ijen,0.0007763514274847144,0.08,Aman,6.683269913204729
2022-01-15 08:30:00,-7.891901090579822,112.2480336252349,4.04,2,Kelud,0.5360683453001694,53.61,Aman,7.788014156621912
2022-01-16 02:39:00,-8.134217526776622,112.9180416615425,3.99,50,Semeru,0.019028037569731142,1.9,Aman,6.100664170770111
2022-01-18 04:38:00,-7.964557109597892,112.3168003524699,4.15,63,Kelud,0.07123027951041264,7.12,Aman,6.586594338613709
2022-01-19 11:00:00,-8.152825354341882,114.066475027313,4.07,23,Raung,0.04391079170215861,4.39,Aman,6.33730593111152
2022-01-19 12:05:00,-8.105514282854502,114.1073640856964,5.55,32,Raung,0.09466801612640997,9.47,Aman,9.719995946903179
2022-01-19 21:24:00,-8.169910939791816,114.0401220548454,4.45,60,Raung,0.008693393556270957,0.87,Aman,6.994419397771118
2022-01-19 22:30:00,-8.12683435056466,114.0523341184574,3.31,7,Raung,0.1901193513234218,19.01,Aman,5.190559559560194
2022-01-20 01:17:00,-8.169501683521084,114.0449604707023,2.69,50,Raung,0.022910079908807786,2.29,Aman,3.661209214972759
2022-01-20 11:11:00,-7.973514240339685,113.0048304151398,4.81,69,Bromo,0.0009322706607550078,0.09,Aman,7.708874796055659
2022-01-22 11:34:00,-7.883398024253043,112.2663443683203,4.69,24,Kelud,0.18053320868084827,18.05,Aman,8.129379632373617
2022-01-22 13:08:00,-7.920754809198094,112.3292467571374,3.58,17,Kelud,0.025781144208165737,2.58,Aman,5.316312034582756
2022-01-23 10:28:00,-8.042132939203462,112.8738660246577,5.38,41,Semeru,0.06035822565326589,6.04,Aman,9.18183953374338
2022-01-23 22:19:00,-8.113031390323666,114.052395933188,4.06,13,Raung,0.2481486612965621,24.81,Aman,6.9483050035634575
2022-01-23 23:14:00,-7.94986263560164,113.0071762134843,5.8,39,Bromo,0.7361840393379544,73.62,Terdampak,13.445337283823475
2022-01-24 22:17:00,-7.978263206344961,112.3732395132086,4.88,60,Kelud,0.00454927703830744,0.45,Aman,7.869234906667094
2022-01-25 02:41:00,-7.999641091118968,112.2386483357198,2.15,56,Kelud,0.01415685399973422,1.42,Aman,3.0
2022-01-25 05:28:00,-7.912910190378409,112.3097461281619,3.94,14,Kelud,0.15034887979859438,15.03,Aman,6.391812397092314
2022-01-25 09:51:00,-8.088459102496168,112.9281807713791,4.29,23,Semeru,0.21143832859431483,21.14,Aman,7.342421578281483
2022-01-25 12:18:00,-7.920619233691167,112.9052513947285,3.54,42,Bromo,0.0014942376777980315,0.15,Aman,5.176409064963938
2022-01-25 15:46:00,-7.984836053974819,112.3519153453574,4.09,36,Kelud,0.004223170876493121,0.42,Aman,6.253978493848078
2022-01-25 17:12:00,-8.101423535719341,114.2685623071441,4.54,68,Ijen,0.13114735401803687,13.11,Aman,7.616511326253763
2022-01-25 22:28:00,-7.909597185434142,112.3495245056536,3.14,15,Kelud,0.05344833475555294,5.34,Aman,4.544251164783741
2022-01-26 15:54:00,-7.981628747320634,112.2415710199748,4.49,23,Kelud,0.20196057708360293,20.2,Aman,7.757107087056312
2022-01-26 19:52:00,-7.940872353107685,112.3253107644403,2.77,19,Kelud,0.04255958830084454,4.26,Aman,3.8403290660972127
2022-01-27 16:17:00,-8.162335086391234,114.0936592068512,5.18,1,Raung,0.7982142392456136,79.82,Terdampak,11.870790876866096
2022-01-29 07:25:00,-7.944897332139233,112.3424142298435,4.86,48,Kelud,0.19289268552046657,19.29,Aman,8.56277501791721
2022-01-29 20:38:00,-8.069106232288952,114.2351192270447,2.66,1,Ijen,0.6938034298205751,69.38,Aman,4.804874331956285
2022-01-30 04:40:00,-8.127552516228539,114.0750933350353,5.71,43,Raung,0.17703302743690938,17.7,Aman,10.482429802716169
2022-01-31 18:18:00,-8.044117906718789,114.233205669959,3.73,17,Ijen,0.4521510369844712,45.22,Aman,6.787951055048277
2022-01-31 23:24:00,-8.099009082080153,114.0164814562312,5.16,21,Raung,0.24792651338558164,24.79,Aman,9.488481739320532
2022-02-01 03:26:00,-7.927617076198509,112.2607636011464,5.46,8,Kelud,0.6003819620198133,60.04,Aman,11.812928754406842
2022-02-01 11:35:00,-7.933503448658401,112.9171435187147,3.13,65,Bromo,0.00013987908876658797,0.01,Aman,4.407963727448063
2022-02-01 16:55:00,-8.186014778908971,114.0682086489912,4.61,25,Raung,0.15112242661031078,15.11,Aman,7.842352070444875
2022-02-02 12:47:00,-8.129788267218117,114.0456054777548,3.69,9,Raung,0.2856972334000237,28.57,Aman,6.239114889427288
2022-02-03 03:39:00,-8.140435633188241,114.0005372641355,2.73,30,Raung,0.0017304526814981417,0.17,Aman,3.6930657667619844
2022-02-04 03:40:00,-7.891019324073403,112.2515243296851,3.62,58,Kelud,0.007798397669002269,0.78,Aman,5.345782061570209
2022-02-04 04:58:00,-7.993411853462411,112.912157511184,2.8,29,Bromo,0.0004804017412006988,0.05,Aman,3.8142551925378116
2022-02-08 10:32:00,-7.984972858877901,112.3053919701103,3.69,61,Kelud,0.06148402212960304,6.15,Aman,5.627095080153291
2022-02-08 16:39:00,-7.883216115225961,112.968124654109,3.93,41,Bromo,0.0001,0.01,Aman,5.925595879805065
2022-02-08 17:55:00,-7.996895137026614,112.9748978905037,3.55,1,Bromo,0.6918273546932057,69.18,Aman,6.987375221756897
2022-02-08 19:32:00,-8.054471628647649,114.2337068941313,2.36,13,Ijen,0.09750806080391612,9.75,Aman,3.2022795852910844
2022-02-09 08:47:00,-8.007022823409374,114.2648785426929,5.24,30,Ijen,0.24455029148487328,24.46,Aman,9.66562670030947
2022-02-09 11:02:00,-8.056279965885585,114.2463168959872,3.58,7,Ijen,0.25280972206275937,25.28,Aman,5.912109247965526
2022-02-09 13:40:00,-7.976324463047001,112.317223945895,2.76,22,Kelud,0.07081322306556524,7.08,Aman,3.8751876777476655
2022-02-09 15:54:00,-8.142919456326107,113.9931039878811,4.42,39,Raung,0.09871311948918976,9.87,Aman,7.243893086467646
2022-02-10 01:42:00,-8.137538522924284,114.0223271833387,3.55,26,Raung,0.06266343660668307,6.27,Aman,5.354207937088189
2022-02-10 20:02:00,-7.903292362021368,113.0180574380883,3.36,69,Bromo,0.07081322306555919,7.08,Aman,5.004399758079158
2022-02-11 11:06:00,-8.135846695743865,112.9183339579771,3.27,69,Semeru,0.0001,0.01,Aman,4.66588244409653
2022-02-12 12:16:00,-7.931789743513793,112.8807586637624,5.15,21,Bromo,0.13121254165374974,13.12,Aman,8.973175570433241
2022-02-12 14:08:00,-7.914127649889582,112.909311137008,2.86,24,Bromo,0.0001,0.01,Aman,3.9201037137095063
2022-02-13 16:41:00,-8.105258046029785,114.0236255910996,1.23,9,Raung,0.0007199706691349449,0.07,Aman,3.0
2022-02-13 23:01:00,-8.134164259956174,112.912261853561,4.95,21,Semeru,0.1909049302769853,19.09,Aman,8.76153692525513
2022-02-14 16:44:00,-8.079660973766108,112.9880128014212,4.88,64,Semeru,0.10972859790339277,10.97,Aman,8.282136097319764
2022-02-14 18:34:00,-8.135995669935351,113.9820777030959,4.84,52,Raung,0.3302365094442277,33.02,Aman,9.050425064053904
2022-02-15 17:30:00,-7.994628498714133,114.1748529965384,5.62,1,Ijen,0.7854670364772941,78.55,Terdampak,13.13787840162014
2022-02-15 17:40:00,-7.95768126814787,112.9538660004974,2.19,14,Bromo,0.017761473309169953,1.78,Aman,3.0
2022-02-15 19:53:00,-8.057341876880054,114.2210048401417,3.49,36,Ijen,0.00039665302987152546,0.04,Aman,5.078777403026537
2022-02-16 09:35:00,-8.102620568738185,114.2708452468116,5.0,58,Ijen,0.14162644613111616,14.16,Aman,8.677102568935178
2022-02-16 22:27:00,-8.046517646604613,114.2087651609963,5.96,50,Ijen,0.2124121008681868,21.24,Aman,11.26305402270951
2022-02-17 19:09:00,-7.944674340229097,112.9005505902941,5.25,41,Bromo,0.11766655817997368,11.77,Aman,9.141862336248034
2022-02-18 02:15:00,-7.968094587108305,112.3739132703925,3.7,49,Kelud,0.005135608831821007,0.51,Aman,5.492574992402542
2022-02-18 09:05:00,-7.920692724552178,112.9535372992365,2.34,7,Bromo,0.0001,0.01,Aman,3.0199679143125917
2022-02-19 06:31:00,-8.001036805968232,112.2431803502356,5.1,9,Kelud,0.1488209448324632,14.88,Aman,8.933290598181468
2022-02-21 13:36:00,-8.126743817218347,114.0510146530063,2.2,1,Raung,0.255704813717346,25.57,Aman,3.143415249754641
2022-02-22 03:16:00,-8.079027027940375,114.0633418677963,4.96,44,Raung,0.23581142441044686,23.58,Aman,8.964609053354657
2022-02-22 13:21:00,-7.996588243348809,114.2026528240039,4.62,68,Ijen,0.0017190665534374987,0.17,Aman,7.318257701425462
2022-02-22 17:37:00,-7.947537449292423,112.9347917217224,1.73,13,Bromo,0.0001,0.01,Aman,3.0
2022-02-23 00:24:00,-7.939264456917675,112.3207743468391,2.17,14,Kelud,0.12164599331136883,12.16,Aman,3.0
2022-02-23 13:18:00,-8.03388178310499,114.2006870637615,2.45,5,Ijen,0.008893292109386426,0.89,Aman,3.21990295485287
2022-02-23 20:46:00,-8.168307356009775,114.0287955023706,5.84,41,Raung,0.039494009280746055,3.95,Aman,10.111815562360135
2022-02-24 01:05:00,-8.080753616537486,112.9888957940171,4.74,50,Semeru,0.12205472029284868,12.21,Aman,8.02118304503887
2022-02-24 23:32:00,-8.085469760127644,112.8883304013665,3.07,70,Semeru,0.032924560217564146,3.29,Aman,4.368890452594408
2022-02-25 04:36:00,-8.06949530598206,112.8819428067522,2.77,9,Semeru,0.1439678841444422,14.4,Aman,4.03099240258059
2022-02-25 20:30:00,-7.998495070497562,112.3798046953415,2.46,70,Kelud,0.0001,0.01,Aman,3.222829671672053
2022-02-26 17:20:00,-7.997576445514925,112.3385832994715,2.0,66,Kelud,0.05486429895170217,5.49,Aman,3.0
2022-02-27 10:34:00,-7.940935866791996,112.26909305415,2.31,68,Kelud,0.019839462010053262,1.98,Aman,3.0
2022-02-28 01:37:00,-8.169538570594405,112.9336129723809,3.56,0,Semeru,0.17148594972586,17.15,Aman,5.65733668108886
2022-03-03 14:55:00,-8.077204330103134,114.2368022853117,1.71,5,Ijen,0.07101429146927686,7.1,Aman,3.0
2022-03-04 20:55:00,-8.091258000767896,112.8871094064781,2.9,61,Semeru,0.0004285381654738713,0.04,Aman,3.9921830205144953
2022-03-08 19:10:00,-8.095052704005203,112.9458030657855,4.01,35,Semeru,0.21926758717794811,21.93,Aman,6.74943406345601
2022-03-09 13:06:00,-8.097754082592955,112.939410869908,3.81,5,Semeru,0.550107316241826,55.01,Aman,7.256562329811004
2022-03-09 19:19:00,-8.126835988495205,112.9116424967918,2.66,12,Semeru,0.0007108216726350267,0.07,Aman,3.568621216494001
2022-03-10 01:12:00,-8.137324681393752,114.0389350510227,4.92,39,Raung,0.32400143396056846,32.4,Aman,9.220639222068353
2022-03-10 02:23:00,-8.06109905938964,114.1986593366112,5.88,24,Ijen,0.41732795857660904,41.73,Aman,12.091943334658668
2022-03-11 02:13:00,-8.118832171019067,112.9261199800695,1.07,3,Semeru,0.00041479958232731087,0.04,Aman,3.0
2022-03-11 09:46:00,-8.128718269272253,112.9179092219772,3.33,10,Semeru,0.16467478882547923,16.47,Aman,5.170590774844204
2022-03-11 11:43:00,-8.115964032453027,112.9137611868226,2.47,9,Semeru,0.02060653791709169,2.06,Aman,3.273088870981168
2022-03-11 18:07:00,-8.102218676757085,112.9121429791275,4.41,26,Semeru,0.39991724227077385,39.99,Aman,8.259170593719734
2022-03-12 02:51:00,-7.951682008622979,112.9546779864826,3.01,2,Bromo,0.5232643082470412,52.33,Aman,5.2852945211214655
2022-03-12 10:11:00,-8.161151891053962,114.0206328292749,4.85,32,Raung,0.11554284127322155,11.55,Aman,8.238650679139367
2022-03-12 11:44:00,-8.159233256599107,114.0268457541324,2.82,4,Raung,0.0850077655269062,8.5,Aman,4.012375057253958
2022-03-13 05:36:00,-8.110929509896357,114.0450351115597,2.76,13,Raung,0.1416686019878357,14.17,Aman,4.0077819108940265
2022-03-13 13:08:00,-8.028222707771718,114.218177250649,5.87,65,Ijen,0.24298105841919862,24.3,Aman,11.195026914277069
2022-03-13 13:56:00,-7.93383314732931,112.252658267829,5.14,69,Kelud,0.28325289226223344,28.33,Aman,9.589060870158127
2022-03-15 07:32:00,-8.11690193476015,114.0576849118472,3.4,13,Raung,0.19406215689733858,19.41,Aman,5.3844521676185355
2022-03-16 15:13:00,-8.039380171293203,114.173052281363,4.69,59,Ijen,0.003257008505168309,0.33,Aman,7.468465354491737
2022-03-16 21:01:00,-7.926276799604771,112.9627405686623,2.87,15,Bromo,0.03292456021756528,3.29,Aman,4.002558911615859
2022-03-17 00:16:00,-8.199928092054082,113.9697623132748,4.22,12,Raung,0.0017190665534374987,0.17,Aman,6.505479557086677
2022-03-17 04:38:00,-8.099463411525615,112.9352225693756,3.99,6,Semeru,0.42611947370617353,42.61,Aman,7.330725414324869
2022-03-18 07:08:00,-8.071190584887121,114.0268589118445,3.79,25,Raung,0.02405120091588185,2.41,Aman,5.7203482835074775
2022-03-18 14:44:00,-8.117566323754614,112.9376967605634,2.16,60,Semeru,0.010096552390233597,1.01,Aman,3.0
2022-03-18 19:45:00,-8.12586077035352,114.0246351021303,2.44,4,Raung,0.22635438029255922,22.64,Aman,3.5495318132906277
2022-03-18 19:49:00,-7.918743694714894,112.3046321448058,2.89,56,Kelud,0.0001,0.01,Aman,3.973643577520777
2022-03-19 07:12:00,-7.931336908205919,112.3046379937753,2.42,5,Kelud,0.08200100598812833,8.2,Aman,3.284058729759331
2022-03-19 18:08:00,-8.13590883961665,112.927549493349,4.93,28,Semeru,0.18081264014590184,18.08,Aman,8.6753969434786
2022-03-20 16:52:00,-7.975969636710616,112.9672330615077,5.68,9,Bromo,0.7179519838491747,71.8,Terdampak,12.997643497141839
2022-03-21 04:23:00,-8.104515407316889,114.0774670981173,5.57,0,Raung,1.0,100.0,Terdampak,13.986305582717213
2022-03-22 23:48:00,-8.062617839592606,112.9515150942091,3.27,4,Semeru,0.10716383198970883,10.72,Aman,4.915643583078823
2022-03-23 01:18:00,-8.123650695973495,112.8641708202764,3.88,19,Semeru,0.14298260146773306,14.3,Aman,6.244100617858514
2022-03-23 04:04:00,-7.96031860465994,112.9843067309419,5.04,11,Bromo,0.7432536032963009,74.33,Terdampak,11.230411247878415
2022-03-24 05:34:00,-8.093702419968643,112.8732343351653,4.7,5,Semeru,0.29325513100787937,29.33,Aman,8.57333104351699
2022-03-24 20:52:00,-8.049483496796121,114.1797553062567,2.77,58,Ijen,0.022614308586380225,2.26,Aman,3.8028288443863665
2022-03-25 07:02:00,-8.199881947432917,114.0539043911107,2.18,65,Raung,0.03095463967515594,3.1,Aman,3.0
2022-03-25 21:24:00,-8.095076691014098,112.9442914601688,5.99,47,Semeru,0.38771033797489945,38.77,Aman,12.235071544109058
2022-03-26 12:43:00,-8.099602976153362,112.9568998125495,5.22,15,Semeru,0.550007352583901,55.0,Aman,10.92655084229531
2022-03-26 18:59:00,-7.939647870619711,112.9992206788084,3.0,48,Bromo,0.003257008505168309,0.33,Aman,4.177960274977547
2022-03-27 19:18:00,-7.972890678389247,112.3608568108469,2.71,17,Kelud,0.0008595332767188501,0.09,Aman,3.656340923571599
2022-03-28 19:36:00,-8.123339299651317,114.0599104923508,3.23,62,Raung,0.0001,0.01,Aman,4.591821457959416
2022-03-29 03:07:00,-8.079485607692854,112.8594129070593,5.49,13,Semeru,0.22362721370570093,22.36,Aman,10.173632194361934
2022-03-29 06:36:00,-8.017506284888269,114.2190344401308,4.73,26,Ijen,0.12928861599954705,12.93,Aman,8.026459515202394
2022-03-29 19:32:00,-7.920819035232515,112.3698585318571,5.16,58,Kelud,0.06547732015836943,6.55,Aman,8.718364999301807
2022-03-30 02:27:00,-8.030343831438692,114.2693036580843,5.18,40,Ijen,0.11864344266963657,11.86,Aman,8.98786551002443
2022-03-30 12:58:00,-8.084382694769747,114.0413634547652,5.9,14,Raung,0.4868220643449182,48.68,Aman,12.494599258005195
2022-03-31 01:55:00,-8.123747172780687,112.9168529082513,3.97,4,Semeru,0.584394530829358,58.44,Aman,7.758119706911832
2022-04-01 03:51:00,-8.120653112817681,114.0430431181575,3.52,6,Raung,0.24247505370767522,24.25,Aman,5.757090908389173
2022-04-01 08:46:00,-7.958621833813705,112.9541846582303,2.2,5,Bromo,0.07081322306555919,7.08,Aman,3.0
2022-04-02 16:58:00,-7.990948064559925,112.3206869453204,4.21,34,Kelud,0.02605861674063943,2.61,Aman,6.5643047465096656
2022-04-02 17:36:00,-8.154802943333983,112.9372870784181,2.81,36,Semeru,0.0022084901627191524,0.22,Aman,3.8352839131862786
2022-04-02 20:59:00,-8.155482917052746,114.0080310682442,3.33,7,Raung,0.07461130359206755,7.46,Aman,4.955463113034612
2022-04-03 20:07:00,-8.08663710886625,112.9748634504888,3.36,23,Semeru,0.26709872298830756,26.71,Aman,5.4787501714272535
2022-04-04 01:51:00,-7.870306314721015,113.0166645984875,2.9,51,Bromo,0.0001,0.01,Aman,3.9915273687574984
2022-04-04 05:30:00,-8.06026167336589,114.0313091168393,5.26,61,Raung,0.13538261732570878,13.54,Aman,9.241174580725502
2022-04-05 06:29:00,-7.877261806038777,112.9863531585974,2.42,17,Bromo,0.0001,0.01,Aman,3.154871609811841
2022-04-05 18:14:00,-8.067828385683416,113.9868244594997,4.68,65,Raung,0.05341424252914245,5.34,Aman,7.6342465818431275
2022-04-05 21:49:00,-8.014440878093627,114.2205191558045,3.18,59,Ijen,0.009154033450296877,0.92,Aman,4.520000614818514
2022-04-06 01:06:00,-8.117629747032133,114.0841946683404,3.92,32,Raung,0.08926211116334638,8.93,Aman,6.169284804217628
2022-04-06 01:52:00,-8.051776300168694,114.2739157537592,3.59,38,Ijen,0.009154033450298162,0.92,Aman,5.291831669627825
2022-04-06 21:44:00,-8.14106473611579,112.8613140495551,3.08,16,Semeru,0.12259892811670359,12.26,Aman,4.580932329858003
2022-04-07 18:53:00,-7.860213556390638,112.2786635463538,4.13,39,Kelud,0.09391364388440435,9.39,Aman,6.617041192840024
2022-04-07 20:14:00,-7.915206871235005,112.378159646595,3.93,38,Kelud,0.0001,0.01,Aman,5.925595879805065
2022-04-08 10:47:00,-7.982819609687915,112.9834356040801,3.81,42,Bromo,0.0001,0.01,Aman,5.691466481984967
2022-04-10 16:51:00,-8.073974807211206,112.859493974416,5.33,29,Semeru,0.18696204830414645,18.7,Aman,9.62845538995569
2022-04-11 05:21:00,-8.105489851269471,114.2666786059888,3.09,51,Ijen,0.0001,0.01,Aman,4.334786752290099
2022-04-11 16:11:00,-8.19610872424601,114.0081433673354,3.76,64,Raung,0.01649393785909288,1.65,Aman,5.640415839052225
2022-04-12 22:12:00,-8.012082675660173,114.2074271788194,3.85,34,Ijen,0.11367691805930043,11.37,Aman,6.096878740373303
2022-04-12 22:12:00,-8.06947248405143,112.8736233782272,2.7,38,Semeru,0.06483225698754734,6.48,Aman,3.7551533226633502
2022-04-12 23:04:00,-7.940487194701836,112.3123922511462,1.25,14,Kelud,0.011832235321821946,1.18,Aman,3.0
2022-04-12 23:20:00,-7.944606552034854,112.3641714778499,2.92,51,Kelud,0.0001,0.01,Aman,4.027350436914049
2022-04-13 11:34:00,-7.93741333819136,112.3800551721427,2.62,61,Kelud,0.06449164133157927,6.45,Aman,3.6105620405128285
2022-04-14 01:23:00,-7.882979364203883,112.3709399254636,2.53,0,Kelud,0.3090690561140844,30.91,Aman,3.858900700484594
2022-04-14 01:39:00,-7.982407376889055,112.9421218090306,5.44,10,Bromo,0.34445228041514536,34.45,Aman,10.59961207834328
2022-04-14 08:06:00,-7.932226663650177,112.2931284666127,2.56,17,Kelud,0.000583459583813238,0.06,Aman,3.394991044936448
2022-04-14 11:27:00,-7.921248434249693,112.9589013354087,2.29,18,Bromo,0.10064875140024752,10.06,Aman,3.083965930727449
2022-04-14 13:15:00,-7.919528630275589,112.2927002481064,1.97,8,Kelud,0.0006013424526889302,0.06,Aman,3.0
2022-04-14 13:55:00,-8.159199015498785,113.98672039976,4.23,69,Raung,0.0377303821465582,3.77,Aman,6.6429227587380915
2022-04-14 14:19:00,-8.14660505155383,112.9868570482457,2.83,1,Semeru,0.11317102814603511,11.32,Aman,4.085328825299244
2022-04-15 16:10:00,-7.945641798728021,112.3221792837897,3.97,9,Kelud,0.2014305220309929,20.14,Aman,6.6084962309856925
2022-04-16 12:54:00,-7.966616443753786,112.9799473665104,5.8,57,Bromo,0.38193857124247355,38.19,Aman,11.704610150219514
2022-04-18 10:48:00,-8.110109207802482,114.0128547671533,3.29,25,Raung,0.0001,0.01,Aman,4.7030151907032245
2022-04-18 16:09:00,-8.08105553146382,114.1090817447866,2.96,59,Raung,0.02492783256592243,2.49,Aman,4.150102073487479
2022-04-19 05:13:00,-7.957886879813556,112.2603029521536,5.38,29,Kelud,0.18581404995442444,18.58,Aman,9.740924470025037
2022-04-19 19:59:00,-7.901959499088716,112.9935383114962,4.97,10,Bromo,0.24133448348968964,24.13,Aman,9.010315175278532
2022-04-20 06:56:00,-8.153533904975493,112.899815019232,2.36,31,Semeru,0.010548400167942467,1.05,Aman,3.069517689781758
2022-04-20 09:39:00,-7.941770082579577,112.2807922129151,3.18,9,Kelud,0.0010010169374193585,0.1,Aman,4.501658746033299
2022-04-20 16:55:00,-7.878805881956137,112.8827934571438,3.94,59,Bromo,0.030618857795659753,3.06,Aman,6.035920455030256
2022-04-20 20:46:00,-8.119790394494354,114.2846257905039,5.1,38,Ijen,0.3568277690227427,35.68,Aman,9.798037105499922
2022-04-20 23:21:00,-8.133602046538906,112.9820565672813,4.91,46,Semeru,0.0859971548755198,8.6,Aman,8.25447878816073
2022-04-21 05:04:00,-8.129903140308901,114.0924264717197,5.51,40,Raung,0.12101733905058636,12.1,Aman,9.750150102747073
2022-04-21 17:24:00,-8.103456656257743,112.9279156369138,2.27,14,Semeru,0.025780607602990273,2.58,Aman,3.0
2022-04-22 12:32:00,-7.898059352183734,112.3180956238197,2.45,39,Kelud,0.0001,0.01,Aman,3.2058088527135933
2022-04-22 13:45:00,-7.960816611236697,112.3707599558378,5.4,10,Kelud,0.06307063376284394,6.31,Aman,9.238383560009764
2022-04-23 08:21:00,-7.931380283597336,112.9687023023866,1.45,19,Bromo,0.015287979672172505,1.53,Aman,3.0
2022-04-23 14:47:00,-8.120733248796999,114.0515129338611,1.35,13,Raung,0.008972745951168645,0.9,Aman,3.0
2022-04-24 04:35:00,-8.065600386898645,114.2251747384028,2.83,7,Ijen,0.22713696525933452,22.71,Aman,4.3056556809062325
2022-04-24 19:16:00,-8.119272860866339,112.9007911154492,3.34,16,Semeru,0.1859292222306621,18.59,Aman,5.241752452922701
2022-04-25 02:12:00,-7.929684183709862,112.9323886466096,2.17,1,Bromo,0.19161033349187293,19.16,Aman,3.000067303672022
2022-04-25 04:02:00,-7.99834526562185,112.8891771158991,4.04,44,Bromo,0.016811173609210587,1.68,Aman,6.19342692416387
2022-04-25 09:49:00,-8.096227650123783,112.9739990713008,4.21,70,Semeru,0.14265315812095444,14.27,Aman,6.942063857265885
2022-04-25 12:22:00,-7.962096786604308,112.9183241469402,5.4,53,Bromo,0.07348930006358548,7.35,Aman,9.28503811167407
2022-04-26 11:56:00,-8.118144717200998,114.0232388667311,3.09,18,Raung,0.001947714694128229,0.19,Aman,4.338791276652939
2022-04-27 00:54:00,-8.06741002562602,114.2216547535113,1.45,2,Ijen,0.019530040895725288,1.95,Aman,3.0
2022-04-28 00:51:00,-7.9580951537756,112.9494507439011,3.77,11,Bromo,0.3455089284641467,34.55,Aman,6.5834092005897125
2022-04-28 06:15:00,-7.937998057388834,112.9436015632992,5.24,63,Bromo,0.27987968024723303,27.99,Aman,9.817764384469433
2022-04-28 14:06:00,-7.946263580781884,113.0080169982037,5.99,1,Bromo,1.0,100.0,Terdampak,15.372557570554454
2022-04-29 04:38:00,-8.17455471806056,114.0418046157392,3.21,53,Raung,0.0001,0.01,Aman,4.554893807437418
2022-04-29 05:17:00,-7.946639135797359,112.3276590538272,1.01,7,Kelud,0.00041479958232731087,0.04,Aman,3.0
2022-04-29 23:32:00,-8.100235682054766,114.2014493095349,4.46,40,Ijen,0.22409809355289836,22.41,Aman,7.767106471333693
2022-04-30 08:31:00,-8.047677569243609,114.2605603339689,5.3,64,Ijen,0.11115637442827789,11.12,Aman,9.226756038467963
2022-05-01 13:34:00,-7.877878372092454,113.0102125479923,3.59,55,Bromo,0.028010257413714542,2.8,Aman,5.341496335192487
2022-05-01 23:11:00,-7.943044104699848,113.0030355524481,2.48,58,Bromo,0.0011296544526873383,0.11,Aman,3.2586102343490797
2022-05-02 01:30:00,-7.895164803657712,112.3121549442162,3.41,28,Kelud,0.011832235321821946,1.18,Aman,4.956127376146805
2022-05-02 18:06:00,-8.111194941786454,114.0275338490628,2.8,4,Raung,0.2530388040144078,25.3,Aman,4.295800623550866
2022-05-03 20:06:00,-8.105149038799878,114.0509603406488,3.53,2,Raung,0.40189333298180485,40.19,Aman,6.189147572267608
2022-05-05 02:48:00,-8.093141652593935,112.938357327881,3.12,19,Semeru,0.006388745561448007,0.64,Aman,4.403378926179655
2022-05-05 15:21:00,-8.124476437883997,112.9367514717219,2.41,9,Semeru,0.00040007603155456996,0.04,Aman,3.1384052532182753
2022-05-06 23:39:00,-7.913397644711904,112.3240040525849,1.44,15,Kelud,0.003285869154451592,0.33,Aman,3.0
2022-05-07 01:54:00,-8.161964544652097,114.0140996009133,3.32,36,Raung,0.009469596096097179,0.95,Aman,4.781134406851044
2022-05-07 09:53:00,-8.097549819841422,114.1719331925069,5.79,25,Ijen,0.27908088223407573,27.91,Aman,11.174082546299202
2022-05-07 15:57:00,-8.093015719807102,112.935943133141,2.82,7,Semeru,0.0007199706691350961,0.07,Aman,3.8501721862095923
2022-05-08 10:42:00,-8.100908163238753,112.8868846261678,2.37,21,Semeru,0.0001,0.01,Aman,3.070397218740506
2022-05-08 17:30:00,-8.129631120404412,114.0422691810547,2.41,17,Raung,0.0717176387809272,7.17,Aman,3.250294577889459
2022-05-09 10:00:00,-7.930190780934433,112.9372623107042,3.23,6,Bromo,0.3363628095614023,33.64,Aman,5.363812250648664
2022-05-10 18:12:00,-7.927198291889965,113.0185524691767,3.05,16,Bromo,0.0019279313931146113,0.19,Aman,4.265876070814091
2022-05-11 02:00:00,-8.163932304472615,112.9397571949238,3.04,33,Semeru,0.042902797874315175,4.29,Aman,4.334643312762326
2022-05-11 14:08:00,-8.103921857640097,114.1921781225208,4.95,63,Ijen,0.11301658343878593,11.3,Aman,8.450057582888737
2022-05-11 16:57:00,-7.938537095024668,112.316518546318,1.98,14,Kelud,0.0011296544526873383,0.11,Aman,3.0
2022-05-13 07:06:00,-7.908056559066953,112.3432788917397,5.41,24,Kelud,0.14753897842680405,14.75,Aman,9.639788470366929
2022-05-13 20:07:00,-8.133353914426957,114.0530979678287,2.59,11,Raung,0.002883525701452104,0.29,Aman,3.450765059837096
2022-05-13 21:22:00,-8.123750846301029,114.042897413177,2.17,19,Raung,0.06074192816830193,6.07,Aman,3.0
2022-05-14 23:16:00,-7.993957205394923,112.8784117898904,5.51,68,Bromo,0.1673189293552968,16.73,Aman,9.962994876410686
2022-05-15 15:03:00,-8.04010396189156,114.2815823053199,3.1,63,Ijen,0.0001,0.01,Aman,4.353032565429825
2022-05-15 23:27:00,-8.118690874539517,114.278090514338,4.83,67,Ijen,0.22681425421496026,22.68,Aman,8.625519611555855
2022-05-16 16:40:00,-8.06736757813019,114.1068786674719,5.01,45,Raung,0.015386293289046026,1.54,Aman,8.1868597130658
2022-05-16 19:58:00,-8.045163205955348,112.9317205356783,3.23,52,Semeru,0.0696108309255855,6.96,Aman,4.751404141327593
2022-05-16 21:22:00,-8.153712502872278,114.0897949298405,4.87,57,Raung,0.030183990130151196,3.02,Aman,7.9486441117665
2022-05-17 00:53:00,-7.998773808547347,112.915824987962,2.99,39,Bromo,0.1980895492038695,19.81,Aman,4.564444497902623
2022-05-18 01:35:00,-8.053800027724183,114.3031655134336,3.94,43,Ijen,0.10838347945668389,10.84,Aman,6.267072189271019
2022-05-19 00:53:00,-7.992686054108103,112.2802679875262,2.48,11,Kelud,0.17669034272154413,17.67,Aman,3.5444906890559142
2022-05-19 09:55:00,-8.124371712809596,114.007500767746,5.42,46,Raung,0.21945719580676765,21.95,Aman,9.986558503068336
2022-05-20 09:27:00,-8.143731224719742,112.8647926748304,5.96,67,Semeru,0.13410859037592443,13.41,Aman,10.864422742173636
2022-05-20 22:42:00,-8.053815142260655,114.2204011774896,3.42,13,Ijen,0.15796836066047798,15.8,Aman,5.336407859589725
2022-05-21 01:07:00,-7.95660315039263,112.9370471072549,2.81,5,Bromo,0.0021338661357647843,0.21,Aman,3.835140968866782
2022-05-21 10:54:00,-8.116114430806826,114.2106104166539,4.54,46,Ijen,0.03949400928074253,3.95,Aman,7.288951274169848
2022-05-21 13:53:00,-8.18797183016844,114.0754536113652,2.27,28,Raung,0.006821431612509083,0.68,Aman,3.0
2022-05-22 03:57:00,-7.919728282432485,112.2646182963541,3.77,64,Kelud,0.12156083322520989,12.16,Aman,5.95482836989726
2022-05-23 04:51:00,-7.946909085306584,112.8966281375544,3.15,50,Bromo,0.004223170876493121,0.42,Aman,4.453688137512662
2022-05-23 11:43:00,-7.917715426327206,112.3164905075613,1.5,10,Kelud,0.0001,0.01,Aman,3.0
2022-05-23 20:23:00,-7.888719887054374,112.2785064143246,3.98,64,Kelud,0.08500776552690245,8.5,Aman,6.279508821236955
2022-05-23 20:54:00,-8.07170800122761,114.2202030112727,2.58,12,Ijen,0.13575107286635638,13.58,Aman,3.661223618153975
2022-05-24 09:02:00,-7.997716083488926,113.0146039258256,4.49,64,Bromo,0.1216532905948847,12.17,Aman,7.474199106029255
2022-05-24 14:28:00,-8.167591408730653,114.0278578457955,4.68,56,Raung,0.04158592293090811,4.16,Aman,7.590270891701547
2022-05-24 20:19:00,-7.871317938782919,112.2971915736005,3.54,57,Kelud,0.07856270175056544,7.86,Aman,5.375729097237417
2022-05-25 04:39:00,-7.936700571663301,112.342833295145,5.66,59,Kelud,0.14165366899848708,14.17,Aman,10.194844511510015
2022-05-25 15:59:00,-7.911611065123592,112.3436991623608,2.13,35,Kelud,0.026360118521218043,2.64,Aman,3.0
2022-05-25 22:02:00,-8.045231125170318,114.2274297353088,2.21,34,Ijen,0.0008632421374023107,0.09,Aman,3.0
2022-05-26 08:52:00,-7.91135880540466,112.3607924982169,3.29,66,Kelud,0.0001,0.01,Aman,4.7030151907032245
2022-05-27 02:38:00,-7.97910796219466,112.3710545863038,3.94,69,Kelud,0.001927931393114561,0.19,Aman,5.950638005848787
2022-05-27 09:37:00,-8.128926077579917,112.9003317776608,3.77,16,Semeru,0.1453608423820758,14.54,Aman,6.021630588109249
2022-05-28 01:42:00,-8.197204907679806,114.0476414935442,2.79,69,Raung,0.0001,0.01,Aman,3.795833710697381
2022-05-28 10:12:00,-7.978048680886062,112.9939391301867,5.62,65,Bromo,0.2797395532575517,27.97,Aman,10.75257421676032
2022-05-30 02:40:00,-7.92871193178438,112.2871179211633,3.08,57,Kelud,0.0255278081118613,2.55,Aman,4.371436213547302
2022-05-30 03:00:00,-8.018244403233,114.2839822485548,3.03,3,Ijen,0.24630751889581978,24.63,Aman,4.745856825891644
2022-05-30 06:28:00,-7.957797091754605,112.3730921397623,3.17,37,Kelud,0.003257008505168284,0.33,Aman,4.488318999136088
2022-05-30 11:23:00,-7.928500086675822,112.9421081748069,2.38,17,Bromo,0.02288708281310112,2.29,Aman,3.1224226576860077
2022-05-30 20:05:00,-8.040592168262314,114.2479209735951,3.76,13,Ijen,0.0814226784058591,8.14,Aman,5.822030615925055
2022-06-01 15:39:00,-8.053977408016026,114.2317585187314,2.09,19,Ijen,0.03474621932529781,3.47,Aman,3.0
2022-06-02 22:40:00,-7.91578656024204,112.8809367151092,4.61,29,Bromo,0.03698096346063757,3.7,Aman,7.426226270824078
2022-06-05 03:44:00,-7.914092412981549,112.9176978091016,3.37,54,Bromo,0.0006757965318700124,0.07,Aman,4.853618012804861
2022-06-05 05:17:00,-8.128420758680164,114.0297930549897,3.53,12,Raung,0.30627378872092165,30.63,Aman,5.9427571676242446
2022-06-05 13:15:00,-8.177493001843605,114.0184539253581,2.41,26,Raung,0.00028443053668585793,0.03,Aman,3.1382238182978535
2022-06-06 18:50:00,-7.988241942495489,112.9355792272114,4.85,64,Bromo,0.14162644613112557,14.16,Aman,8.340229198224163
2022-06-07 04:52:00,-7.915169953097054,112.3012598095605,1.84,16,Kelud,0.04250388276345694,4.25,Aman,3.0
2022-06-07 08:16:00,-8.125435745111526,112.9074282178473,2.9,2,Semeru,0.6049128723295697,60.49,Aman,5.19853058503684
2022-06-07 22:15:00,-8.108966274557131,112.9179861776998,2.9,4,Semeru,0.31819792720862683,31.82,Aman,4.626343919129112
2022-06-09 04:19:00,-7.890660243681179,113.0182178364024,4.66,53,Bromo,0.17139563991743895,17.14,Aman,8.0280608840948
2022-06-09 21:17:00,-7.96684701013575,112.2910875577218,5.86,55,Kelud,0.003299627123323091,0.33,Aman,9.976605864888848
2022-06-10 22:28:00,-7.921308510782152,112.946198480234,1.52,17,Bromo,0.0003672053288126053,0.04,Aman,3.0
2022-06-11 03:03:00,-8.114385222505202,114.1943558061703,3.07,15,Ijen,0.008752271762186034,0.88,Aman,4.3169425926901726
2022-06-11 03:57:00,-8.139034402278138,112.8639246430517,3.99,69,Semeru,0.036181568722733384,3.62,Aman,6.152495017573642
2022-06-11 15:22:00,-7.933260307284476,112.9699116803497,2.16,61,Bromo,0.0001,0.01,Aman,3.0
2022-06-12 02:00:00,-8.00237556905056,114.1763449035899,3.1,51,Ijen,0.006274735425419433,0.63,Aman,4.3664713056876945
2022-06-12 06:49:00,-8.10112167178665,112.9140606606346,2.76,13,Semeru,0.11990297798894112,11.99,Aman,3.967051111525196
2022-06-12 17:22:00,-8.120754787252373,114.2937465669942,4.62,42,Ijen,0.41090911691572246,41.09,Aman,8.814250964139644
2022-06-12 18:53:00,-7.937847330170651,112.9046653517343,2.64,63,Bromo,0.0001,0.01,Aman,3.532700494419758
2022-06-12 19:47:00,-8.055919818490914,112.9482974274751,2.57,27,Semeru,0.015814126310094268,1.58,Aman,3.4382191030416935
2022-06-13 11:59:00,-8.023598866556975,114.282443763702,5.54,11,Ijen,0.38996519112716166,39.0,Aman,11.064308441180158
2022-06-13 22:17:00,-7.990977951799608,112.2833843403783,3.25,47,Kelud,0.14162644613112244,14.16,Aman,4.956351456484035
2022-06-14 17:53:00,-8.053143055796902,114.2657448823994,4.69,67,Ijen,0.00463734167751255,0.46,Aman,7.473611459275868
2022-06-15 03:44:00,-7.982935370419744,112.9785113498352,2.4,4,Bromo,0.17293118358750334,17.29,Aman,3.390709562365484
2022-06-15 12:27:00,-8.117570224379925,114.0300982395469,2.84,19,Raung,0.08638256427495741,8.64,Aman,4.052077948049397
2022-06-16 02:24:00,-8.112658337236427,114.0625701969526,3.35,30,Raung,0.024073837159778226,2.41,Aman,4.872530931695476
2022-06-16 11:35:00,-8.074450926136603,114.0594402877987,3.14,40,Raung,0.00032853707733470364,0.03,Aman,4.426697828580103
2022-06-17 08:09:00,-8.00461128507274,114.23396338764,2.43,32,Ijen,0.029081897038276266,2.91,Aman,3.217790285619783
2022-06-17 10:25:00,-7.978702757147069,112.9578835813504,2.01,19,Bromo,0.07789165006543461,7.79,Aman,3.0
2022-06-17 22:59:00,-8.081568805515836,114.1030340020642,3.02,27,Raung,0.004223170876493046,0.42,Aman,4.216237910275535
2022-06-18 12:55:00,-8.123268527454139,114.0564040640824,3.47,13,Raung,0.15691957460137898,15.69,Aman,5.435409553324783
2022-06-19 02:56:00,-8.078944690417227,112.850039435237,3.59,45,Semeru,0.02857319476244398,2.86,Aman,5.342979033701624
2022-06-19 05:50:00,-7.93497075793073,112.3280047752014,1.06,12,Kelud,0.014157908591506093,1.42,Aman,3.0
2022-06-19 13:20:00,-8.061064878520511,114.2517761024623,2.14,1,Ijen,0.0003072452258531109,0.03,Aman,3.0
2022-06-19 17:40:00,-7.867880253268899,112.2700680883346,3.61,70,Kelud,0.0708132230655628,7.08,Aman,5.49376775884318
2022-06-20 17:06:00,-8.001591541934657,112.8877422818053,3.24,41,Bromo,0.12560873285428695,12.56,Aman,4.899613733243619
2022-06-21 05:51:00,-8.009521702750686,112.9080494276039,2.82,54,Bromo,0.02550058524449922,2.55,Aman,3.897859835852705
2022-06-21 09:19:00,-8.110366583040145,114.0223542761097,2.07,25,Raung,0.005469832000783218,0.55,Aman,3.0
2022-06-21 22:20:00,-8.09994620505252,112.9124623373759,2.07,2,Semeru,0.08616749257203159,8.62,Aman,3.0
2022-06-22 14:57:00,-8.007218282862334,112.9298468554728,4.91,9,Bromo,0.3377215601269542,33.77,Aman,9.250574951932505
2022-06-23 14:56:00,-8.091519125725263,112.9175025882216,1.24,4,Semeru,0.01974700464037304,1.97,Aman,3.0
2022-06-24 02:07:00,-8.107567171089498,112.9152463026908,3.67,1,Semeru,1.0,100.0,Terdampak,8.131246792351865
2022-06-25 06:58:00,-8.103486537654875,112.9444069791908,3.21,20,Semeru,0.024890975709553165,2.49,Aman,4.611351115441905
2022-06-25 18:34:00,-7.949347957883684,112.3034303883766,1.41,17,Kelud,0.0008595332767188501,0.09,Aman,3.0
2022-06-26 07:18:00,-8.178450440537416,112.9259960163329,4.45,32,Semeru,0.004408969879294987,0.44,Aman,6.979500716716736
2022-06-27 01:05:00,-7.965297581918112,113.0165819090515,3.34,14,Bromo,0.008599614572081722,0.86,Aman,4.81652463837725
2022-06-27 14:13:00,-8.070270464861428,112.8782337072164,2.68,30,Semeru,0.0001,0.01,Aman,3.602441577787719
2022-06-27 20:23:00,-8.14496012544686,112.8862236863223,2.69,66,Semeru,0.025500585244496624,2.55,Aman,3.665897699201819
2022-06-28 02:29:00,-8.06009940972238,114.2493430245477,2.37,51,Ijen,0.022713129717923778,2.27,Aman,3.1051111283414916
2022-06-28 17:20:00,-8.121484073367833,114.0484297513554,3.65,7,Raung,0.2594280491062804,25.94,Aman,6.08063932720792
2022-06-29 01:50:00,-8.102997226022607,114.0314825042694,1.78,9,Raung,0.0001,0.01,Aman,3.0
2022-06-29 05:43:00,-7.944359200123174,112.9513665629835,3.01,14,Bromo,0.07321362120160042,7.32,Aman,4.342606740577098
2022-06-29 13:01:00,-7.921936864344928,112.2676915710436,3.64,13,Kelud,0.23852893724522137,23.85,Aman,6.002947095785042
2022-06-29 13:31:00,-8.117627567678065,114.0694240364623,4.08,67,Raung,0.0003665404635179249,0.04,Aman,6.222111623091828
2022-06-30 19:11:00,-7.950923710009596,112.9022815576643,3.13,61,Bromo,0.055427291135522326,5.54,Aman,4.5298076591822785
2022-06-30 20:22:00,-8.022431453560962,114.2670140202449,4.89,6,Ijen,0.37962025868832766,37.96,Aman,9.366539712489574
2022-07-02 14:59:00,-7.935135760969717,112.2920649620595,1.11,8,Kelud,0.0001,0.01,Aman,3.0
2022-07-02 20:57:00,-8.08158950689447,114.2425090210902,5.65,23,Ijen,0.6015059242388363,60.15,Aman,12.355428326741505
2022-07-02 23:41:00,-7.925336968794523,112.3294332196857,1.86,3,Kelud,0.023323991317841616,2.33,Aman,3.0
2022-07-03 02:47:00,-8.062220586677723,113.9930864861457,3.13,31,Raung,0.0011809603765549094,0.12,Aman,4.410258091258251
2022-07-03 11:34:00,-8.073314841122802,114.0774001507152,3.25,33,Raung,0.10295583239210146,10.3,Aman,4.866856319236934
2022-07-03 16:55:00,-7.945309070306905,112.3216230085198,2.68,4,Kelud,0.1514893907519302,15.15,Aman,3.875113662023859
2022-07-04 07:27:00,-8.0652584999848,114.3098600680935,2.55,68,Ijen,0.0003329932285106041,0.03,Aman,3.3773380825608696
2022-07-05 16:11:00,-8.074934001346351,112.8896713143391,3.2,44,Semeru,0.08760796251893702,8.76,Aman,4.734933902356021
2022-07-05 17:32:00,-8.111216304734137,114.0439778556326,3.18,14,Raung,0.029485419702325807,2.95,Aman,4.565740203137419
2022-07-06 21:13:00,-7.934999412322549,112.9992748021443,3.94,18,Bromo,0.22941530530035495,22.94,Aman,6.626833682923507
2022-07-07 01:35:00,-8.138286626120694,112.8893459727551,2.35,5,Semeru,0.0001,0.01,Aman,3.0367562580032423
2022-07-07 03:11:00,-7.967371917936134,112.8909671127957,5.24,70,Bromo,0.006010318586092023,0.6,Aman,8.638410540400542
2022-07-07 22:51:00,-7.993102102037696,112.3212659107985,5.89,66,Kelud,0.0371871181071198,3.72,Aman,10.212940667570125
2022-07-08 02:04:00,-7.968888677346691,112.8886532510823,4.74,52,Bromo,0.002821061533968068,0.28,Aman,7.570490142123199
2022-07-09 07:29:00,-8.091132629313288,114.0323493204303,2.19,26,Raung,0.004223170876493121,0.42,Aman,3.0
2022-07-09 13:40:00,-8.172295758502516,114.005992274245,2.5,1,Raung,0.18389963266764967,18.39,Aman,3.5935582656197154
2022-07-09 14:58:00,-7.937198360909793,112.3424234886226,4.98,19,Kelud,0.1842702079833294,18.43,Aman,8.803888066279024
2022-07-10 02:51:00,-7.988920996717863,112.8798494675856,5.8,6,Bromo,0.2948468435328557,29.48,Aman,11.276650028805292
2022-07-11 14:51:00,-7.958389786126979,112.3289551919236,5.0,45,Kelud,0.30678369877364053,30.68,Aman,9.346260546402078
2022-07-12 05:48:00,-8.088514648711872,114.2015662384524,4.93,30,Ijen,0.16570629377981622,16.57,Aman,8.61530303688665
2022-07-12 15:54:00,-7.865432594562226,112.2821787533944,3.3,1,Kelud,0.41953704823575794,41.95,Aman,5.711765943617321
2022-07-14 06:47:00,-7.924382069698084,112.3145871038473,3.89,15,Kelud,0.29578685819105444,29.58,Aman,6.711754328814606
2022-07-14 10:26:00,-8.074333955574438,114.0784397330729,3.95,50,Raung,0.10465320369560055,10.47,Aman,6.27663354321247
2022-07-15 02:25:00,-8.132472228995923,114.0440406028739,1.44,3,Raung,0.009154033450298162,0.92,Aman,3.0
2022-07-15 05:02:00,-8.048541795685614,114.2426953894071,1.28,14,Ijen,0.015360971313897853,1.54,Aman,3.0
2022-07-15 10:31:00,-8.060042173797532,114.0396759572549,3.77,50,Raung,0.0005557259321313838,0.06,Aman,5.615189442496872
2022-07-15 15:06:00,-8.145695072663505,112.9113153627072,3.51,34,Semeru,0.001579503945853921,0.16,Aman,5.119671562292186
2022-07-15 15:49:00,-8.100999908633487,114.2051937733379,3.95,8,Ijen,0.28330859779961204,28.33,Aman,6.809431268433933
2022-07-15 19:09:00,-7.964588580319218,112.2766180958661,2.43,13,Kelud,0.0001,0.01,Aman,3.171829761855454
2022-07-16 01:40:00,-7.944424441098173,112.9922065471131,4.23,29,Bromo,0.31778591557998065,31.78,Aman,7.555893038346757
2022-07-18 03:42:00,-7.874793761077949,112.2928955205715,5.61,2,Kelud,1.0,100.0,Terdampak,14.117018332363468
2022-07-20 16:19:00,-7.912854285298726,112.3218195848938,3.68,7,Kelud,0.16328735144075104,16.33,Aman,5.884185826984699
2022-07-21 00:04:00,-8.116431395494775,114.0329278802909,1.52,18,Raung,0.03292456021756528,3.29,Aman,3.0
2022-07-21 15:51:00,-8.17571438796981,114.0512298430525,2.18,39,Raung,0.0001,0.01,Aman,3.0
2022-07-21 17:00:00,-8.096569349746613,112.9115729912918,1.35,18,Semeru,0.04442549122051136,4.44,Aman,3.0
2022-07-21 17:53:00,-8.079048255383215,114.2244582532632,1.44,8,Ijen,0.0001,0.01,Aman,3.0
2022-07-22 06:51:00,-7.964053953921196,112.9954396243095,3.65,53,Bromo,0.0001,0.01,Aman,5.382728041797662
2022-07-22 09:36:00,-7.859051597637022,112.3590002175513,2.91,7,Kelud,0.17603435305230417,17.6,Aman,4.362110243599327
2022-07-23 06:12:00,-7.94030132165171,112.9620164116332,2.43,17,Bromo,0.0032747418953447955,0.33,Aman,3.1768643805394516
2022-07-23 07:03:00,-8.157387929711776,112.9268895850126,4.23,59,Semeru,0.0001398790887665628,0.01,Aman,6.520379162949933
2022-07-23 13:18:00,-8.126929818469039,114.0893701177976,2.5,56,Raung,0.0001,0.01,Aman,3.2911200586111358
2022-07-23 19:59:00,-8.169403732089737,114.1110941668275,4.11,38,Raung,0.141626446131121,14.16,Aman,6.7252447469277135
2022-07-27 01:57:00,-8.098916605468206,114.0788089419733,3.03,37,Raung,0.0001,0.01,Aman,4.22568511106253
2022-07-27 18:52:00,-7.939871396053683,112.3621493346762,3.51,12,Kelud,0.024477750184051388,2.45,Aman,5.178241056964247
2022-07-27 23:25:00,-8.00295460183536,114.2321785822962,4.51,36,Ijen,0.22184943942950372,22.18,Aman,7.872526568984759
2022-07-29 04:39:00,-8.05096680598716,112.8663529468672,5.45,26,Semeru,0.0758289615483513,7.58,Aman,9.40756059087001
2022-07-29 11:09:00,-8.118498861242752,112.9091499011303,1.79,13,Semeru,0.0001,0.01,Aman,3.0
2022-07-29 11:37:00,-8.144036622696254,112.9816894145296,3.06,67,Semeru,0.005708112496229857,0.57,Aman,4.292156906145177
2022-07-30 08:08:00,-7.992900611617546,112.2934655158832,5.86,53,Kelud,0.14798303427598053,14.8,Aman,10.697141779141502
2022-07-30 10:00:00,-7.910784969069001,112.3036672224124,2.89,1,Kelud,0.5772791798762166,57.73,Aman,5.120338413375903
2022-07-30 10:42:00,-7.956234923304585,112.9425014918082,2.03,2,Bromo,0.004363049965259684,0.44,Aman,3.0
2022-07-31 00:11:00,-8.091139495699084,112.883768045916,2.21,46,Semeru,0.0001,0.01,Aman,3.0
2022-08-01 09:01:00,-7.868934638725936,112.9303367352396,4.86,52,Bromo,0.0014399519801688554,0.14,Aman,7.815193207509678
2022-08-01 19:53:00,-7.953927620832568,112.9700357532791,2.72,30,Bromo,0.0001,0.01,Aman,3.672495644727631
2022-08-02 05:23:00,-8.04342367955421,112.906377108392,4.92,38,Semeru,0.23217559411405056,23.22,Aman,8.856313740975498
2022-08-02 06:14:00,-8.117361451307481,112.9727989391826,5.35,43,Semeru,0.2772490582423884,27.72,Aman,10.074893224505908
2022-08-02 07:27:00,-7.918910755434559,112.2481620553315,3.75,15,Kelud,0.0006521110342825371,0.07,Aman,5.5767635231603085
2022-08-02 18:01:00,-7.90834050262361,112.3412319301635,2.29,39,Kelud,0.0001,0.01,Aman,3.0
2022-08-03 04:37:00,-7.984089151795017,112.2637072048601,5.16,20,Kelud,0.19493530845485096,19.49,Aman,9.264806242218736
2022-08-03 19:56:00,-7.879497798239563,112.2442761486069,5.72,25,Kelud,0.2802483976561345,28.02,Aman,11.004416033445738
2022-08-05 14:48:00,-8.177663801819964,112.9730918690347,3.56,10,Semeru,0.028234950513293382,2.82,Aman,5.284127205545076
2022-08-05 21:36:00,-8.170181557199566,112.9778083073995,3.87,12,Semeru,0.09839801426604355,9.84,Aman,6.09371481534797
2022-08-06 00:00:00,-7.996996362540687,114.1717563019548,5.89,47,Ijen,0.254943551960124,25.49,Aman,11.304609429440555
2022-08-08 09:30:00,-8.086214851812713,114.0202539210509,4.45,63,Raung,0.03901647024767876,3.9,Aman,7.100006600124081
2022-08-09 17:08:00,-8.155137251119788,112.8506161907631,5.94,60,Semeru,0.20988473801523533,20.99,Aman,11.201134325691783
2022-08-09 21:20:00,-7.94909800717353,112.3284818558736,1.28,17,Kelud,0.043192746635412504,4.32,Aman,3.0
2022-08-10 02:43:00,-8.057045933088201,114.1918632911181,3.7,35,Ijen,0.0001,0.01,Aman,5.4787811826375785
2022-08-10 10:34:00,-8.070855651476757,113.9747804397109,2.78,53,Raung,0.0001,0.01,Aman,3.7781565472575767
2022-08-13 06:03:00,-8.084730655806405,114.0398430754537,5.67,64,Raung,0.3920622078897459,39.21,Aman,11.41301664385527
2022-08-14 09:26:00,-7.917574151338895,113.0220523260137,2.27,18,Bromo,0.055847909589868884,5.58,Aman,3.0
2022-08-14 14:30:00,-8.126031294874663,112.9087706092405,3.28,18,Semeru,0.22844259370908732,22.84,Aman,5.21924221370905
2022-08-14 15:49:00,-8.108671293706637,112.9309584983094,5.24,18,Semeru,0.5341573830788697,53.42,Aman,10.912751368323962
2022-08-14 20:10:00,-7.98723910009701,112.9283147758908,4.36,14,Bromo,0.255420883005816,25.54,Aman,7.647685812445139
2022-08-15 09:35:00,-8.010386222332556,112.927772597011,2.49,49,Bromo,0.08484967735027818,8.48,Aman,3.4127454972760156
2022-08-15 17:50:00,-8.097124968019871,112.9147156226993,2.82,6,Semeru,0.2314014765621041,23.14,Aman,4.294094139747653
2022-08-17 06:09:00,-8.125019625269005,114.0528192677192,1.61,9,Raung,0.0070784269998670464,0.71,Aman,3.0
2022-08-18 03:06:00,-8.199811892995513,114.090670518937,4.93,18,Raung,0.1682213107834211,16.82,Aman,8.62530791783067
2022-08-18 16:06:00,-8.128929213526801,114.0502645764166,2.02,12,Raung,0.03950798065665125,3.95,Aman,3.0
2022-08-18 17:09:00,-8.137597858248776,114.0027311574262,5.18,27,Raung,0.3074345060701685,30.74,Aman,9.788768886762686
2022-08-18 19:44:00,-8.10121849981207,114.2705997284793,4.4,15,Ijen,0.17974741507754627,17.97,Aman,7.479363749089324
2022-08-18 19:56:00,-8.124541316007518,114.0303179894498,3.48,2,Raung,0.9600440961628579,96.0,Terdampak,7.487230481042969
2022-08-19 18:15:00,-8.053261801560001,114.2261064092937,3.69,10,Ijen,0.42901936594875784,42.9,Aman,6.630331730443074
2022-08-19 18:50:00,-7.92480970397262,112.9342631103027,3.34,17,Bromo,0.17347360796267203,17.35,Aman,5.211884492890917
2022-08-20 09:41:00,-8.093377630499196,113.9980584376815,5.17,10,Raung,0.36773476091795254,36.77,Aman,10.019377976309947
2022-08-20 19:47:00,-7.951046985957273,113.0182071949095,3.34,15,Bromo,0.1653504299457849,16.54,Aman,5.1924055052537526
2022-08-20 21:50:00,-8.09682600273255,112.971599389014,4.79,27,Semeru,0.3115844682712232,31.16,Aman,8.857597459014478
2022-08-21 14:54:00,-7.932363962057848,112.368924563441,2.57,64,Kelud,0.02661668663481053,2.66,Aman,3.4566441992772217
2022-08-22 17:07:00,-8.095027260376126,114.2626548428565,3.84,68,Ijen,0.00028664786577763097,0.03,Aman,5.750330838258628
2022-08-23 10:16:00,-7.935759847038062,112.322403559174,3.28,17,Kelud,0.0021779091194206535,0.22,Aman,4.689307003973009
2022-08-24 03:35:00,-8.138955700027742,114.0207801494476,2.56,1,Raung,0.5523574780858431,55.24,Aman,4.331351806427843
2022-08-24 12:21:00,-8.129357992528703,114.0287766371204,2.38,0,Raung,0.40300186130725396,40.3,Aman,3.7091479410572
2022-08-24 21:19:00,-8.092105167566435,112.8951640982044,5.33,37,Semeru,0.07346278360369707,7.35,Aman,9.128756454709665
2022-08-26 16:41:00,-8.17841878115968,114.1043535845056,5.46,62,Raung,0.17141169296054928,17.14,Aman,9.864216872780121
2022-08-27 11:34:00,-8.147178297465489,114.0921323191159,2.6,28,Raung,0.0001,0.01,Aman,3.4632757068645876
2022-08-27 17:29:00,-8.152194909173295,112.9456700902269,3.0,8,Semeru,0.09015324910014608,9.02,Aman,4.359189662774182
2022-08-28 10:42:00,-7.870420004616254,113.0082995784332,2.15,37,Bromo,0.00901339952977257,0.9,Aman,3.0
2022-08-30 02:30:00,-8.045404576916992,114.231020198532,3.37,17,Ijen,0.31622080223579113,31.62,Aman,5.619126810477153
2022-08-30 07:19:00,-8.101474590542788,114.1746311040341,3.28,61,Ijen,0.006514017010336518,0.65,Aman,4.69946261552493
2022-08-30 14:11:00,-8.092520136656216,112.9351243128617,1.37,2,Semeru,0.00024177460947709934,0.02,Aman,3.0
2022-08-31 09:11:00,-7.945561844139468,112.9537081003802,1.44,12,Bromo,0.023054469215572276,2.31,Aman,3.0
2022-08-31 11:15:00,-8.105094648352521,114.1083084236129,2.56,48,Raung,0.10085989219721392,10.09,Aman,3.5651601968954916
2022-08-31 18:30:00,-7.939899793010179,112.9661919567065,3.29,16,Bromo,0.1368488128973854,13.68,Aman,5.024564985397008
2022-08-31 23:21:00,-7.927625571676802,112.3097886644732,4.56,5,Kelud,0.7325914882455977,73.26,Terdampak,9.821979220916942
2022-09-01 12:54:00,-7.914582772778076,112.2972084053225,3.9,9,Kelud,0.16412381408262494,16.41,Aman,6.347988005971975
2022-09-01 14:37:00,-8.103611631905009,114.0559746660739,1.06,19,Raung,0.0010228257781846983,0.1,Aman,3.0
2022-09-02 16:32:00,-8.126636829145875,114.0273022734141,3.25,6,Raung,0.2928317762602163,29.28,Aman,5.306284919234896
2022-09-03 05:39:00,-7.969075940458017,112.9019390962545,5.41,22,Bromo,0.1350836779326924,13.51,Aman,9.58387960756899
2022-09-03 09:42:00,-8.037398223899373,114.2723186963029,4.3,32,Ijen,0.08560910797959986,8.56,Aman,6.9456342703186635
2022-09-03 18:57:00,-7.886133179963217,112.9584773200781,5.13,33,Bromo,0.3085006251684166,30.85,Aman,9.670581191124867
2022-09-05 11:59:00,-8.132297152241305,114.0373287993069,1.17,9,Raung,0.07081322306557179,7.08,Aman,3.0
2022-09-05 21:44:00,-7.908689697605761,112.3351883400021,5.09,33,Kelud,0.2158739452801198,21.59,Aman,9.1885751657851
2022-09-06 18:50:00,-8.153370871948999,112.9536839000561,2.44,61,Semeru,0.03235977505819417,3.24,Aman,3.2402414195503235
2022-09-07 01:33:00,-8.092436600566987,114.1705171624073,3.21,36,Ijen,0.1975383614712277,19.75,Aman,5.004526710800192
2022-09-08 03:25:00,-8.103093145457777,112.9198261310507,3.17,16,Semeru,0.05128454045007188,5.13,Aman,4.595925204028779
2022-09-08 17:25:00,-8.153813750024572,112.8775553723563,2.68,63,Semeru,0.008328657402035259,0.83,Aman,3.6172624655205627
2022-09-09 01:19:00,-8.118542077749213,114.3026412469616,5.56,30,Ijen,0.27001306070178493,27.0,Aman,10.558338694139243
2022-09-11 03:46:00,-7.936549112329679,112.9322861660592,2.52,10,Bromo,0.0007798900170094651,0.08,Aman,3.3265190967602676
2022-09-11 03:49:00,-7.870628696602679,112.2819913976342,3.25,41,Kelud,0.07782660212923037,7.78,Aman,4.808699913277947
2022-09-11 05:33:00,-8.094391207937633,112.9006105510407,2.19,18,Semeru,0.012113152347275336,1.21,Aman,3.0
2022-09-12 09:20:00,-8.108108072616927,114.0478629544696,3.23,17,Raung,0.0050164653347831425,0.5,Aman,4.603108659110143
2022-09-13 00:43:00,-8.179155835735658,114.0866218885561,5.63,37,Raung,0.17094163082502845,17.09,Aman,10.263111911038306
2022-09-13 07:09:00,-8.064423680314356,114.043546263203,4.76,51,Raung,0.10972859790338602,10.97,Aman,8.01836151222666
2022-09-13 08:26:00,-7.994216989665819,114.1991440551696,5.41,68,Ijen,0.0017190665534376247,0.17,Aman,8.985237787307133
2022-09-13 11:45:00,-7.903345720611006,112.3776631216812,5.66,8,Kelud,0.32293665284565565,32.29,Aman,11.05780002091725
2022-09-13 14:14:00,-7.924848567368428,113.0107484509235,3.24,38,Bromo,0.0005005084687096792,0.05,Aman,4.611234237588189
2022-09-14 05:31:00,-7.921468827718813,112.951311115038,1.87,12,Bromo,0.04594841226144308,4.59,Aman,3.0
2022-09-15 06:59:00,-7.982364326591037,112.3413739014093,5.27,8,Kelud,0.3532298730215383,35.32,Aman,10.209116435715371
2022-09-15 09:18:00,-7.948943391187611,112.329869523845,2.48,19,Kelud,0.04322385343258448,4.32,Aman,3.327155811742032
2022-09-16 02:11:00,-8.090343867032532,114.2423227503786,4.76,6,Ijen,0.44677772584858966,44.68,Aman,9.299370717833087
2022-09-17 04:14:00,-8.04902204440574,114.2238913721746,2.41,14,Ijen,0.015287979672175224,1.53,Aman,3.1617627183348653
2022-09-17 20:31:00,-8.066639833226299,114.2393860996466,3.73,18,Ijen,0.2666430237066669,26.66,Aman,6.274434841953384
2022-09-18 15:58:00,-8.077297109653422,114.2288738696962,3.81,16,Ijen,0.21278161622557515,21.28,Aman,6.296671366781852
2022-09-18 18:05:00,-7.883442942875972,112.967684257559,4.13,9,Bromo,0.1522324806668338,15.22,Aman,6.801336350586824
2022-09-18 22:58:00,-7.891986321389905,112.3645012818889,2.85,61,Kelud,0.0001,0.01,Aman,3.902294413548721
2022-09-19 00:30:00,-8.04773869110053,112.9195067577013,5.01,58,Semeru,0.2889789041818347,28.9,Aman,9.298241849269214
2022-09-19 14:18:00,-8.06034190914911,114.2289515520057,4.34,36,Ijen,0.3072460549760254,30.72,Aman,7.776793458044424
2022-09-20 16:37:00,-7.879732321317551,112.2819116038522,5.94,22,Kelud,0.481213758701322,48.12,Aman,12.576406417888252
2022-09-21 18:29:00,-7.998923325078577,112.2567807692791,3.79,59,Kelud,0.0001,0.01,Aman,5.652657697920952
2022-09-21 19:10:00,-7.92961647955294,112.943501465718,1.55,14,Bromo,0.02890103809067017,2.89,Aman,3.0
2022-09-21 22:38:00,-7.94044927835537,112.3453890990046,2.33,17,Kelud,0.0001398790887665628,0.01,Aman,3.0032609598711373
2022-09-22 16:40:00,-7.883733370203103,112.2836958436999,3.33,42,Kelud,0.0567687954005059,5.68,Aman,4.912844097590991
2022-09-23 12:20:00,-8.072571182920463,112.9246285691513,4.42,2,Semeru,0.744955479504805,74.5,Terdampak,9.47445548226524
2022-09-24 03:45:00,-7.983455069142816,112.2556303011265,3.75,53,Kelud,0.0001,0.01,Aman,5.575224528619609
2022-09-24 04:29:00,-8.079576202545745,112.9758304402993,3.16,26,Semeru,0.10093199094044018,10.09,Aman,4.6878661807490385
2022-09-24 04:31:00,-8.002278265477655,112.8841178229278,4.16,34,Bromo,0.22514220625633044,22.51,Aman,7.098214279581387
2022-09-24 23:09:00,-8.009698062210962,112.8831607153387,4.2,2,Bromo,0.5198231079366037,51.98,Aman,8.138870458814967
2022-09-25 01:38:00,-8.100834585917342,112.904878263463,4.44,64,Semeru,0.010116964045739004,1.01,Aman,6.978935655507103
2022-09-25 05:37:00,-7.878636641744102,112.9144444028903,2.7,20,Bromo,0.05848649001077274,5.85,Aman,3.74361275908147
2022-09-25 08:22:00,-7.998796951410579,112.9185025824891,4.42,63,Bromo,0.15578330013086364,15.58,Aman,7.440875838971858
2022-09-25 18:11:00,-8.126977198878429,112.9138191987842,2.9,21,Semeru,0.0061953842594549575,0.62,Aman,4.003691707087936
2022-09-26 09:16:00,-7.922010358980248,112.3293638470956,1.77,8,Kelud,0.017303580853716714,1.73,Aman,3.0
2022-09-26 18:22:00,-8.113635995765254,112.9154718093142,2.62,1,Semeru,0.5090526007122593,50.91,Aman,4.388048804081686
2022-09-26 21:50:00,-8.161833074105,112.9791902534413,4.15,24,Semeru,0.0463597455496845,4.64,Aman,6.507505055396609
2022-09-27 08:59:00,-8.12052068206648,114.2641791674071,2.52,7,Ijen,0.05731778971517287,5.73,Aman,3.420519643234701
2022-09-27 15:46:00,-7.936707249502628,112.9648381804317,3.69,14,Bromo,0.3304856752725132,33.05,Aman,6.361370904124924
2022-09-28 13:21:00,-7.923390391156519,112.3067147393035,3.87,6,Kelud,0.5149509886296461,51.5,Aman,7.3033780984809304
2022-09-28 23:20:00,-8.047036225983888,112.9209943137974,4.44,44,Semeru,0.242423899586492,24.24,Aman,7.785483326347048
2022-09-29 14:05:00,-8.188356289583284,114.0657108755384,4.81,43,Raung,0.14162644613111358,14.16,Aman,8.250919021709095
2022-09-30 00:23:00,-8.104436466744449,114.0526299919243,3.1,12,Raung,0.0875159981943052,8.75,Aman,4.543285396227968
2022-09-30 19:39:00,-8.009140832622963,114.1812790104475,2.43,19,Ijen,0.005469832000783092,0.55,Aman,3.180345432550043
2022-10-02 10:07:00,-8.045595230508807,114.2080836608827,5.46,26,Ijen,0.19709723633359416,19.71,Aman,9.980900305566406
2022-10-02 21:18:00,-8.003837694925195,112.9348997433124,3.13,58,Bromo,0.0008813648111799602,0.09,Aman,4.409597834243788
2022-10-03 01:38:00,-7.972056007868172,112.2964058616427,4.71,45,Kelud,0.0001,0.01,Aman,7.4980596908644435
2022-10-05 06:43:00,-8.130804412010754,114.0641363771669,4.41,7,Raung,0.23477977280622328,23.48,Aman,7.690859942127262
2022-10-05 07:42:00,-7.953120543989471,112.9306802578316,3.33,14,Bromo,0.01627001848741988,1.63,Aman,4.816107810283421
2022-10-05 08:56:00,-7.885866609616146,112.9650242144303,4.83,40,Bromo,0.09047261857360626,9.05,Aman,8.097403065746024
2022-10-05 17:27:00,-8.109960666189982,114.0703534888758,5.78,61,Raung,0.29382737917103835,29.38,Aman,11.221138594648451
2022-10-06 12:36:00,-7.974521101312773,113.0135680972796,4.03,55,Bromo,0.008585852795102824,0.86,Aman,6.14832708934619
2022-10-07 06:27:00,-7.861608841845664,112.3284014357798,4.03,44,Kelud,0.1764789377417956,17.65,Aman,6.662251650178469
2022-10-08 12:13:00,-7.941284632866044,112.9418820184221,3.22,16,Bromo,0.10029574519907437,10.03,Aman,4.802452633480983
2022-10-10 00:20:00,-8.058897114579047,114.2336579152858,2.94,16,Ijen,0.0042231708764923406,0.42,Aman,4.071623502706394
2022-10-10 22:32:00,-8.0869727131044,112.9488330641774,2.22,36,Semeru,0.01078525178818489,1.08,Aman,3.0
2022-10-11 06:50:00,-8.042215094401644,112.9837314239681,4.28,10,Semeru,0.019626686000515776,1.96,Aman,6.6852554172114385
2022-10-12 02:13:00,-8.076293102586659,114.2488473489288,5.64,44,Ijen,0.41836447008827965,41.84,Aman,11.459207753997939
2022-10-12 05:59:00,-7.890513580081887,112.9643536042703,4.06,29,Bromo,0.011430214562099783,1.14,Aman,6.216684361122383
2022-10-12 07:47:00,-8.079779462188618,113.9937726831032,5.45,5,Raung,0.4872035821117259,48.72,Aman,11.271891294498632
2022-10-13 17:16:00,-7.936143887003999,112.9029678460786,2.25,64,Bromo,0.0005851992101471525,0.06,Aman,3.0
2022-10-13 17:47:00,-8.116973790511711,112.9163286074816,2.98,1,Semeru,0.6387599651011595,63.88,Aman,5.455706945335713
2022-10-14 14:32:00,-8.110809881148322,114.2643500987013,5.01,13,Ijen,0.257439821866388,25.74,Aman,9.170124453981181
2022-10-15 12:21:00,-7.900538257138138,112.2788685227812,4.13,44,Kelud,0.19711810050081108,19.71,Aman,6.943180784465483
2022-10-17 16:26:00,-7.94971778391883,112.3283157352823,3.78,17,Kelud,0.1485288026519384,14.85,Aman,6.051325639691197
2022-10-17 21:38:00,-8.065189993375833,112.9756686102681,2.33,28,Semeru,0.0001,0.01,Aman,3.0032010804038767
2022-10-17 22:25:00,-8.167472997947385,112.8530095495366,2.06,24,Semeru,0.05486429895170282,5.49,Aman,3.0
2022-10-18 20:43:00,-8.090809008400726,112.9232600563515,2.48,17,Semeru,0.007098570783422134,0.71,Aman,3.2683299303218156
2022-10-19 14:08:00,-8.125155362521882,113.9955150817457,2.46,22,Raung,0.0001,0.01,Aman,3.222829671672053
2022-10-20 05:04:00,-7.914720079490915,112.3071592301241,1.98,6,Kelud,0.01974700464037304,1.97,Aman,3.0
2022-10-20 16:23:00,-8.101429208379397,112.8569357391927,4.3,61,Semeru,0.0001,0.01,Aman,6.660866147406681
2022-10-21 01:45:00,-7.906880854337232,112.2758942092543,3.42,44,Kelud,0.0001,0.01,Aman,4.946017538782948
2022-10-22 11:14:00,-8.122570786398821,114.2446866979007,2.94,36,Ijen,0.0002274785275456098,0.02,Aman,4.063506165718198
2022-10-23 05:41:00,-8.043656145083402,114.309981856797,3.92,40,Ijen,0.001719066553437675,0.17,Aman,5.910783024119711
2022-10-23 12:01:00,-7.915910872880099,112.3148904566563,1.76,2,Kelud,0.00011666597516707263,0.01,Aman,3.0
2022-10-23 23:52:00,-8.142107506692255,114.0803560533978,4.13,2,Raung,0.4512814507319378,45.13,Aman,7.746370239341798
2022-10-24 01:29:00,-8.121155160418517,114.0561073620366,3.76,1,Raung,1.0,100.0,Terdampak,8.391419978738904
2022-10-24 10:02:00,-8.067906799257946,114.0812068707187,2.47,8,Raung,0.0014781979055499108,0.15,Aman,3.2421037407060473
2022-10-24 15:24:00,-7.921503962313334,112.3060490079678,3.15,2,Kelud,0.6533168610033522,65.33,Aman,5.896072852877505
2022-10-25 03:25:00,-8.152981364099514,112.8944518004728,4.47,16,Semeru,0.11432897529864045,11.43,Aman,7.405294693235029
2022-10-26 03:57:00,-8.120793887885586,112.9222441343834,1.12,7,Semeru,0.02584253227339697,2.58,Aman,3.0
2022-10-27 02:13:00,-7.95078845839812,112.347568368999,4.82,22,Kelud,0.11333324662016313,11.33,Aman,8.163927501742709
2022-10-27 17:54:00,-7.893606263718017,113.0073045563935,3.79,33,Bromo,0.0001,0.01,Aman,5.652657697920952
2022-10-28 04:42:00,-7.96173750920122,112.3387032288714,4.82,44,Kelud,0.14310464403667095,14.31,Aman,8.278936116935153
2022-10-28 14:06:00,-7.902126071574,112.3189471343173,4.26,60,Kelud,0.0013075034404452998,0.13,Aman,6.584401525029699
2022-10-28 20:11:00,-8.089423841867532,112.9286179188242,5.48,44,Semeru,0.3455498048689678,34.55,Aman,10.706053010892807
2022-10-28 22:20:00,-8.101825741580274,114.0298962518943,2.8,17,Raung,0.0019279313931146113,0.19,Aman,3.8170151533384065
2022-10-30 21:35:00,-8.161619460961075,112.9794226935545,2.82,52,Semeru,0.0043342550860200404,0.43,Aman,3.857127491069316
2022-10-31 01:24:00,-7.935403511003121,112.298049544251,1.26,4,Kelud,0.01140504541620646,1.14,Aman,3.0
2022-11-01 03:09:00,-7.935504592414176,112.9528861897165,2.15,0,Bromo,0.05166941253205097,5.17,Aman,3.0
2022-11-01 11:38:00,-8.117052597452492,114.0533954225801,2.76,3,Raung,0.303687924799306,30.37,Aman,4.31097452929279
2022-11-01 22:36:00,-7.877175259824345,113.0042268670792,2.97,30,Bromo,0.006560797483271566,0.66,Aman,4.130529341566086
2022-11-01 22:58:00,-8.065541532886488,112.8593202766717,2.61,32,Semeru,0.0001,0.01,Aman,3.4806020666663393
2022-11-02 00:39:00,-7.881431340988989,112.3316822590972,3.84,4,Kelud,0.4060831637405198,40.61,Aman,6.916895751233548
2022-11-02 05:55:00,-7.90078230546335,112.8938020982786,4.36,13,Bromo,0.11064387020359252,11.06,Aman,7.1567756168721655
2022-11-02 06:12:00,-7.984359362288981,112.9520439859276,4.89,43,Bromo,0.11055819706804709,11.06,Aman,8.307471369089344
2022-11-02 11:54:00,-7.929452387323348,112.9440761338204,2.25,19,Bromo,0.0009743474455463537,0.1,Aman,3.0
2022-11-03 08:49:00,-8.079135270271653,114.2218270576321,3.75,2,Ijen,0.3645402248130423,36.45,Aman,6.591091775553921
2022-11-03 11:31:00,-7.899727177962903,112.8918681499543,2.87,58,Bromo,0.043652151898081505,4.37,Aman,4.0236801172529395
2022-11-03 14:05:00,-8.10597548678905,112.9374180560438,3.84,15,Semeru,0.18054415269067345,18.05,Aman,6.268526712798957
2022-11-04 05:19:00,-8.115549121861777,114.0741115353676,3.74,14,Raung,0.18250746841747328,18.25,Aman,6.0625987511201895
2022-11-06 21:47:00,-8.060757472991952,112.8944085830006,5.94,28,Semeru,0.42313099131776094,42.31,Aman,12.282005145152418
2022-11-07 05:51:00,-8.13114692389815,112.9035975786973,2.14,25,Semeru,0.00916233670605942,0.92,Aman,3.0
2022-11-07 17:28:00,-7.931266766346668,112.9322956785745,2.22,14,Bromo,0.08610120273773193,8.61,Aman,3.0
2022-11-07 23:32:00,-8.11071620643595,112.9265391363264,3.76,6,Semeru,0.493788389678572,49.38,Aman,6.9754752386319625
2022-11-08 11:40:00,-8.01289979034584,114.2270579151652,2.98,2,Ijen,0.24693633821159716,24.69,Aman,4.64560109605811
2022-11-08 11:48:00,-8.070935203625691,114.2264665049659,1.38,3,Ijen,0.01528797967217525,1.53,Aman,3.0
2022-11-08 12:53:00,-7.918288466800367,112.3189623747089,2.03,13,Kelud,0.06160075552126216,6.16,Aman,3.0
2022-11-09 02:06:00,-8.18196783965189,113.9736532207642,2.45,45,Raung,0.0001,0.01,Aman,3.2058088527135933
2022-11-09 03:06:00,-8.102253715068072,114.022504571342,2.51,4,Raung,0.05607654458884859,5.61,Aman,3.400831550125326
2022-11-09 04:35:00,-8.169048628337974,112.8850378491462,4.84,40,Semeru,0.12646253458409928,12.65,Aman,8.258985619172895
2022-11-09 21:21:00,-8.102013415378096,112.980625825374,2.3,0,Semeru,0.17214801390034692,17.21,Aman,3.2070490824120745
2022-11-09 22:42:00,-8.079993558505812,114.2516426247713,2.46,7,Ijen,0.032979005952284556,3.3,Aman,3.275808740697654
2022-11-09 23:34:00,-7.920552714165222,112.3001400150644,5.11,64,Kelud,0.048872948141525124,4.89,Aman,8.539495281192949
2022-11-10 01:28:00,-8.187283210113764,114.0517516686566,2.37,68,Raung,0.07654653265860789,7.65,Aman,3.1877519616320336
2022-11-10 17:08:00,-8.114019876998855,114.0473049388875,2.53,15,Raung,0.0011296544526873383,0.11,Aman,3.344274440333775
2022-11-10 17:55:00,-8.13193327164219,114.0575897605576,1.8,3,Raung,0.0007199706691350961,0.07,Aman,3.0
2022-11-10 23:18:00,-8.14680699338719,112.9806221043369,2.17,10,Semeru,0.000522863320341371,0.05,Aman,3.0
2022-11-11 22:46:00,-7.990430514287084,112.9426931005254,3.04,38,Bromo,0.07081322306557174,7.08,Aman,4.393863819013292
2022-11-12 13:19:00,-8.139753771002612,114.0956315070495,3.53,19,Raung,0.0001,0.01,Aman,5.153815071348223
2022-11-12 19:18:00,-8.107953463374733,114.1999741141021,3.53,16,Ijen,0.11120679580894374,11.12,Aman,5.44011269585167
2022-11-12 20:55:00,-8.19332060142468,114.1040439776913,5.04,26,Raung,0.16650108547054296,16.65,Aman,8.86928504516438
2022-11-12 23:32:00,-7.935957170869551,112.3150062720951,1.79,16,Kelud,0.0001,0.01,Aman,3.0
2022-11-15 03:54:00,-8.1211543112609,114.1066390272027,5.61,61,Raung,0.10068086229100782,10.07,Aman,9.88511674780242
2022-11-15 11:40:00,-8.117985224192092,112.9311039228238,2.54,16,Semeru,0.07881667960148604,7.88,Aman,3.49196617871365
2022-11-15 14:09:00,-7.929382061246758,112.3733075246096,4.92,42,Kelud,0.07086892860295117,7.09,Aman,8.216318194906512
2022-11-16 13:32:00,-8.026826222727497,114.3055248960509,2.59,39,Ijen,0.0003419470289023091,0.03,Aman,3.446386177706648
2022-11-17 07:34:00,-8.024923812591537,114.2168237599789,5.93,13,Ijen,0.3951125391173522,39.51,Aman,12.113427103065728
2022-11-19 07:51:00,-8.104272399521797,112.9039177430258,2.51,28,Semeru,0.0794606158828797,7.95,Aman,3.4395097246497204
2022-11-20 01:46:00,-7.860283064033217,112.354036927631,5.79,9,Kelud,0.42466509238242633,42.47,Aman,11.88786589392695
2022-11-20 11:28:00,-8.17717944034121,114.0121011383435,3.03,37,Raung,0.048711311879952236,4.87,Aman,4.3283880243370305
2022-11-20 11:39:00,-8.124670540093032,112.9138574454021,2.34,17,Semeru,0.1077382555333157,10.77,Aman,3.1824918271485463
2022-11-22 21:20:00,-8.108541985080299,114.2474939149075,4.93,63,Ijen,0.0001,0.01,Aman,7.956511764114993
2022-11-23 20:44:00,-7.86563852895318,112.3691903814582,4.29,11,Kelud,0.3260367973841607,32.6,Aman,7.722911623697053
2022-11-24 05:16:00,-7.869554260797477,113.0058840584318,3.28,29,Bromo,0.0016096800331498419,0.16,Aman,4.687976152892307
2022-11-24 14:13:00,-8.099627658005607,112.9210164430378,1.92,3,Semeru,0.00026528151893678007,0.03,Aman,3.0
2022-11-24 15:16:00,-8.12246634880864,112.9202108780856,1.77,7,Semeru,0.0001,0.01,Aman,3.0
2022-11-25 02:48:00,-8.124665354875678,114.0696441315417,2.26,15,Raung,0.025399461640210348,2.54,Aman,3.0
2022-11-25 03:24:00,-8.160814178768735,112.8811450726763,4.31,50,Semeru,0.0011652796340529588,0.12,Aman,6.684569064996233
2022-11-27 08:30:00,-7.884235469610237,112.9505565615559,4.85,3,Bromo,0.4336269336440635,43.36,Aman,9.477379421714627
2022-11-27 09:05:00,-8.103457549038959,114.0001261885584,4.37,33,Raung,0.009593289186551453,0.96,Aman,6.8344574524836466
2022-11-27 10:59:00,-7.944383811796463,112.3799737650861,4.74,62,Kelud,0.14168215166850068,14.17,Aman,8.0953730356468
2022-11-27 11:07:00,-8.120367480033382,114.2513146168687,3.43,5,Ijen,0.16932350601951643,16.93,Aman,5.384888095119889
2022-11-27 13:39:00,-8.138418442032208,113.9817200242912,4.93,67,Raung,0.37377656521178915,37.38,Aman,9.443018432322425
2022-11-28 04:18:00,-7.891893065683884,112.8797505288383,2.16,24,Bromo,0.0001,0.01,Aman,3.0
2022-11-28 14:55:00,-8.110449874575403,114.2814598583423,3.4,28,Ijen,0.028205176707902308,2.82,Aman,4.977422232897566
2022-11-28 17:13:00,-8.135724332353854,114.0507092466919,2.96,17,Raung,0.0001,0.01,Aman,4.099217277617264
2022-11-29 00:56:00,-8.123573326552599,114.0234856837008,1.86,12,Raung,0.0030502458876048577,0.31,Aman,3.0
2022-11-29 06:06:00,-8.140956117705523,113.9911505413963,2.28,50,Raung,0.005469832000783218,0.55,Aman,3.0
2022-11-29 07:00:00,-8.034766600271341,114.248138655177,2.92,64,Ijen,0.0001,0.01,Aman,4.027350436914049
2022-11-29 11:23:00,-8.10842047459957,114.3067442783609,3.2,50,Ijen,0.012548259000649131,1.25,Aman,4.564689899999995
2022-11-30 23:14:00,-7.952835833623189,112.8932600308217,4.53,9,Bromo,0.11672984086240847,11.67,Aman,7.543329860941505
2022-12-01 02:39:00,-7.946245327009402,112.9595738820773,3.93,17,Bromo,0.28650990076739985,28.65,Aman,6.774128117154538
2022-12-01 09:16:00,-7.932298449846623,112.2979928695729,2.92,5,Kelud,0.11825601574997235,11.83,Aman,4.2652663819441345
2022-12-02 10:24:00,-8.0059173123319,112.9073819890463,3.02,57,Bromo,0.0054121558763774984,0.54,Aman,4.2187391505087115
2022-12-02 12:54:00,-8.075977339305965,114.2282243627416,2.29,43,Ijen,0.0019279313931146113,0.19,Aman,3.0
2022-12-03 11:38:00,-8.161257044093702,112.8668213418293,2.12,9,Semeru,0.012265986728782602,1.23,Aman,3.0
2022-12-03 13:01:00,-7.979530469241193,112.2590880749865,3.65,12,Kelud,0.09567806064591892,9.57,Aman,5.639950534282749
2022-12-05 11:48:00,-8.010360375098834,114.2321125926052,3.69,59,Ijen,0.1103299403560852,11.03,Aman,5.7604265167238555
2022-12-05 12:11:00,-8.141732252021846,113.9927001308411,2.21,4,Raung,0.14316272969091967,14.32,Aman,3.0042433482610766
2022-12-06 09:20:00,-7.914666619357855,112.9723418998253,3.01,40,Bromo,0.004971539757101943,0.5,Aman,4.199665116114815
2022-12-07 08:40:00,-8.107668919234092,114.0295253996061,2.57,17,Raung,0.009154033450298136,0.92,Aman,3.4268594949311493
2022-12-07 17:01:00,-7.864903823118958,112.3767159004205,2.68,58,Kelud,0.01528797967217525,1.53,Aman,3.6297971147376904
2022-12-07 23:21:00,-7.935782256217968,112.3288526196673,3.17,16,Kelud,0.009154033450298162,0.92,Aman,4.501531347320686
2022-12-08 13:29:00,-7.922658763934797,112.9668662460881,2.52,11,Bromo,0.003978558284198816,0.4,Aman,3.331837238514939
2022-12-09 14:21:00,-7.990836427963495,112.8846342966832,5.68,12,Bromo,0.28783029181717873,28.78,Aman,10.940738722281935
2022-12-11 03:11:00,-8.07723369596493,114.2380817965378,3.41,6,Ijen,0.25215693505449244,25.22,Aman,5.548164725284327
2022-12-11 19:00:00,-7.939022342498498,113.0037961814771,3.56,33,Bromo,0.264390559043453,26.44,Aman,5.899379533910912
2022-12-12 02:43:00,-8.195214071525887,114.007707726198,4.66,24,Raung,0.0920861925267724,9.21,Aman,7.73483883803764
2022-12-12 18:03:00,-7.929116069076243,112.3136893990525,3.6,10,Kelud,0.28050041861432695,28.05,Aman,6.0282799378298035
2022-12-12 20:31:00,-7.928824120921118,112.9317910738541,2.09,15,Bromo,0.023067318056316722,2.31,Aman,3.0
2022-12-13 01:11:00,-8.13200422972082,114.0352283305678,5.39,6,Raung,1.0,100.0,Terdampak,13.401600076273473
2022-12-13 23:03:00,-7.990837610078869,114.2034229416455,2.39,60,Ijen,0.0001,0.01,Aman,3.1041234552257415
2022-12-14 23:17:00,-8.111676742810255,114.1795428853535,2.61,2,Ijen,0.10566571467623125,10.57,Aman,3.6643090036550894
2022-12-15 00:27:00,-8.116812755931868,114.051960260017,2.41,30,Raung,0.005562289370463441,0.56,Aman,3.1465041918531935
2022-12-15 20:19:00,-8.17799702562909,112.9781728850939,5.76,36,Semeru,0.04051046373314099,4.05,Aman,9.937063360358566
2022-12-16 06:52:00,-8.085473973036196,112.9830150483917,2.31,33,Semeru,0.054864298951704284,5.49,Aman,3.0510457860713562
2022-12-17 11:59:00,-7.969019392441977,112.319758518514,5.99,41,Kelud,0.28623619839236364,28.62,Aman,11.715099193224054
2022-12-17 12:19:00,-8.05719292550835,112.8846537386929,3.44,62,Semeru,0.0063640954536204036,0.64,Aman,4.999260035230389
2022-12-17 13:35:00,-8.054392941748072,112.9668315390026,2.79,37,Semeru,0.0006013424526889302,0.06,Aman,3.796785169415705
2022-12-17 14:40:00,-8.150728270695263,114.1113258305063,4.4,61,Raung,0.06916080971167235,6.92,Aman,7.099908110519872
2022-12-17 21:23:00,-8.152362455965262,112.9605198234528,3.13,35,Semeru,0.001478197905549961,0.15,Aman,4.410913151566755
2022-12-18 01:22:00,-8.156610627784293,112.9064919990321,2.92,9,Semeru,0.07081322306557043,7.08,Aman,4.169736782501132
2022-12-18 01:46:00,-7.941951060576068,112.9692548961832,2.31,18,Bromo,0.03781385459475941,3.78,Aman,3.0257294250676448
2022-12-20 14:51:00,-7.888269173331378,112.3244600727147,3.13,25,Kelud,0.032552613304359865,3.26,Aman,4.479395809885637
2022-12-21 05:50:00,-7.936879583782253,112.9604487393465,1.52,3,Bromo,0.05532519940895479,5.53,Aman,3.0
2022-12-21 09:19:00,-8.066347934740596,114.2327668222108,5.93,11,Ijen,0.9453468433067341,94.53,Terdampak,14.896270507935732
2022-12-21 09:32:00,-8.04520323357718,114.2504364293111,2.8,7,Ijen,0.17340959263670924,17.34,Aman,4.143974025944252
2022-12-22 15:48:00,-8.084687061148209,114.2707420923038,4.3,21,Ijen,0.039140315050832285,3.91,Aman,6.790880803126984
2022-12-23 02:48:00,-8.059843818025794,114.2933151938012,5.35,48,Ijen,0.1964907450828137,19.65,Aman,9.71760626938388
2022-12-23 15:37:00,-8.052665159671639,112.8533254039449,4.29,14,Semeru,0.043624456645008636,4.36,Aman,6.785245654086137
2022-12-23 22:55:00,-7.914596592457943,113.0010542273865,2.26,35,Bromo,0.0001,0.01,Aman,3.0
2022-12-24 00:51:00,-7.961772272389719,112.3075213499101,3.59,38,Kelud,0.048904838076420286,4.89,Aman,5.39652974817806
2022-12-24 09:14:00,-8.062170593597271,114.2864570895154,5.42,36,Ijen,0.14275610058381413,14.28,Aman,9.64143809428523
2022-12-25 07:43:00,-8.200434687869832,114.01238539379,5.66,60,Raung,0.0943418518478384,9.43,Aman,9.969627602543865
2022-12-25 16:43:00,-7.863529530678292,112.2447161187513,5.85,2,Kelud,0.8161124918993281,81.61,Terdampak,13.993380046487312
2022-12-25 17:46:00,-8.005799811976894,112.9504384266205,3.38,31,Bromo,0.006906880933816304,0.69,Aman,4.887524379236827
2022-12-26 00:54:00,-8.08246301775853,112.8726549906327,3.01,68,Semeru,0.05926373958066358,5.93,Aman,4.3133869586222495
2022-12-26 08:11:00,-8.132271730502964,114.0244370428504,2.81,12,Raung,0.01838425457204146,1.84,Aman,3.866269022542958
2022-12-27 11:44:00,-7.87925594506626,112.3212866050442,3.74,42,Kelud,0.015083546067507012,1.51,Aman,5.5975263162100175
2022-12-28 15:13:00,-8.11766209827469,112.9481726654465,2.07,42,Semeru,0.0001,0.01,Aman,3.0
2022-12-29 13:33:00,-8.027597806863978,114.2060597677773,4.05,43,Ijen,0.14162644613112108,14.16,Aman,6.59789280981468
2022-12-29 21:48:00,-7.878120527296293,112.8998450255178,2.21,70,Bromo,0.0001,0.01,Aman,3.0
2022-12-30 01:08:00,-7.951346082211142,112.9624151121951,1.64,5,Bromo,0.0001,0.01,Aman,3.0
2022-12-30 16:40:00,-7.975208220891299,112.3051497317104,5.81,57,Kelud,0.30378583444216317,30.38,Aman,11.345955607394503
2022-12-30 18:34:00,-8.196921154037401,114.0526751866695,3.29,22,Raung,0.0001,0.01,Aman,4.7030151907032245
2022-12-31 22:36:00,-7.921037226607004,112.2969335690573,3.86,18,Kelud,0.12946101877266394,12.95,Aman,6.163156485798707
2023-01-01 01:41:00,-8.062805930203682,114.2334565264673,2.37,10,Ijen,0.03292456021756528,3.29,Aman,3.120786918454716
2023-01-01 20:33:00,-7.933097997868748,112.3045871595133,3.98,2,Kelud,0.8314427464182179,83.14,Terdampak,8.527579607583567
2023-01-02 10:01:00,-7.961737589078757,112.3227400106372,4.52,19,Kelud,0.2692990468882263,26.93,Aman,8.063836254072315
2023-01-02 12:56:00,-7.967316261632204,112.9156216941466,4.76,29,Bromo,0.06568246400289084,6.57,Aman,7.850957124202013
2023-01-02 18:11:00,-8.080182448284257,113.9967946239974,2.16,31,Raung,0.0001,0.01,Aman,3.0
2023-01-02 19:44:00,-8.144631038988072,112.9857949508013,4.03,41,Semeru,0.10063135689150624,10.06,Aman,6.430080475939504
2023-01-03 03:47:00,-8.040347945099462,114.2357970636804,2.94,19,Ijen,0.019654361732385408,1.97,Aman,4.1029723067101544
2023-01-03 15:55:00,-8.069902776836065,114.2482775476614,3.48,7,Ijen,0.3558733581448261,35.59,Aman,5.959021637361624
2023-01-03 17:31:00,-8.125102711609278,112.9074389965364,3.69,11,Semeru,0.41738896596303543,41.74,Aman,6.598585005347304
2023-01-04 14:32:00,-8.079438271716592,113.9956030945789,2.7,8,Raung,0.09755418075495825,9.76,Aman,3.8146621957659033
2023-01-05 09:05:00,-7.939570036555462,112.9548927790628,2.42,31,Bromo,0.0001398790887665628,0.01,Aman,3.15493451336915
2023-01-05 12:01:00,-7.923955189158407,112.9675009307056,2.8,19,Bromo,0.10624601595051546,10.62,Aman,4.0159152752053044
2023-01-05 14:06:00,-8.13952990467762,114.0987329891958,2.29,57,Raung,0.0001,0.01,Aman,3.0
2023-01-06 19:36:00,-7.935361500969635,112.9612523425547,2.46,8,Bromo,0.07331028925824389,7.33,Aman,3.340795919606237
2023-01-07 19:05:00,-8.071178902009141,114.2081478428332,3.79,34,Ijen,0.025519198570519673,2.55,Aman,5.724497120187153
2023-01-07 21:34:00,-8.1662661660408,112.9367299666397,5.23,61,Semeru,0.14282684925334696,14.28,Aman,9.204692384964202
2023-01-08 00:44:00,-7.96931412028455,112.9020300304654,5.05,22,Bromo,0.11476610441658956,11.48,Aman,8.679828350320374
2023-01-08 17:47:00,-8.11110122657799,114.1997444381436,5.06,67,Ijen,0.11719252794523437,11.72,Aman,8.712163733809712
2023-01-09 17:49:00,-7.948414825063804,112.2883310561734,3.57,70,Kelud,0.0001,0.01,Aman,5.229863996675999
2023-01-11 07:54:00,-8.148088708846021,113.9847441417136,2.31,55,Raung,0.07081322306555919,7.08,Aman,3.0747266187836546
2023-01-12 01:06:00,-8.078326049956864,114.2941421156039,2.67,32,Ijen,0.061177170142328256,6.12,Aman,3.6944514831719837
2023-01-12 18:39:00,-7.971774103865976,112.3224092550433,4.32,52,Kelud,0.0001,0.01,Aman,6.701169220424599
2023-01-12 23:59:00,-8.113402675127318,114.059027982777,1.83,13,Raung,0.0005656153057157751,0.06,Aman,3.0
2023-01-13 02:19:00,-8.112552923107694,114.0280420889146,2.62,18,Raung,0.044325842718228925,4.43,Aman,3.5752943428712793
2023-01-13 10:05:00,-8.13033465426592,114.0385095132189,2.86,15,Raung,0.012552205990957042,1.26,Aman,3.94450946289656
2023-01-14 00:55:00,-7.905280155484253,112.9696651653178,4.99,29,Bromo,0.098384969853689,9.84,Aman,8.479805294683292
2023-01-14 02:45:00,-8.179814192476037,114.0249850026129,4.63,61,Raung,0.06584912043512453,6.58,Aman,7.57397543543416
2023-01-14 13:00:00,-8.100048779629471,112.9131802677504,2.71,2,Semeru,0.352642927214186,35.26,Aman,4.2991846605230135
2023-01-15 15:40:00,-7.991493117708663,112.8925628743455,3.48,29,Bromo,0.06634500660921352,6.63,Aman,5.226679338287883
2023-01-16 02:16:00,-8.10704042730679,112.9185943102451,2.55,6,Semeru,0.20513430666142557,20.51,Aman,3.723122148292396
2023-01-16 18:47:00,-8.134721842258031,112.9375979441264,4.87,54,Semeru,0.0009398700996432836,0.09,Aman,7.834146557055023
2023-01-18 10:43:00,-7.940390326146277,112.9697344971878,1.23,5,Bromo,0.0001398790887665376,0.01,Aman,3.0
2023-01-19 06:48:00,-7.94448858918601,112.9587330903261,1.54,10,Bromo,0.001478197905549961,0.15,Aman,3.0
2023-01-20 04:01:00,-7.948820168144801,112.3692116588604,2.86,37,Kelud,0.0001,0.01,Aman,3.9201037137095063
2023-01-21 09:14:00,-8.092002853721429,112.9048746849041,2.7,9,Semeru,0.09645145978659705,9.65,Aman,3.8126567610414606
2023-01-21 12:23:00,-7.996134867449146,114.2745483610056,4.28,45,Ijen,0.10755032417453039,10.76,Aman,6.976295331903684
2023-01-21 15:34:00,-7.923539565359265,112.3247604360756,1.22,14,Kelud,0.025701653648215906,2.57,Aman,3.0
2023-01-23 00:00:00,-7.991553063145576,114.2413569581884,2.52,40,Ijen,0.0001,0.01,Aman,3.325388703988647
2023-01-23 16:00:00,-7.863418455355519,112.2774760930109,4.98,32,Kelud,0.22941530530036472,22.94,Aman,8.985849245838127
2023-01-24 06:55:00,-8.063081449499263,112.9571292415429,5.98,46,Semeru,0.0841481134314265,8.41,Aman,10.656390411696226
2023-01-24 08:09:00,-7.934141856532235,112.319096103741,2.09,19,Kelud,0.0005005084687096792,0.05,Aman,3.0
2023-01-25 10:12:00,-7.963421575316459,112.2780435711628,2.25,40,Kelud,0.0001,0.01,Aman,3.0
2023-01-26 01:17:00,-7.883476615824455,112.2648072326428,4.32,9,Kelud,0.17993658206464927,17.99,Aman,7.303696778265701
2023-01-26 04:12:00,-8.064335716594403,114.29082860947,3.92,55,Ijen,0.04390115224815642,4.39,Aman,6.035340540812402
2023-01-27 08:01:00,-7.942791156721676,112.2944228631602,3.01,8,Kelud,0.11591836176329355,11.59,Aman,4.43205719195428
2023-01-27 17:45:00,-8.12005247618483,114.0419041917966,2.84,17,Raung,0.0005005084687096792,0.05,Aman,3.8852816996410526
2023-01-29 10:43:00,-8.138806428683788,114.0187076031325,5.03,9,Raung,0.5708202977590435,57.08,Aman,10.497360333746858
2023-01-30 10:56:00,-8.09935473862563,114.028763798544,5.53,50,Raung,0.19978976298777007,19.98,Aman,10.160003362999712
2023-01-30 19:04:00,-8.092750037528255,112.9382658308763,3.61,12,Semeru,0.283215376694133,28.32,Aman,6.057260443995188
2023-01-30 20:12:00,-8.078800156401542,114.2364739677538,3.44,17,Ijen,0.16203504297310706,16.2,Aman,5.387145538337273
2023-01-31 04:39:00,-8.118119327093227,112.904650855472,2.95,38,Semeru,0.07657632934817293,7.66,Aman,4.237273767013244
2023-01-31 09:25:00,-7.947420348004572,112.9935676072494,5.94,31,Bromo,0.6751977910195659,67.52,Aman,13.559643763102683
2023-02-01 04:39:00,-7.921547082814932,112.2931591190499,2.52,9,Kelud,0.0010851769966603194,0.11,Aman,3.327026670318392
2023-02-01 19:37:00,-7.909467106458559,112.8991604130075,5.07,6,Bromo,0.1372202538081795,13.72,Aman,8.817178493786457
2023-02-02 00:40:00,-8.02620669453503,114.1745271484799,5.08,38,Ijen,0.10288820289218799,10.29,Aman,8.69779194515893
2023-02-02 14:23:00,-7.923664734107154,112.2390985768657,4.39,26,Kelud,0.0001,0.01,Aman,6.842669915278691
2023-02-03 08:16:00,-7.912781711140471,112.3221911552893,2.36,14,Kelud,0.039411120890818545,3.94,Aman,3.113582598553265
2023-02-03 23:42:00,-8.052030346702354,114.2211558167155,1.91,15,Ijen,0.0005496530198506798,0.05,Aman,3.0
2023-02-04 10:27:00,-8.120705139154689,112.9004886844543,3.37,15,Semeru,0.272797109593911,27.28,Aman,5.513781398114748
2023-02-04 13:59:00,-8.117213273379011,114.0329094217553,2.78,7,Raung,0.0001,0.01,Aman,3.7781565472575767
2023-02-04 18:35:00,-8.113380204995698,114.0248137962789,2.73,11,Raung,0.07768135575695222,7.77,Aman,3.833190367317904
2023-02-05 06:20:00,-7.980185731352319,112.358314769575,4.49,29,Kelud,0.002320409006126555,0.23,Aman,7.053811043170732
2023-02-05 06:27:00,-8.110785502030163,112.9094296978397,3.39,2,Semeru,0.5763651062707734,57.64,Aman,6.2984983588598284
2023-02-06 02:29:00,-8.120512479088323,112.9025896124498,3.67,6,Semeru,0.44069800428813394,44.07,Aman,6.615305939489163
2023-02-07 10:34:00,-8.058409080822006,114.225415024826,2.81,4,Ijen,0.2737974259528847,27.38,Aman,4.355519783503036
2023-02-07 18:50:00,-7.950543674305526,112.9692033850888,3.6,17,Bromo,0.09144216304929957,9.14,Aman,5.5285229196766315
2023-02-07 23:39:00,-8.053575169036726,114.2430186735227,3.29,13,Ijen,0.02016180422270025,2.02,Aman,4.750188317053043
2023-02-08 01:18:00,-8.078564142235265,114.1855264138557,5.69,41,Ijen,0.16137345077148033,16.14,Aman,10.35966622329002
2023-02-09 01:17:00,-8.046046854692253,114.2527912577698,2.52,14,Ijen,0.002508232667391584,0.25,Aman,3.3293926586452747
2023-02-10 22:45:00,-8.159024055786203,113.9736122326543,4.77,36,Raung,0.31423337949698316,31.42,Aman,8.819643898995677
2023-02-11 04:47:00,-7.932885229020457,112.2735876594143,2.79,11,Kelud,0.0042776166112171825,0.43,Aman,3.803762083260366
2023-02-11 19:23:00,-8.098460943534464,114.0862517748038,3.94,23,Raung,0.33883716188306945,33.88,Aman,6.95208508095886
2023-02-12 09:37:00,-8.167381679616671,112.9021302980953,5.9,39,Semeru,0.26717721942961853,26.72,Aman,11.391032438468272
2023-02-13 19:09:00,-7.878880588778923,113.0108810698552,3.28,62,Bromo,0.13471723816866973,13.47,Aman,4.999727771868644
2023-02-15 03:11:00,-7.889048195552096,112.3804496527746,3.77,37,Kelud,0.04363353721613988,4.36,Aman,5.7361008812497865
2023-02-15 18:56:00,-7.945781134066072,112.9671992896642,1.29,14,Bromo,0.0016349376385042436,0.16,Aman,3.0
2023-02-18 03:46:00,-8.010033126132335,114.2995034056087,4.26,63,Ijen,0.08778885916925458,8.78,Aman,6.868929499650543
2023-02-19 09:50:00,-8.095208817395733,112.9389282794756,1.13,4,Semeru,0.04114188417082795,4.11,Aman,3.0
2023-02-20 09:27:00,-7.981118412245611,112.338667397083,5.85,11,Kelud,0.38059971524010633,38.06,Aman,11.82929895369576
2023-02-20 14:11:00,-7.927420289946624,112.9339821657755,3.1,9,Bromo,0.23724024619372694,23.72,Aman,4.869146366867422
2023-02-20 18:01:00,-7.928523760421678,112.2638267605246,2.47,28,Kelud,0.019747004640372788,1.97,Aman,3.2716965520168007
2023-02-20 22:05:00,-7.951837317365761,112.2981249906647,4.01,27,Kelud,0.030970417245282413,3.1,Aman,6.1767679549891215
2023-02-21 09:28:00,-7.903707878009439,112.3393059854614,4.44,10,Kelud,0.2072834628335992,20.73,Aman,7.663479059236513
2023-02-21 16:20:00,-8.10937702111031,114.0226855911975,2.94,3,Raung,0.09121482529635584,9.12,Aman,4.2483489641330925
2023-02-22 05:34:00,-7.991586166926558,112.8920886272204,4.05,1,Bromo,0.40583304467198383,40.58,Aman,7.411856804314039
2023-02-22 13:49:00,-8.044332595586615,114.2417009082493,1.79,11,Ijen,0.054864298951704284,5.49,Aman,3.0
2023-02-22 20:00:00,-7.928297702157872,112.2849076364271,5.8,24,Kelud,0.33181769067925504,33.18,Aman,11.458321108822371
2023-02-23 01:06:00,-7.920230702757982,112.2672198098801,4.87,13,Kelud,0.44188219736443046,44.19,Aman,9.560538672390921
2023-02-23 01:06:00,-8.104939889471673,113.9895042808508,4.92,63,Raung,0.0001,0.01,Aman,7.935537490882558
2023-02-23 07:31:00,-7.99262820924193,112.9738024059729,5.03,60,Bromo,0.32640061309938523,32.64,Aman,9.499328108480174
2023-02-23 08:20:00,-7.899101099656788,112.2454223475867,4.23,60,Kelud,0.09209134132486498,9.21,Aman,6.820137397179123
2023-02-23 09:49:00,-7.886711600500708,112.2715225669001,2.02,53,Kelud,0.0025639382047798836,0.26,Aman,3.0
2023-02-23 16:45:00,-7.922066797072336,112.9520112772907,1.55,10,Bromo,0.0075789354685767505,0.76,Aman,3.0
2023-02-24 02:18:00,-7.955800584571474,112.9374364400462,2.45,5,Bromo,0.003257008505168309,0.33,Aman,3.210868982614078
2023-02-24 09:12:00,-8.104000713094964,114.0902689116643,2.2,21,Raung,0.07628305506635387,7.63,Aman,3.0
2023-02-24 15:19:00,-7.876520426429004,113.0027433580338,2.13,63,Bromo,0.008925368495235368,0.89,Aman,3.0
2023-02-25 00:22:00,-7.946725798797375,112.3556259985178,5.35,56,Kelud,0.002460377309091364,0.25,Aman,8.859186664134102
2023-02-25 00:48:00,-8.032250174400717,114.186938540722,2.06,46,Ijen,0.0001,0.01,Aman,3.0
2023-02-25 11:07:00,-8.059196383930717,114.296994529745,4.03,30,Ijen,0.1196421102929024,11.96,Aman,6.488272825529159
2023-02-25 20:58:00,-8.085315019410393,114.1938006877822,2.34,10,Ijen,0.0001,0.01,Aman,3.0199679143125917
2023-02-26 00:07:00,-8.092512277301235,114.198705738266,2.33,44,Ijen,0.0001,0.01,Aman,3.0032010804038767
2023-02-26 09:47:00,-8.123309770770414,112.9218118516736,2.87,16,Semeru,0.07122802264788651,7.12,Aman,4.077973350447675
2023-02-27 15:21:00,-8.056820996274942,114.2382523018741,1.7,13,Ijen,0.02550058524449466,2.55,Aman,3.0
2023-02-27 16:09:00,-8.139471744259279,112.8579194690643,4.68,53,Semeru,0.12852745538454144,12.85,Aman,7.913504793175244
2023-02-27 19:50:00,-8.124345274630736,112.9828503068154,3.48,25,Semeru,0.00016010074803646322,0.02,Aman,5.059269114504006
2023-02-28 03:40:00,-8.086843592160676,112.9495770774506,5.95,13,Semeru,0.910307999244922,91.03,Terdampak,14.783627554528707
2023-02-28 05:52:00,-8.083556219241332,114.0337075023191,3.02,52,Raung,0.081202481295139,8.12,Aman,4.3781775044336175
2023-02-28 21:48:00,-7.948537839911605,112.9551366039225,1.07,5,Bromo,0.025500585244497456,2.55,Aman,3.0
2023-03-01 02:48:00,-8.109648246476196,114.2161752269457,5.44,29,Ijen,0.05997604082286681,6.0,Aman,9.313453340810756
2023-03-02 04:26:00,-7.92710068451753,112.2944560078736,2.64,16,Kelud,0.028901038090671176,2.89,Aman,3.583570671662254
2023-03-02 15:41:00,-8.082638320599505,112.9744294127431,4.79,8,Semeru,0.4925094258072416,49.25,Aman,9.550871040897407
2023-03-04 03:00:00,-7.997439911934482,112.8914132757279,4.61,9,Bromo,0.3675130614870192,36.75,Aman,8.631247914985135
2023-03-04 09:38:00,-8.104469481163887,114.0239220646352,3.83,7,Raung,0.12336897536785044,12.34,Aman,6.083505122355499
2023-03-04 21:28:00,-8.114408285752258,114.0382641183164,3.04,1,Raung,0.5207344257319715,52.07,Aman,5.348509304073653
2023-03-04 23:09:00,-8.14851808077555,112.9726490918752,2.89,19,Semeru,0.001729165134185173,0.17,Aman,3.976880276471917
2023-03-05 08:04:00,-8.129859588972066,114.0164649877049,5.3,16,Raung,0.7284469773127475,72.84,Terdampak,11.92460915188133
2023-03-05 16:17:00,-7.992308647627647,114.2373666362328,3.51,54,Ijen,0.012262510241595604,1.23,Aman,5.146996723957898
2023-03-07 13:27:00,-8.110408340292818,112.8584880336243,3.59,28,Semeru,0.024172687606289666,2.42,Aman,5.331388711235721
2023-03-08 18:33:00,-8.174648006520812,114.0675160050529,5.83,60,Raung,0.19349258300143848,19.35,Aman,10.851138226758145
2023-03-09 05:06:00,-8.112410645318084,114.0364503794798,1.06,1,Raung,0.040898888229489186,4.09,Aman,3.0
2023-03-09 20:43:00,-8.089477750900244,112.9766029792157,5.02,0,Semeru,1.0,100.0,Terdampak,12.218167970496001
2023-03-10 01:06:00,-7.931605779340077,112.3508741582732,3.54,20,Kelud,0.02606703859129767,2.61,Aman,5.239961018802074
2023-03-11 02:49:00,-8.035598509073113,114.3003815897669,2.84,53,Ijen,0.009154033450298136,0.92,Aman,3.9020881848711357
2023-03-11 05:51:00,-8.196036552458587,114.0655301280697,3.56,9,Raung,0.1416264461311286,14.16,Aman,5.579544206775635
2023-03-11 07:09:00,-8.135383703254382,114.0405821254522,3.47,12,Raung,0.2239713821282655,22.4,Aman,5.604379244865873
2023-03-12 08:11:00,-7.987653728293147,112.9763633219851,5.86,27,Bromo,0.6746706651294188,67.47,Aman,13.320091854004843
2023-03-12 19:14:00,-7.938036923844946,112.3818013519415,4.91,7,Kelud,0.1743657702653296,17.44,Aman,8.60416136542093
2023-03-13 01:38:00,-7.868214729289993,112.3605573979041,4.72,37,Kelud,0.12363369452650293,12.36,Aman,7.983148537516216
2023-03-13 07:31:00,-8.164689331140766,114.0971342104754,5.96,53,Raung,0.21315963986581024,21.32,Aman,11.266859630223143
2023-03-13 22:34:00,-8.098431467979625,114.2084712934678,3.82,33,Ijen,0.2333701621990963,23.34,Aman,6.376951086306344
2023-03-15 01:53:00,-7.910460093867668,112.2945565542785,3.34,39,Kelud,0.006761826495422523,0.68,Aman,4.81211771153771
2023-03-15 06:06:00,-8.151280558943151,114.028040861678,2.61,11,Raung,0.0001,0.01,Aman,3.4806020666663393
2023-03-15 11:01:00,-8.048148891756885,114.3053810807538,5.45,35,Ijen,0.10678838509802822,10.68,Aman,9.547867262709076
2023-03-16 09:57:00,-8.122427834456511,112.9287468413189,3.33,4,Semeru,0.16622696990398425,16.62,Aman,5.174298349398513
2023-03-17 19:13:00,-8.115659534834489,114.2911969176499,3.74,34,Ijen,0.25169897562513444,25.17,Aman,6.254799855242621
2023-03-18 13:10:00,-8.090412003902934,114.0060032368373,2.14,42,Raung,0.009154033450298162,0.92,Aman,3.0
2023-03-20 08:18:00,-8.098922813056854,112.9255101838941,3.78,15,Semeru,0.24490895613465397,24.49,Aman,6.322780084801473
2023-03-21 03:50:00,-8.104544001503893,114.0565187014035,2.79,11,Raung,0.05100117048899388,5.1,Aman,3.8924350700574513
2023-03-22 08:15:00,-7.920166508660455,112.2967004275749,1.83,2,Kelud,0.054864298951704284,5.49,Aman,3.0
2023-03-22 22:18:00,-7.989450741624658,114.1790614214465,2.74,11,Ijen,0.1224815868877502,12.25,Aman,3.9345010659850264
2023-03-23 15:57:00,-8.126658541522616,112.8543241049793,5.89,38,Semeru,0.12412099191108711,12.41,Aman,10.648762437338089
2023-03-23 23:28:00,-8.065927097975289,112.8932907248148,3.32,52,Semeru,0.040095351733431435,4.01,Aman,4.854002319009526
2023-03-24 19:09:00,-7.86972251220103,112.3373213369606,4.92,2,Kelud,0.6980837702647505,69.81,Aman,10.704837214378125
2023-03-25 00:44:00,-7.91541003766745,112.9393866372464,5.72,4,Bromo,1.0,100.0,Terdampak,14.477917464725117
2023-03-25 04:57:00,-8.127293641160804,114.1689858204592,2.14,56,Ijen,0.002973243446357372,0.3,Aman,3.0
2023-03-25 07:23:00,-8.098075409852836,112.9244165516508,2.92,14,Semeru,0.04455022266520556,4.46,Aman,4.116854273558038
2023-03-25 10:20:00,-7.980451654232278,112.9987116493757,2.29,42,Bromo,0.07080193235878593,7.08,Aman,3.04014776598044
2023-03-26 02:01:00,-8.050656883530568,114.187290421014,2.19,23,Ijen,0.06449606699579229,6.45,Aman,3.0
2023-03-28 00:34:00,-7.894859428274992,112.3616848059838,5.78,10,Kelud,0.3546796696104196,35.47,Aman,11.51882097084751
2023-03-29 16:27:00,-8.131205829675501,112.8862455824826,4.52,41,Semeru,0.0057359166415167605,0.57,Aman,7.127278365047264
2023-03-29 21:42:00,-8.148957343591915,112.8582272639055,2.21,11,Semeru,0.011832235321821845,1.18,Aman,3.0
2023-04-02 07:59:00,-8.12429269620722,112.8563779390882,3.23,51,Semeru,0.014253947960564185,1.43,Aman,4.624316034210683
2023-04-02 10:50:00,-8.121672853823087,114.0306470709587,3.24,8,Raung,0.24335599340193734,24.34,Aman,5.1710259108067005
2023-04-02 11:46:00,-8.091708464334888,112.9594008539992,4.91,6,Semeru,0.9977463109879403,99.77,Terdampak,11.862352390319373
2023-04-02 12:26:00,-8.07249702285416,114.0777670064169,4.0,63,Raung,0.02612166402007836,2.61,Aman,6.142052343841695
2023-04-02 13:15:00,-8.042996743667837,114.2307932666195,5.02,0,Ijen,1.0,100.0,Terdampak,12.218167970496001
2023-04-02 17:51:00,-8.097513310905015,112.9184892911559,2.18,4,Semeru,0.1446233685723534,14.46,Aman,3.0
2023-04-02 18:19:00,-7.887505866898461,112.3071757593362,2.52,19,Kelud,0.0001398790887665628,0.01,Aman,3.325455007409131
2023-04-04 07:29:00,-7.882283591185645,112.368564412069,2.06,31,Kelud,0.0001,0.01,Aman,3.0
2023-04-05 03:12:00,-7.945605799500154,112.9594138657089,2.0,4,Bromo,0.0001,0.01,Aman,3.0
2023-04-05 03:42:00,-8.17292921400069,113.97490295597,3.5,19,Raung,0.009154033450298136,0.92,Aman,5.120020449468178
2023-04-06 19:30:00,-8.058074712995344,114.2224275209119,5.73,43,Ijen,0.5904989472382869,59.05,Aman,12.530096999567316
2023-04-06 20:44:00,-8.048704554224923,114.2543771839848,3.6,18,Ijen,0.10972859790339645,10.97,Aman,5.576861322715542
2023-04-08 08:02:00,-8.051674954177736,112.9626374357545,4.43,42,Semeru,0.07854575183877965,7.85,Aman,7.195391633022502
2023-04-08 23:50:00,-8.061946675926189,113.9922455597234,4.74,57,Raung,0.12318050127676652,12.32,Aman,8.025438399650733
2023-04-09 11:51:00,-8.078351607508205,112.8665510701054,3.89,23,Semeru,0.25653998393278776,25.65,Aman,6.59701572524802
2023-04-10 08:18:00,-7.938919939935706,112.9158639285236,3.49,57,Bromo,0.007679046298837686,0.77,Aman,5.097266563323001
2023-04-10 23:02:00,-8.110893405956103,112.9315253187775,3.42,50,Semeru,0.001439941338270041,0.14,Aman,4.94933105978691
2023-04-11 01:07:00,-8.082079532904707,114.2867897720882,5.78,28,Ijen,0.29397652906868166,29.4,Aman,11.22186821872044
2023-04-14 16:15:00,-8.117733114063924,113.9945547938077,3.3,46,Raung,0.0001,0.01,Aman,4.721607000049477
2023-04-15 13:45:00,-8.074442116637725,114.1062152480909,2.22,48,Raung,0.0001398790887665628,0.01,Aman,3.0
2023-04-15 22:55:00,-7.978592035549783,112.3322146473859,4.05,47,Kelud,0.11085825235607993,11.09,Aman,6.503102588650732
2023-04-18 03:27:00,-8.101766464167529,112.9089980480212,1.96,13,Semeru,0.009154033450298162,0.92,Aman,3.0
2023-04-18 10:51:00,-8.009857797573462,112.9870533399455,4.39,47,Bromo,0.0001,0.01,Aman,6.842669915278691
2023-04-18 13:07:00,-8.068141226477042,114.2425508540174,1.03,6,Ijen,0.019747004640370523,1.97,Aman,3.0
2023-04-19 05:41:00,-7.88526722418021,112.3617796322017,2.57,23,Kelud,0.04250388276345697,4.25,Aman,3.483741767703964
2023-04-19 06:42:00,-7.977206508536895,112.9178956487119,5.46,43,Bromo,0.14149949396918093,14.15,Aman,9.728332729322128
2023-04-20 04:21:00,-7.934586010131069,112.9404097602859,3.54,7,Bromo,0.28716538787610013,28.72,Aman,5.9152324418430355
2023-04-20 04:46:00,-8.111853268283905,114.270279253947,5.11,18,Ijen,0.3226175283434289,32.26,Aman,9.68043501247629
2023-04-20 16:47:00,-8.13788323625607,114.0214934213549,2.35,12,Raung,0.07025738078387601,7.03,Aman,3.14327636456819
2023-04-20 21:00:00,-7.94043808936457,112.9678143232667,2.5,0,Bromo,0.41108678072201527,41.11,Aman,3.9673896640599833
2023-04-21 20:00:00,-8.114241583302606,114.2940027048282,5.56,26,Ijen,0.3792442173472063,37.92,Aman,11.066397245775235
2023-04-22 16:25:00,-7.960050251546686,112.8976381966184,2.47,38,Bromo,0.0023204090061263788,0.23,Aman,3.2434680002630594
2023-04-23 14:19:00,-8.046072354841218,114.248171840611,3.65,4,Ijen,0.358687409373746,35.87,Aman,6.347769041683488
2023-04-23 18:53:00,-8.127077170647365,112.9319389967006,3.02,14,Semeru,0.0015900329470218556,0.16,Aman,4.210698638939616
2023-04-25 14:27:00,-7.931279556055966,112.9452119115866,2.67,57,Bromo,0.05721055892530134,5.72,Aman,3.687341733992635
2023-04-26 01:40:00,-8.120234749179927,112.917393099545,1.18,6,Semeru,0.011832235321821946,1.18,Aman,3.0
2023-04-26 05:02:00,-8.104997417141918,112.9260853404047,2.19,15,Semeru,0.0040419657721893435,0.4,Aman,3.0
2023-04-26 08:01:00,-7.98939019546385,112.303197950293,5.23,4,Kelud,0.5617237901597538,56.17,Aman,11.004099314828617
2023-04-29 00:47:00,-8.139044507940543,112.9495055798942,5.25,41,Semeru,0.15447574680191736,15.45,Aman,9.300765792408763
2023-04-29 06:41:00,-8.123412627988104,112.9294656607069,1.55,16,Semeru,0.015287979672175224,1.53,Aman,3.0
2023-04-29 10:02:00,-8.093465054504543,114.2552310201333,2.13,15,Ijen,0.033017017587242854,3.3,Aman,3.0
2023-04-30 00:16:00,-7.870801278032162,112.373018854719,4.52,60,Kelud,0.21570647996252879,21.57,Aman,7.873397852083455
2023-05-01 03:48:00,-7.921085923241636,112.9573253569097,2.08,1,Bromo,0.13357331161779773,13.36,Aman,3.0
2023-05-01 07:36:00,-8.09363417205896,114.2612043963876,2.72,26,Ijen,0.009978314820052469,1.0,Aman,3.6906337718982174
2023-05-02 18:37:00,-8.105325745722418,112.9229582516212,2.46,2,Semeru,0.3478606421472796,34.79,Aman,3.783188311816035
2023-05-02 21:18:00,-8.086749902043652,114.2936958738063,3.78,36,Ijen,0.005565818513193307,0.56,Aman,5.648670776336451
2023-05-04 14:14:00,-7.936238276582847,112.3002155825124,1.36,18,Kelud,0.029074354453332823,2.91,Aman,3.0
2023-05-04 14:20:00,-7.959772835551831,112.9859702775955,5.98,64,Bromo,0.3968551692478337,39.69,Aman,12.255282759987749
2023-05-05 00:49:00,-7.960833648023222,112.3155913079938,2.89,0,Kelud,0.29376006892125656,29.38,Aman,4.557064629889788
2023-05-06 14:16:00,-8.084295716091082,112.9511707459142,3.38,38,Semeru,0.12812559621257513,12.81,Aman,5.182734601381776
2023-05-06 15:32:00,-7.992340021824019,114.2999677906675,4.42,52,Ijen,0.06043566577199176,6.04,Aman,7.111775085310307
2023-05-06 20:24:00,-8.024709080058711,114.2836992235907,5.73,7,Ijen,0.3455507284294494,34.56,Aman,11.34529630902156
2023-05-07 10:28:00,-8.196157080318539,114.0099014243416,5.15,32,Raung,0.09416179897720724,9.42,Aman,8.817178544067405
2023-05-07 18:42:00,-8.093714241447858,114.0111143649537,4.32,67,Raung,0.07223532784747635,7.22,Aman,6.942852655591213
2023-05-08 07:46:00,-7.918230056552371,112.3108764103947,1.82,12,Kelud,0.08062339916768198,8.06,Aman,3.0
2023-05-09 02:33:00,-8.071852085607173,114.2522587353169,2.69,18,Ijen,0.054830080259471385,5.48,Aman,3.718980344093363
2023-05-09 07:35:00,-7.893546912916058,112.9766211475651,5.44,24,Bromo,0.1154498698954174,11.54,Aman,9.564258645564172
2023-05-09 22:59:00,-7.9198013057418,112.2736845338885,4.11,12,Kelud,0.4151745315249599,41.52,Aman,7.584254415794314
2023-05-10 19:10:00,-7.998278529635376,114.213136519281,5.23,31,Ijen,0.04312956101153115,4.31,Aman,8.776434324729056
2023-05-10 20:38:00,-7.959492874403963,112.9615027816912,2.62,6,Bromo,0.14168215166850212,14.17,Aman,3.7455594999021757
2023-05-11 00:45:00,-8.100295685715748,114.0327752056878,3.11,5,Raung,0.10972859790339312,10.97,Aman,4.610893592686346
2023-05-11 07:58:00,-8.015710835960865,114.2109197957987,5.37,4,Ijen,0.6477142271092802,64.77,Aman,11.77084619007436
2023-05-12 10:44:00,-8.094442580098644,114.0510456464759,4.82,54,Raung,0.3161774524797903,31.62,Aman,8.947526299251338
2023-05-12 11:29:00,-8.009409976570982,112.9017607249276,3.96,57,Bromo,0.05901616308331193,5.9,Aman,6.160748810285096
2023-05-13 15:16:00,-8.13811605225733,114.0266634810732,1.79,8,Raung,0.002508232667391584,0.25,Aman,3.0
2023-05-15 06:17:00,-7.885945967096621,112.2933962835747,4.82,56,Kelud,0.10791747707767521,10.79,Aman,8.143006073481581
2023-05-16 08:06:00,-7.933367215480911,112.2977817957221,3.64,19,Kelud,0.047039666514808176,4.7,Aman,5.489440237562459
2023-05-16 08:27:00,-7.878219402965875,112.3771104134181,2.22,16,Kelud,0.11058021298639344,11.06,Aman,3.0
2023-05-16 12:56:00,-8.070409153704173,114.2153838074425,2.21,52,Ijen,0.001478197905549961,0.15,Aman,3.0
2023-05-17 09:16:00,-8.070202356392434,114.241252319556,4.7,45,Ijen,0.35868133524324786,35.87,Aman,8.817926814936477
2023-05-17 10:07:00,-8.064148311859558,114.2277372353614,3.54,2,Ijen,0.8356997068829003,83.57,Terdampak,7.3338915455759714
2023-05-17 17:07:00,-8.040147993549533,114.2200826006775,2.75,16,Ijen,0.03589223683122326,3.59,Aman,3.7919036413925995
2023-05-18 17:57:00,-8.073028166174094,114.2305476902215,2.7,10,Ijen,0.26730396814836194,26.73,Aman,4.123373218656313
2023-05-18 22:58:00,-7.936031600416379,112.9631313622139,3.99,19,Bromo,0.39319628468199597,39.32,Aman,7.231245211014241
2023-05-20 01:08:00,-8.120792794620368,114.2923585053747,5.68,38,Ijen,0.3257567750256746,32.58,Aman,11.122108706289614
2023-05-20 09:33:00,-8.195113117183508,114.0884234420292,4.53,54,Raung,0.2020994032091443,20.21,Aman,7.8475589394162855
2023-05-20 11:19:00,-8.094922704749186,114.1939056132155,5.63,11,Ijen,0.5433863102136772,54.34,Aman,12.023841619733345
2023-05-20 16:34:00,-8.149918770671853,112.9245388778269,5.92,32,Semeru,0.15198599216184186,15.2,Aman,10.859945934263497
2023-05-22 08:24:00,-7.938488305056209,112.9547295661516,3.09,7,Bromo,0.06562606834358758,6.56,Aman,4.476800418099527
2023-05-22 17:01:00,-8.070124052553412,114.2480491798203,4.82,11,Ijen,0.7295206287492472,72.95,Terdampak,10.544294688619518
2023-05-22 19:08:00,-8.040651455485301,114.2963227459289,3.59,10,Ijen,0.0021645687180708237,0.22,Aman,5.273422393779407
2023-05-23 04:19:00,-7.946449297259931,112.2924159019079,3.94,4,Kelud,0.4503799236378608,45.04,Aman,7.283640771334539
2023-05-23 16:20:00,-8.084307042169975,113.9926203612561,2.61,54,Raung,0.0001,0.01,Aman,3.4806020666663393
2023-05-23 19:51:00,-7.91669860703499,112.2964255373329,1.18,17,Kelud,0.005469832000783218,0.55,Aman,3.0
2023-05-24 03:17:00,-7.943710003596709,112.3170208888265,3.48,34,Kelud,0.02762875913566871,2.76,Aman,5.128749220094272
2023-05-25 10:09:00,-8.160213457619216,112.879094566072,5.66,61,Semeru,0.1258762173618695,12.59,Aman,10.119739620111584
2023-05-25 18:15:00,-8.041969716431538,114.2960810482613,2.93,69,Ijen,0.0010349142653834854,0.1,Aman,4.047180529938947
2023-05-25 21:59:00,-8.102166159761861,114.0255040388698,5.8,52,Raung,0.3757716222993485,37.58,Aman,11.674306374099068
2023-05-26 03:17:00,-7.979434006109526,112.8941803206075,5.57,25,Bromo,0.17411106768212822,17.41,Aman,10.135927254456611
2023-05-27 09:31:00,-8.090111676490695,114.176983588999,5.84,55,Ijen,0.2365284841116849,23.65,Aman,11.08871290054824
2023-05-27 13:46:00,-7.931854312032678,112.879864994265,4.62,50,Bromo,0.06645501107026296,6.65,Aman,7.554931434735611
2023-05-27 19:40:00,-8.144692701963503,113.9823981511619,5.75,21,Raung,0.47938909103121546,47.94,Aman,12.04711035075305
2023-05-28 11:22:00,-7.917291594924634,112.3010338914632,1.7,2,Kelud,0.027678494363918612,2.77,Aman,3.0
2023-05-28 15:49:00,-7.915481398606932,112.3234420827194,1.89,17,Kelud,0.0007987521726413903,0.08,Aman,3.0
2023-05-29 08:16:00,-8.15555291551463,112.9405418649607,2.14,33,Semeru,0.008198530965597518,0.82,Aman,3.0
2023-05-29 09:18:00,-8.15815555334945,112.8551665690534,5.09,12,Semeru,0.21598021403813886,21.6,Aman,9.18901583095602
2023-05-29 13:23:00,-8.167982609946439,112.9627581650362,2.48,14,Semeru,0.08759111812564777,8.76,Aman,3.3994028160664134
2023-05-31 02:11:00,-8.088156861167198,114.245016777476,3.09,3,Ijen,0.46382193609854694,46.38,Aman,5.3398043540831575
2023-05-31 21:05:00,-8.067088866106308,114.2354886544614,3.48,58,Ijen,0.0001,0.01,Aman,5.0591170937441765
2023-06-01 06:18:00,-7.886161128257364,112.9519481926507,3.57,31,Bromo,0.22131501608104248,22.13,Aman,5.808297299074052
2023-06-01 22:21:00,-8.12308109912742,114.0534101314993,2.86,13,Raung,0.02892414146339151,2.89,Aman,3.976597701007706
2023-06-02 07:21:00,-8.013560890505863,114.2595333597331,5.92,35,Ijen,0.32399421007417656,32.4,Aman,11.727981299540394
2023-06-03 11:47:00,-7.982372891989708,112.9505698071172,2.67,57,Bromo,0.0021131644876865676,0.21,Aman,3.5885852304044934
2023-06-04 15:23:00,-8.003633178016965,112.9430824820572,5.12,47,Bromo,0.008111003222009527,0.81,Aman,8.390902397375182
2023-06-04 20:17:00,-8.047504739488765,114.2590764477649,3.7,1,Ijen,0.5834163315961333,58.34,Aman,7.076632560605717
2023-06-05 02:11:00,-8.068760807996084,114.2578789329176,2.88,17,Ijen,0.07494741262858441,7.49,Aman,4.103810826432683
2023-06-05 20:47:00,-7.956692374405145,112.3636869272235,5.6,21,Kelud,0.10798448792437276,10.8,Aman,9.896505039370584
2023-06-06 01:21:00,-8.09899087269711,114.2375696190164,4.89,27,Ijen,0.109728597903384,10.97,Aman,8.304205943232889
2023-06-06 12:56:00,-8.152287653996005,114.0243533525709,4.32,53,Raung,0.11331710582900549,11.33,Aman,7.080493746601732
2023-06-07 04:20:00,-7.934186750604621,112.9562886139061,2.75,19,Bromo,0.0018204631785591204,0.18,Aman,3.7284440533825136
2023-06-07 08:40:00,-8.105276754812243,114.0974048293024,2.86,26,Raung,0.0001,0.01,Aman,3.9201037137095063
2023-06-07 15:26:00,-8.065958952306707,114.228754625913,3.53,70,Ijen,0.1310801444325034,13.11,Aman,5.491321917217731
2023-06-07 17:39:00,-7.956805276478421,112.9363148077081,3.06,13,Bromo,0.049638015300704885,4.96,Aman,4.3861656178484205
2023-06-08 17:25:00,-8.17016318418077,114.0021711760669,5.01,47,Raung,0.1745510063486752,17.46,Aman,8.833415255012554
2023-06-09 09:40:00,-7.901578937688655,112.9953617120858,4.53,60,Bromo,0.01096688686892746,1.1,Aman,7.166425433347966
2023-06-10 02:38:00,-8.133929257613483,112.8776848006062,2.5,5,Semeru,0.00023907219986382737,0.02,Aman,3.2913488988224087
2023-06-10 06:07:00,-8.137018935621425,114.0365070428752,3.02,2,Raung,0.5514421218062792,55.14,Aman,5.367409755635639
2023-06-10 23:24:00,-8.089302540068383,112.9000212127889,5.34,58,Semeru,0.04568009308435484,4.57,Aman,9.028411753101292
2023-06-11 00:36:00,-7.906640012695973,112.9665310443364,3.33,59,Bromo,0.001478197905549961,0.15,Aman,4.780775735720264
2023-06-11 14:42:00,-8.131476593977396,112.9212269538379,2.99,10,Semeru,0.07650175573348851,7.65,Aman,4.31196127440565
2023-06-11 18:04:00,-8.009654510256118,112.9580363505543,5.05,25,Bromo,0.11065533957827227,11.07,Aman,8.662956161424113
2023-06-12 02:01:00,-7.945366591242352,112.902883301644,2.95,14,Bromo,0.10972859790339333,10.97,Aman,4.304921286577386
2023-06-13 19:43:00,-8.061728434137786,112.9132255540662,4.33,19,Semeru,0.22873033089579412,22.87,Aman,7.4896546553938546
2023-06-14 03:45:00,-7.935391057351108,112.9672623940201,1.95,1,Bromo,0.08582470191666687,8.58,Aman,3.0
2023-06-14 17:57:00,-8.12627702035104,112.9275626777691,1.92,17,Semeru,0.0262488942253952,2.62,Aman,3.0
2023-06-15 05:06:00,-7.931699903049408,112.9566041762951,1.28,3,Bromo,0.0016469455532661715,0.16,Aman,3.0
2023-06-15 06:21:00,-7.953559179922196,112.9604410624079,3.43,3,Bromo,0.4861336985882548,48.61,Aman,6.1713025831583055
2023-06-15 17:22:00,-8.047371591609558,114.2387350956738,2.85,19,Ijen,0.01415685399973437,1.42,Aman,3.9297200336853306
2023-06-17 14:49:00,-8.002380501041412,112.9776328475195,3.55,40,Bromo,0.0001,0.01,Aman,5.191807400526542
2023-06-18 05:14:00,-8.135981606844304,114.0321582804713,3.51,16,Raung,0.25670786936367923,25.67,Aman,5.772242911363646
2023-06-18 06:21:00,-8.072909550168616,114.2259879041021,2.34,10,Ijen,0.0006013424526889302,0.06,Aman,3.0207248955241326
2023-06-20 18:19:00,-7.994123523581534,114.1710226154198,3.75,47,Ijen,0.26938525200144803,26.94,Aman,6.325849868429611
2023-06-22 00:54:00,-7.958246115594838,112.9944353289299,5.68,70,Bromo,0.33095042327948776,33.1,Aman,11.14694549106497
2023-06-22 19:14:00,-8.167254090446093,112.9274865831368,2.65,10,Semeru,0.004223170876493046,0.42,Aman,3.557424724775275
2023-06-22 19:27:00,-8.200403856572178,114.0826182357347,3.01,26,Raung,0.054891521819066084,5.49,Aman,4.30422879849412
2023-06-23 12:10:00,-8.11947662086569,114.0314814620501,3.89,11,Raung,0.305726366895619,30.57,Aman,6.740812575374445
2023-06-25 10:18:00,-8.117878443129959,114.0527513472421,3.8,12,Raung,0.24135570055329356,24.14,Aman,6.356227954222532
2023-06-25 21:05:00,-8.119315668604392,114.0320740760339,5.01,33,Raung,0.32843861218372195,32.84,Aman,9.45853424324138
2023-06-26 11:03:00,-7.934455333337961,112.3014499649091,2.85,6,Kelud,0.009629646513272121,0.96,Aman,3.920887227083962
2023-06-26 22:04:00,-8.049733845222484,114.2263648659714,3.03,31,Ijen,0.057791862435632065,5.78,Aman,4.347572838738005
2023-06-27 20:04:00,-7.900326864107259,112.3484974280847,3.31,18,Kelud,0.0001,0.01,Aman,4.740215718747493
2023-06-28 01:57:00,-8.0578073814888,114.2937494258785,2.98,69,Ijen,0.0001,0.01,Aman,4.135260351711316
2023-06-30 08:13:00,-7.923298056103848,112.3234647914798,1.05,12,Kelud,0.009154033450298136,0.92,Aman,3.0
2023-06-30 15:21:00,-8.069533882230461,114.1919755447683,2.29,64,Ijen,0.023956517526370978,2.4,Aman,3.0
2023-06-30 20:15:00,-8.098837037871379,112.9387630256722,4.1,21,Semeru,0.27517619656897474,27.52,Aman,7.122034177513132
2023-07-01 03:12:00,-8.040336971682844,112.8901110041826,3.32,18,Semeru,0.21617742373610946,21.62,Aman,5.272954690579207
2023-07-01 16:35:00,-8.068332820178993,114.2418587140553,1.13,3,Ijen,0.0001,0.01,Aman,3.0
2023-07-02 01:39:00,-7.904814749656783,112.3659911326598,4.05,57,Kelud,0.0204074429125996,2.04,Aman,6.224442999651373
2023-07-02 03:56:00,-8.173445336217059,114.0361043811759,2.35,31,Raung,0.0001,0.01,Aman,3.0367562580032423
2023-07-02 10:41:00,-7.897726800059544,112.2778857443992,4.75,23,Kelud,0.18413032889456596,18.41,Aman,8.278473184653455
2023-07-02 17:31:00,-8.109573857135437,112.9135144767498,3.77,13,Semeru,0.36615034776904926,36.62,Aman,6.641345842022201
2023-07-03 21:10:00,-8.0428484234336,114.2535272359965,3.2,2,Ijen,0.3865842271823835,38.66,Aman,5.413046305149598
2023-07-04 01:26:00,-8.086789953394556,112.8555360662833,4.36,26,Semeru,0.001888531333164166,0.19,Aman,6.78800778804964
2023-07-04 10:11:00,-8.160592990281195,112.8567757425087,5.81,63,Semeru,0.1929272701191421,19.29,Aman,10.799986302998182
2023-07-05 22:46:00,-7.975515659943204,112.9999582689253,2.79,66,Bromo,0.02550058524449922,2.55,Aman,3.8440394992792073
2023-07-06 07:29:00,-8.077559400849289,112.9761535369862,5.23,5,Semeru,0.6813231571893643,68.13,Aman,11.517848423081384
2023-07-10 13:44:00,-8.111263608486322,112.9204409497237,3.84,14,Semeru,0.3805071386322344,38.05,Aman,6.84337098614192
2023-07-10 18:08:00,-8.074371794648885,114.2454027097925,2.69,19,Ijen,0.00028002235849105503,0.03,Aman,3.6202516973542207
2023-07-11 11:24:00,-7.951800333962264,112.939114632715,3.09,15,Bromo,0.08500776552690416,8.5,Aman,4.518806079910006
2023-07-11 21:27:00,-7.931839109862218,112.3282736588067,2.13,14,Kelud,0.0004143467986558278,0.04,Aman,3.0
2023-07-12 06:31:00,-8.091893174518697,112.9310553404775,5.18,23,Semeru,0.5254930189275001,52.55,Aman,10.71383279671822
2023-07-12 15:30:00,-7.923145553520517,112.9128517293119,3.31,67,Bromo,0.004223170876493121,0.42,Aman,4.749987589853854
2023-07-12 18:10:00,-8.18103729972954,114.0579560510015,3.66,31,Raung,0.09514813951655171,9.51,Aman,5.658615058359137
2023-07-13 06:51:00,-8.170406756697941,114.0184222439677,5.2,59,Raung,0.03949400928074588,3.95,Aman,8.69554456161286
2023-07-13 12:01:00,-8.067740671272176,114.2381057883665,3.66,2,Ijen,0.7264431933882156,72.64,Terdampak,7.363628479954292
2023-07-14 07:53:00,-8.0762690600608,114.2341727875626,1.08,8,Ijen,0.007078426999865913,0.71,Aman,3.0
2023-07-14 21:06:00,-8.127444051096008,114.2042318817372,5.17,13,Ijen,0.09049421570564971,9.05,Aman,8.846198505918853
2023-07-14 23:47:00,-7.924494324804962,112.9505318997192,1.94,17,Bromo,0.03736245864312202,3.74,Aman,3.0
2023-07-15 01:12:00,-7.886206775838631,112.2452839688067,4.04,52,Kelud,0.09642029039451228,9.64,Aman,6.437898619758775
2023-07-15 04:20:00,-7.979563301402837,112.9419219397912,2.33,43,Bromo,0.06796228492281123,6.8,Aman,3.1050980292558648
2023-07-15 13:43:00,-7.918873302678998,112.2689520154163,4.91,4,Kelud,0.4775869748551331,47.76,Aman,9.804035006454942
2023-07-17 00:08:00,-7.940691818139473,112.9494765668848,3.61,2,Bromo,0.8068454904888231,80.68,Terdampak,7.44642591999407
2023-07-17 00:49:00,-8.17663629799947,114.0708438919175,2.02,43,Raung,0.0019279313931146113,0.19,Aman,3.0
2023-07-18 06:46:00,-8.031288115499581,114.2007773567569,5.5,42,Ijen,0.2065831321232113,20.66,Aman,10.11956384267843
2023-07-18 08:44:00,-8.083308683306212,114.0001541681124,4.13,4,Raung,0.36944655236966367,36.94,Aman,7.487761248920157
2023-07-18 10:43:00,-8.123441860696698,112.9049224966833,2.34,9,Semeru,0.0038548352991601767,0.39,Aman,3.025637371903208
2023-07-18 13:50:00,-7.989047088141844,114.2683510705637,4.83,11,Ijen,0.1346940702375392,13.47,Aman,8.268693957142437
2023-07-18 23:58:00,-7.875243417807907,112.9937494488744,5.94,20,Bromo,0.24490575630304773,24.49,Aman,11.378643642497423
2023-07-19 16:50:00,-8.051027329343592,114.227364815996,2.36,9,Ijen,0.05124227353200873,5.12,Aman,3.1316452984214243
2023-07-20 00:46:00,-8.079684547964725,112.8644453877518,5.13,14,Semeru,0.26959487387147757,26.96,Aman,9.507600413638047
2023-07-20 03:03:00,-8.096175991371618,112.9585608476703,3.28,42,Semeru,0.021845097764255438,2.18,Aman,4.735369586643918
2023-07-20 09:51:00,-8.052527439365395,114.2361444404345,3.1,3,Ijen,0.2802674922680202,28.03,Aman,4.962791186307531
2023-07-21 01:47:00,-7.863232686898913,112.3232010548482,5.59,5,Kelud,0.6601827296969053,66.02,Aman,12.459965052326021
2023-07-21 04:26:00,-7.905814572497405,112.3076251625591,3.89,9,Kelud,0.15387176681156084,15.39,Aman,6.29686423329374
2023-07-21 11:03:00,-7.880052814788327,112.3362878532149,2.19,34,Kelud,0.0001,0.01,Aman,3.0
2023-07-21 23:21:00,-8.105190240437596,112.9698554053785,5.64,17,Semeru,0.49352988662356306,49.35,Aman,11.815372482121886
2023-07-22 11:29:00,-8.077619013028752,112.9554101688871,5.95,31,Semeru,0.5570534044012323,55.71,Aman,12.98918368004876
2023-07-23 04:25:00,-8.178540668848735,114.0455098153603,2.12,48,Raung,0.00013987908876658797,0.01,Aman,3.0
2023-07-23 04:47:00,-7.882895652459474,112.3477741069565,5.82,32,Kelud,0.33275441853665644,33.28,Aman,11.514336175885115
2023-07-23 21:23:00,-7.934835017911292,112.954428715455,2.56,2,Bromo,0.1525661101326865,15.26,Aman,3.652905672355426
2023-07-24 09:19:00,-8.070874006103674,114.228098919449,1.99,14,Ijen,0.0091540334502965,0.92,Aman,3.0
2023-07-24 10:00:00,-8.044628070880387,114.2910706082781,2.26,39,Ijen,0.0141032174002582,1.41,Aman,3.0
2023-07-25 13:56:00,-8.112065361803769,114.0276573547146,3.12,8,Raung,0.17013794469913113,17.01,Aman,4.762755828715009
2023-07-25 20:53:00,-7.977390609844084,113.0124600983847,3.79,54,Bromo,0.008585852795102824,0.86,Aman,5.676640309353211
2023-07-26 01:33:00,-8.118057957185927,112.9142487823772,1.05,14,Semeru,0.0003419470289023091,0.03,Aman,3.0
2023-07-26 08:39:00,-8.123134154689016,112.9228433382913,3.62,32,Semeru,0.08716180441816827,8.72,Aman,5.557087876256257
2023-07-26 08:41:00,-7.893316336730768,112.2647588985071,3.89,26,Kelud,0.08572773619603397,8.57,Aman,6.097644523138671
2023-07-26 10:34:00,-7.917147068015832,112.3227311538783,3.04,13,Kelud,0.11312896395228328,11.31,Aman,4.483649609825281
2023-07-26 17:45:00,-7.991129726013341,112.2970810711294,4.89,22,Kelud,0.2857706243700137,28.58,Aman,8.99713357567611
2023-07-27 14:39:00,-7.995557152942983,112.253809861331,4.5,57,Kelud,0.0001,0.01,Aman,7.0663961707924585
2023-07-27 23:48:00,-8.200824569956701,114.0129990669001,3.49,8,Raung,0.07146062639151289,7.15,Aman,5.259200671347711
2023-07-28 20:14:00,-7.927206733656733,112.9272605911843,2.83,29,Bromo,0.0001,0.01,Aman,3.866732069788882
2023-07-29 02:24:00,-7.883550321161729,112.3144462318726,2.49,57,Kelud,0.0001,0.01,Aman,3.2740165122010105
2023-07-29 06:21:00,-7.963422601941877,112.8870058515354,3.4,26,Bromo,0.004223170876493121,0.42,Aman,4.918567946168799
2023-07-29 10:17:00,-8.003189153103905,114.2320448826874,2.28,40,Ijen,0.0001,0.01,Aman,3.0
2023-07-30 01:40:00,-7.999484688447965,112.3377979503851,4.3,28,Kelud,0.12340570579678665,12.34,Aman,7.071507016125197
2023-07-30 07:09:00,-7.987295231994938,112.3090229720368,5.05,7,Kelud,0.4133231543342527,41.33,Aman,9.90522341441341
2023-07-30 07:45:00,-8.052768922422455,114.2371898427254,1.24,4,Ijen,0.02550058524449466,2.55,Aman,3.0
2023-07-30 12:21:00,-7.926025987701423,112.3481396093341,2.25,16,Kelud,0.03459146216082243,3.46,Aman,3.0
2023-07-31 03:11:00,-7.942640015316868,112.9504872732749,3.97,8,Bromo,0.29546163991022456,29.55,Aman,6.890769181179451
2023-07-31 04:43:00,-8.103725636486445,113.9764383969917,5.47,7,Raung,0.5542111789376695,55.42,Aman,11.630819874495154
2023-07-31 09:35:00,-8.181593425719417,114.0732216643603,4.37,10,Raung,0.196490745082799,19.65,Aman,7.4700799524062
2023-07-31 21:39:00,-8.105905153303304,112.9056417213709,2.77,12,Semeru,0.06777705182823933,6.78,Aman,3.887741811709233
2023-07-31 22:52:00,-7.946752300181931,112.2847639513593,2.34,43,Kelud,0.0001398790887665628,0.01,Aman,3.020028128086166
2023-08-04 05:57:00,-7.99009740573159,114.2240381986261,3.8,11,Ijen,0.14392921693123073,14.39,Aman,6.079937609710374
2023-08-05 11:12:00,-8.09891544718624,112.8594848250778,2.24,53,Semeru,0.009699818754735986,0.97,Aman,3.0
2023-08-06 13:52:00,-8.117155941603192,112.9217062974576,1.78,4,Semeru,0.07115040517151835,7.12,Aman,3.0
2023-08-06 22:47:00,-7.926545915117581,112.3029736656933,3.23,5,Kelud,0.3357703417527052,33.58,Aman,5.362452065459362
2023-08-06 23:37:00,-7.97515812017552,112.3415292383154,4.79,45,Kelud,0.2736605562932144,27.37,Aman,8.712279495953617
2023-08-06 23:38:00,-8.105546881467296,112.937424197963,2.8,13,Semeru,0.040344934246334535,4.03,Aman,3.89026368528458
2023-08-07 02:13:00,-8.143428109112403,114.0394680190786,4.02,31,Raung,0.0394471125256573,3.94,Aman,6.222663563372224
2023-08-09 10:47:00,-8.015423864388666,114.2782089557524,5.97,36,Ijen,0.29655672906562247,29.66,Aman,11.716929384903297
2023-08-11 06:49:00,-8.133397015562148,114.0252554615343,1.9,1,Raung,0.0008568220320167028,0.09,Aman,3.0
2023-08-11 07:02:00,-8.107079584083735,112.9565490954753,4.18,43,Semeru,0.11043594677036787,11.04,Aman,6.7744079529483034
2023-08-12 01:47:00,-7.940948332475025,112.3010954011631,3.57,3,Kelud,0.5107535514766411,51.08,Aman,6.565121545619761
2023-08-12 18:39:00,-8.181523401528487,114.0527444360527,5.5,19,Raung,0.10570505483454945,10.57,Aman,9.656929043840377
2023-08-13 07:06:00,-7.963266833400588,112.9309655107158,5.45,22,Bromo,0.2861082296721581,28.61,Aman,10.36053648268095
2023-08-13 18:21:00,-7.93110027689236,112.3434603320241,2.02,62,Kelud,0.05786311046193314,5.79,Aman,3.0
2023-08-14 13:18:00,-8.116229660204892,112.9664812562412,5.0,15,Semeru,0.39631909836992796,39.63,Aman,9.709025886385191
2023-08-14 22:09:00,-8.146725174165093,112.9854759529362,2.4,55,Semeru,0.008969365071832429,0.9,Aman,3.134858429065417
2023-08-15 09:08:00,-7.955597039184743,112.9420444805212,2.35,6,Bromo,0.0003201409948486452,0.03,Aman,3.037090498563089
2023-08-15 15:31:00,-7.91281967684753,112.3297765655583,3.49,57,Kelud,0.05779186243562945,5.78,Aman,5.224497249203258
2023-08-15 18:56:00,-8.128644964084296,112.857978097647,4.32,20,Semeru,0.1531085409954643,15.31,Aman,7.21381165099351
2023-08-16 09:44:00,-8.169047833837798,112.8699828891009,2.94,17,Semeru,0.0001,0.01,Aman,4.063247190282534
2023-08-17 06:48:00,-8.083533926883288,114.0571646000208,4.81,2,Raung,0.9213417868865416,92.13,Terdampak,11.254882737313816
2023-08-17 16:16:00,-7.923778269960352,112.9585830435084,2.84,9,Bromo,0.0008595332767186486,0.09,Aman,3.8859789814014767
2023-08-17 20:20:00,-8.117874738178859,112.9103496591753,1.59,7,Semeru,0.043119569877185356,4.31,Aman,3.0
2023-08-17 21:29:00,-8.12014370576885,112.920391153361,2.67,21,Semeru,0.03281850409393828,3.28,Aman,3.643621444220981
2023-08-18 04:52:00,-7.890683715987935,112.342805763248,3.4,0,Kelud,0.5177965263019054,51.78,Aman,6.178929307472236
2023-08-18 10:59:00,-7.871888131331882,112.2498041244827,5.17,39,Kelud,0.28323755627964414,28.32,Aman,9.661817051333452
2023-08-19 02:40:00,-8.009296768133684,112.926836342637,3.43,45,Bromo,0.01731264684099747,1.73,Aman,5.007553196176519
2023-08-19 07:45:00,-8.106097922985844,112.9173083720025,1.34,18,Semeru,0.00028002235849105503,0.03,Aman,3.0
2023-08-19 07:47:00,-7.903931676780297,113.0075188496709,3.83,7,Bromo,0.06659015333699765,6.66,Aman,5.920832379806754
2023-08-20 02:40:00,-7.947584242105604,112.2927724100215,5.16,21,Kelud,0.3616512172222518,36.17,Aman,9.968512901032618
2023-08-20 18:48:00,-7.89596757539308,112.9853582956438,3.0,34,Bromo,0.003769085861748672,0.38,Aman,4.179028255193977
2023-08-21 17:56:00,-8.131239971117195,112.9859486197,3.32,50,Semeru,0.0001,0.01,Aman,4.758841311020992
2023-08-21 22:15:00,-8.0283634183437,114.2409770045739,3.79,22,Ijen,0.10972859790339297,10.97,Aman,5.96248867529753
2023-08-23 04:38:00,-8.14057548143029,112.9760027282937,5.61,32,Semeru,0.11231250778532234,11.23,Aman,9.939851465362015
2023-08-24 01:48:00,-7.924762433122462,112.9442025355494,2.2,16,Bromo,0.004218578648580023,0.42,Aman,3.0
2023-08-24 15:45:00,-7.875997934795366,112.2446750101532,4.55,18,Kelud,0.2886738562197996,28.87,Aman,8.202924770677127
2023-08-25 11:04:00,-8.12278056598787,112.9051837243731,4.0,3,Semeru,0.6253601804729684,62.54,Aman,7.958603837199214
2023-08-25 13:46:00,-7.948479348577058,113.0154141386437,2.65,25,Bromo,0.07073819980906908,7.07,Aman,3.675486531430473
2023-08-26 20:50:00,-8.146798403726404,112.9375583862857,3.7,52,Semeru,0.0001,0.01,Aman,5.4787811826375785
2023-08-28 12:24:00,-8.07886492480125,114.2317599758633,3.29,13,Ijen,0.14162644613111383,14.16,Aman,5.035799064529968
2023-08-28 15:21:00,-8.088957980713607,112.9838048291502,4.93,66,Semeru,0.15180719157124767,15.18,Aman,8.560011616341122
2023-08-29 00:45:00,-7.937917995673694,112.2971958591695,3.68,17,Kelud,0.0910934353459853,9.11,Aman,5.6878168991136855
2023-08-29 12:27:00,-8.080571987045134,113.9680335399013,5.93,29,Raung,0.10280219177612912,10.28,Aman,10.635049771662915
2023-08-29 13:37:00,-8.113529572589318,114.2023942179873,3.0,38,Ijen,0.001478197905549961,0.15,Aman,4.1742504164869185
2023-08-29 23:28:00,-8.113086310825505,112.9164627779619,3.33,16,Semeru,0.21711938017836735,21.71,Aman,5.295861102580986
2023-08-30 15:28:00,-8.121779308605296,112.9054612893897,2.93,9,Semeru,0.2168758332571784,21.69,Aman,4.483728217678026
2023-08-30 16:07:00,-8.028245104298929,114.2891524971837,3.46,0,Ijen,0.45759975033478556,45.76,Aman,6.169927871242567
2023-08-30 17:04:00,-8.033614856982908,114.2207976076214,3.34,28,Ijen,0.0011296544526873383,0.11,Aman,4.79861203563565
2023-09-01 03:49:00,-7.915965597145406,112.9189100887898,2.21,64,Bromo,0.0001,0.01,Aman,3.0
2023-09-02 02:55:00,-7.882593363289142,112.941728971007,2.97,13,Bromo,0.0006013424526889302,0.06,Aman,4.1182617322843535
2023-09-02 09:05:00,-8.0435382151659,112.9821663959665,4.88,45,Semeru,0.017242737343282733,1.72,Aman,7.91906547060608
2023-09-02 09:29:00,-8.044502883555326,112.9643019762156,2.76,13,Semeru,0.07848590623047477,7.85,Aman,3.8895458472458797
2023-09-04 08:28:00,-7.942775752681698,112.3119909941517,3.47,1,Kelud,0.7165430905501798,71.65,Terdampak,6.84565360723925
2023-09-04 09:50:00,-8.091673135596247,112.9210423854274,3.43,10,Semeru,0.20198918545502098,20.2,Aman,5.465973755153146
2023-09-04 13:53:00,-8.006428465301763,112.957571268445,3.36,55,Bromo,0.04250388276345694,4.25,Aman,4.935986414866343
2023-09-04 23:55:00,-7.98603707747391,112.9695787543388,4.94,37,Bromo,0.3048444707841494,30.48,Aman,9.19298735573838
2023-09-05 00:02:00,-8.169883056981202,112.8520255584627,3.63,45,Semeru,0.0001,0.01,Aman,5.344416876451259
2023-09-05 02:59:00,-8.120521150096739,113.9687432121937,3.95,10,Raung,0.07100468195755784,7.1,Aman,6.176284735223741
2023-09-05 13:27:00,-8.067393295627957,114.0094319425791,5.28,18,Raung,0.17743813321072396,17.74,Aman,9.469780836176971
2023-09-05 18:16:00,-7.958817518568557,112.302005849796,5.65,26,Kelud,0.22468154390765147,22.47,Aman,10.565762356900224
2023-09-06 00:08:00,-8.070984033972547,112.9276738871569,5.53,50,Semeru,0.5217830748770067,52.18,Aman,11.647169630750113
2023-09-06 04:09:00,-7.929489174697716,112.9404130186434,1.89,4,Bromo,0.042800453106901115,4.28,Aman,3.0
2023-09-06 16:29:00,-8.091891542325243,112.9104977000266,3.01,4,Semeru,0.1568267723834944,15.68,Aman,4.517745004290097
2023-09-07 02:48:00,-8.116440865170155,112.9295468483948,2.45,3,Semeru,0.1424484843858064,14.24,Aman,3.433968460440397
2023-09-07 11:12:00,-8.110185860752212,112.9381550410808,4.79,25,Semeru,0.283341954444008,28.33,Aman,8.749376962577584
2023-09-08 05:24:00,-8.105868585809777,114.0497739646609,1.47,16,Raung,0.0005005084687096792,0.05,Aman,3.0
2023-09-08 15:44:00,-7.953108116697713,112.9688514545096,2.68,16,Bromo,0.1571514791971364,15.72,Aman,3.885311823531845
2023-09-09 03:26:00,-8.127717695159207,114.0639856169581,4.23,19,Raung,0.2249849620296472,22.5,Aman,7.253365495069558
2023-09-09 08:01:00,-7.975973742793712,113.0199667711377,3.95,38,Bromo,0.04250388276345289,4.25,Aman,6.091287799901586
2023-09-09 10:00:00,-8.116630846295099,112.9157900552392,3.17,10,Semeru,0.24930218902949175,24.93,Aman,5.039585887860087
2023-09-10 01:14:00,-8.173133363895317,113.9916130181271,4.96,20,Raung,0.1841303288945648,18.41,Aman,8.75739085431932
2023-09-10 03:07:00,-8.152343742552777,112.975942668403,5.81,51,Semeru,0.20857259467424438,20.86,Aman,10.877038238647595
2023-09-10 19:25:00,-7.989125792582779,112.340131977984,2.77,55,Kelud,0.00035445895085375103,0.04,Aman,3.760976871963188
2023-09-11 00:01:00,-8.1283654965939,114.027117852202,2.97,9,Raung,0.14069901514866515,14.07,Aman,4.406654463011305
2023-09-11 08:01:00,-8.041278441507204,114.2244628474143,2.29,55,Ijen,0.003257008505168309,0.33,Aman,3.0
2023-09-11 16:14:00,-8.136081623872638,114.0583202398284,2.64,14,Raung,0.06788492756719088,6.79,Aman,3.6524264316883057
2023-09-13 08:14:00,-7.990750499941494,114.235999456013,4.26,44,Ijen,0.0001,0.01,Aman,6.580428778472222
2023-09-14 04:36:00,-8.073230885653992,114.2333873168821,2.81,10,Ijen,0.13673520354682178,13.67,Aman,4.092973430672012
2023-09-14 06:39:00,-8.139349446243015,114.067638376584,5.67,53,Raung,0.11680702490326236,11.68,Aman,10.099718028806475
2023-09-14 17:41:00,-7.942030598767865,112.2718832975855,4.96,38,Kelud,0.006541239877698599,0.65,Aman,8.045337620403407
2023-09-15 04:23:00,-8.102972859905464,114.3105391457039,4.16,46,Ijen,0.006258105109201447,0.63,Aman,6.399972950120528
2023-09-16 13:08:00,-8.069535760266332,112.9843737123966,2.9,60,Semeru,0.01452115977927251,1.45,Aman,4.020307156742195
2023-09-17 17:45:00,-8.001030286469513,112.3082173440433,5.48,20,Kelud,0.38469793112017686,38.47,Aman,10.884741143650654
2023-09-17 20:50:00,-8.127827087809788,112.9278492052643,3.63,9,Semeru,0.07557268845854465,7.56,Aman,5.546085547972179
2023-09-17 22:53:00,-8.122823922074229,112.9428988173651,4.38,39,Semeru,0.02420253884377539,2.42,Aman,6.904628447120631
2023-09-18 04:01:00,-8.067267177004444,114.3072187898002,3.51,52,Ijen,0.1416264461311157,14.16,Aman,5.477885835509113
2023-09-18 11:28:00,-8.13458112514338,114.1019186004407,2.09,16,Raung,0.02550058524449466,2.55,Aman,3.0
2023-09-18 14:37:00,-7.95089035301153,112.2860438727606,3.33,17,Kelud,0.00785403730837453,0.79,Aman,4.796005208788604
2023-09-18 22:42:00,-7.992854813720615,114.304588624011,3.74,29,Ijen,0.12234793008034839,12.23,Aman,5.895486772229652
2023-09-19 01:33:00,-7.93519133072628,112.2969650972955,2.11,2,Kelud,0.030796552439181994,3.08,Aman,3.0
2023-09-19 23:16:00,-7.913623786495513,112.3191316657571,3.38,5,Kelud,0.14238982224177898,14.24,Aman,5.217473010588007
2023-09-20 14:49:00,-8.0919243735594,112.9445481635108,4.25,44,Semeru,0.21623774972317253,21.62,Aman,7.269289440377332
2023-09-22 04:56:00,-8.04759782213999,114.2468491988804,3.59,11,Ijen,0.16125895558498635,16.13,Aman,5.692454832739092
2023-09-22 06:58:00,-7.889786242464448,112.3733278139252,3.05,1,Kelud,0.39882632436141235,39.88,Aman,5.111620480768855
2023-09-22 08:17:00,-8.080946556398919,114.0607347513885,6.03,499,Raung,0.2310184900085356,23.1,Aman,11.531496717691601
2023-09-23 11:59:00,-8.189561259947165,113.9681109169951,3.84,15,Raung,0.001719066553437675,0.17,Aman,5.754448688748575
2023-09-23 22:33:00,-7.964736297353748,112.9478467986654,3.16,31,Bromo,0.0006423985800590938,0.06,Aman,4.464087310069419
2023-09-23 23:25:00,-8.000328175675955,112.9987535452062,3.62,25,Bromo,0.1532752223132297,15.33,Aman,5.733115471368812
2023-09-24 01:31:00,-8.011018530230556,112.8795169216987,2.11,49,Bromo,0.02550058524449922,2.55,Aman,3.0
2023-09-24 15:02:00,-8.077213699264796,114.0961518040749,2.64,40,Raung,0.0001,0.01,Aman,3.532700494419758
2023-09-25 02:44:00,-8.102949595529338,114.054174475978,2.31,7,Raung,0.005016465334782714,0.5,Aman,3.0
2023-09-25 12:07:00,-8.11027492214739,112.9018935354634,3.7,4,Semeru,0.4360011389819888,43.6,Aman,6.672824959321147
2023-09-25 15:20:00,-8.113815739990246,114.2794305779331,5.13,11,Ijen,0.4201554696461678,42.02,Aman,10.138316493915067
2023-09-25 16:25:00,-7.944094846129069,113.002913430839,4.69,0,Bromo,0.6937733154726271,69.38,Aman,10.04282156210899
2023-09-25 18:35:00,-7.95634288503753,112.9490653359312,2.15,16,Bromo,0.109728597903398,10.97,Aman,3.0
2023-09-27 03:29:00,-8.128705676487652,114.0322799073334,2.83,20,Raung,0.01238223678682479,1.24,Aman,3.89047694198145
2023-09-27 04:50:00,-8.055855677408962,112.9515778555585,3.81,24,Semeru,0.09320884278606179,9.32,Aman,5.956416163447533
2023-09-27 11:02:00,-8.133902872075476,114.0323504529577,2.56,1,Raung,0.5425168410066871,54.25,Aman,4.3146522408085435
2023-09-27 16:07:00,-7.908549554978082,112.9496954997622,2.18,47,Bromo,0.03778758542751074,3.78,Aman,3.0
2023-09-29 12:39:00,-8.109136058591616,114.0502192014228,1.48,18,Raung,0.03005564942591484,3.01,Aman,3.0
2023-09-30 03:11:00,-8.090387583449242,112.9299068428859,1.04,8,Semeru,0.002508232667391584,0.25,Aman,3.0
2023-09-30 06:57:00,-7.964371486481253,112.8907791989941,4.01,69,Bromo,0.0023724314660131265,0.24,Aman,6.089793215899511
2023-09-30 08:10:00,-8.062843313432436,114.0322796839189,4.8,14,Raung,0.11471416073576125,11.47,Aman,8.125222947280307
2023-09-30 11:48:00,-7.958102859170921,112.931334522648,2.36,4,Bromo,0.04949848418641673,4.95,Aman,3.1289830435644403
2023-09-30 14:25:00,-8.100908580246303,114.0909665740156,5.54,43,Raung,0.3710417514315037,37.1,Aman,10.976702657490025
2023-09-30 19:43:00,-8.014009680000504,114.2323313605326,2.71,64,Ijen,0.014475645508251403,1.45,Aman,3.681222804355386
2023-10-01 01:16:00,-8.129819445093995,114.0478514145236,3.54,5,Raung,0.28384956233937375,28.38,Aman,5.9066568141729485
2023-10-01 13:54:00,-7.936623599412356,112.3152470988132,2.52,12,Kelud,0.030417170373070557,3.04,Aman,3.375794371653018
2023-10-02 05:34:00,-7.993678389255098,113.0087255751833,5.98,6,Bromo,0.7645224648588335,76.45,Terdampak,14.13519053544454
2023-10-02 10:29:00,-7.978577073163244,112.3158221797952,5.85,5,Kelud,0.8037250866202192,80.37,Terdampak,13.931826514673844
2023-10-02 10:40:00,-8.03810313417788,112.9870649094409,2.5,16,Semeru,0.017522550196565744,1.75,Aman,3.319788477402234
2023-10-02 10:42:00,-8.07375306277177,114.2330153979766,2.15,1,Ijen,0.411728920884554,41.17,Aman,3.261883858161867
2023-10-02 14:09:00,-7.954753819850638,112.9438227544734,3.54,16,Bromo,0.1813381154299473,18.13,Aman,5.641534300675136
2023-10-02 18:39:00,-8.158878294224259,114.0351296200723,3.84,48,Raung,0.0023669870046546847,0.24,Aman,5.756311300267453
2023-10-03 11:48:00,-7.87486593028457,112.3471955875328,4.43,43,Kelud,0.0001,0.01,Aman,6.923832584621678
2023-10-04 11:17:00,-7.893087327036595,112.9175924664149,5.74,7,Bromo,0.33416441560300847,33.42,Aman,11.315842872977298
2023-10-04 13:30:00,-8.06142482167475,114.0818516039977,3.22,12,Raung,0.011573625290091661,1.16,Aman,4.5995841663239805
2023-10-05 10:36:00,-8.133868021950395,114.034173299323,2.2,10,Raung,0.03336392633950165,3.34,Aman,3.0
2023-10-05 11:05:00,-8.06436541832822,114.2241622070602,2.06,10,Ijen,0.00037754888226339175,0.04,Aman,3.0
2023-10-05 16:36:00,-7.92604244955402,112.3028025964638,1.18,12,Kelud,0.0001,0.01,Aman,3.0
2023-10-06 21:15:00,-7.947539429550331,112.2972369564996,2.21,3,Kelud,0.03060481999363106,3.06,Aman,3.0
2023-10-06 23:55:00,-7.992345360665358,113.0134757480393,3.52,25,Bromo,0.18863282789299857,18.86,Aman,5.618862129338718
2023-10-07 05:07:00,-7.926762504998033,112.3274154650017,3.51,13,Kelud,0.010469929548609742,1.05,Aman,5.142411632844155
2023-10-07 17:28:00,-8.130187758034442,114.2134847200228,2.43,19,Ijen,0.0001,0.01,Aman,3.171829761855454
2023-10-07 20:16:00,-7.923149945920946,112.9424547703195,3.6,15,Bromo,0.18990522213696445,18.99,Aman,5.788800391616839
2023-10-09 00:05:00,-7.944369321974327,112.8909131353232,5.1,44,Bromo,0.11032921720236598,11.03,Aman,8.773268987552335
2023-10-09 03:51:00,-8.041352903252541,114.2411902385016,1.27,11,Ijen,0.015287979672175224,1.53,Aman,3.0
2023-10-09 11:24:00,-7.871540247970325,112.9689831061727,4.89,8,Bromo,0.10995881177081135,11.0,Aman,8.305112099298652
2023-10-10 08:34:00,-8.12672652379632,112.9417885385852,5.12,67,Semeru,0.04099656375875325,4.1,Aman,8.5283148851829
2023-10-10 20:29:00,-8.045611132320435,112.9542102109755,2.54,64,Semeru,0.03191216289382279,3.19,Aman,3.4131766502385035
2023-10-10 22:05:00,-8.090731496988115,112.9287664732772,3.36,17,Semeru,0.11417227891614928,11.42,Aman,5.109182770951761
2023-10-12 21:41:00,-7.942829466297347,112.3292459154893,3.18,12,Kelud,0.01108823724006572,1.11,Aman,4.524351999616984
2023-10-13 04:01:00,-7.960950774825569,112.2627524034571,4.88,31,Kelud,0.14433574720222606,14.43,Aman,8.417992965695177
2023-10-13 07:47:00,-8.0606547649181,114.1943711049462,2.35,7,Ijen,0.0001,0.01,Aman,3.0367562580032423
2023-10-14 21:51:00,-8.156570025040427,112.9298409775282,3.23,42,Semeru,0.00046275959613231645,0.05,Aman,4.592654279967116
2023-10-15 02:30:00,-7.919841478836442,112.9912680604986,5.36,25,Bromo,0.1099246091428081,10.99,Aman,9.357313252707842
2023-10-15 07:55:00,-8.11576303214161,112.9033351974665,5.36,51,Semeru,0.3964660310170444,39.65,Aman,10.628096973005242
2023-10-15 12:24:00,-8.049530234263104,114.2096195539031,4.07,11,Ijen,0.1776088920359156,17.76,Aman,6.751847391366666
2023-10-16 14:45:00,-7.907307113583498,112.2392754651428,3.48,64,Kelud,0.0001,0.01,Aman,5.0591170937441765
2023-10-17 01:28:00,-7.862717659093015,112.2836789975312,3.75,6,Kelud,0.25800847492727896,25.8,Aman,6.2941374107522226
2023-10-17 07:23:00,-8.120168298795328,114.2009513204055,4.39,51,Ijen,0.024609418105713973,2.46,Aman,6.926520651698347
2023-10-18 09:24:00,-7.922152613123786,112.9491939990846,3.91,10,Bromo,0.2839050719633113,28.39,Aman,6.721680074533927
2023-10-21 02:26:00,-7.937797851496122,112.9353192809986,3.42,15,Bromo,0.23899462784625447,23.9,Aman,5.5367765104586635
2023-10-22 01:17:00,-8.138572516208328,114.0573786055357,2.61,13,Raung,0.0023014647620908566,0.23,Aman,3.4844330865156596
2023-10-22 17:36:00,-8.001293979955683,114.2764180662798,2.46,3,Ijen,0.0001,0.01,Aman,3.222829671672053
2023-10-23 17:38:00,-8.076934832072329,113.9948762971834,3.76,18,Raung,0.18430317734114668,18.43,Aman,6.109801773987788
2023-10-24 12:43:00,-7.860422416158372,112.340517190047,4.81,46,Kelud,0.14473599876505036,14.47,Aman,8.262899013375105
2023-10-24 16:26:00,-8.156315440971985,114.0525621312129,3.6,65,Raung,0.03378409349428116,3.38,Aman,5.376109448880731
2023-10-24 17:38:00,-8.089452218759126,114.0007338200335,2.7,23,Raung,0.0015996065897120877,0.16,Aman,3.6401569124519644
2023-10-24 23:35:00,-8.105899447186294,114.0044505624461,2.6,0,Raung,0.0045224962347989416,0.45,Aman,3.4709334858624765
2023-10-28 00:24:00,-7.896103899971886,112.3762290986324,4.32,20,Kelud,0.28518082365534564,28.52,Aman,7.656308883847674
2023-10-28 07:40:00,-7.878468701475899,113.0143963497908,2.74,0,Bromo,0.22199133032730006,22.2,Aman,4.118964947348023
2023-10-28 09:35:00,-8.145965119886696,112.9709185390551,3.41,19,Semeru,0.01928892284250011,1.93,Aman,4.974496846775499
2023-10-28 09:37:00,-8.043106377095773,114.2471903937878,2.7,7,Ijen,0.0023140314813074624,0.23,Aman,3.6414561826451677
2023-10-28 11:34:00,-8.041540973178893,114.2355912022855,3.33,15,Ijen,0.26718994420662623,26.72,Aman,5.415460775378134
2023-10-28 17:03:00,-8.06969410219013,114.2294162640203,4.77,70,Ijen,0.14372142159125664,14.37,Aman,8.169815423366343
2023-10-30 05:04:00,-8.065607315917655,114.2328939030299,2.47,33,Ijen,0.03264131586534107,3.26,Aman,3.2925834618517635
2023-10-30 05:56:00,-8.05037066932942,114.2298473529618,2.3,4,Ijen,0.19086569801068637,19.09,Aman,3.2346846446605024
2023-10-31 06:27:00,-8.05583299772353,114.2365991964547,1.08,17,Ijen,0.08524825373930214,8.52,Aman,3.0
2023-10-31 15:40:00,-8.115842641796778,114.0536664727023,3.03,7,Raung,0.06443653087192587,6.44,Aman,4.361611275055785
2023-10-31 23:14:00,-7.9426747470138,112.93875607913,4.63,40,Bromo,0.3303719949411291,33.04,Aman,8.543789607147204
2023-11-01 06:03:00,-8.110263926172331,114.0639038862468,4.32,18,Raung,0.20994325618183962,20.99,Aman,7.404231652022728
2023-11-01 18:49:00,-7.945599738276383,112.9346800231455,2.8,8,Bromo,0.07294744981447945,7.29,Aman,3.952425911011638
2023-11-02 19:42:00,-7.936395528679542,112.95554991891,1.98,13,Bromo,0.005469832000782211,0.55,Aman,3.0
2023-11-02 20:55:00,-8.075589145849362,114.2934469172383,2.65,26,Ijen,0.0001,0.01,Aman,3.550106243363799
2023-11-02 21:04:00,-7.934411621034083,112.3142821225179,1.98,12,Kelud,0.0006838940578045426,0.07,Aman,3.0
2023-11-03 16:47:00,-8.070306252456987,114.2424891052844,3.97,13,Ijen,0.5355289753696164,53.55,Aman,7.611429708817866
2023-11-03 22:02:00,-7.995224684212083,112.3672499414483,5.97,31,Kelud,0.15345868145294242,15.35,Aman,10.986849566810813
2023-11-04 08:44:00,-7.966222747478197,112.3807867545518,2.65,1,Kelud,0.0038558627862291723,0.39,Aman,3.556772766000972
2023-11-05 05:31:00,-8.093312953188155,114.0928197180545,5.49,41,Raung,0.2577085704296815,25.77,Aman,10.329562642531252
2023-11-06 01:27:00,-8.100308067043757,112.901045370016,1.4,11,Semeru,0.0019279313931146113,0.19,Aman,3.0
2023-11-07 00:38:00,-7.916051929074068,112.29195495967,5.34,66,Kelud,0.10141838502140696,10.14,Aman,9.274407327738544
2023-11-09 01:13:00,-8.108727894568853,112.9366767411304,3.03,16,Semeru,0.05068463262524406,5.07,Aman,4.332557131928017
2023-11-09 07:10:00,-8.001157019062925,112.32486982437,4.84,69,Kelud,0.01638983059357109,1.64,Aman,7.831473323735699
2023-11-11 12:08:00,-7.900471613775336,112.9538677890463,4.87,16,Bromo,0.2610536769487714,26.11,Aman,8.852552814444504
2023-11-11 14:21:00,-8.088628497483136,112.8781675199808,2.68,66,Semeru,0.0017009384672992242,0.17,Aman,3.6053250772617838
2023-11-11 14:47:00,-8.161284831795289,114.1033458406287,4.77,61,Raung,0.353619508095802,35.36,Aman,8.969746145328818
2023-11-12 02:50:00,-7.928887293721031,112.3024715924822,1.18,19,Kelud,0.002508232667391584,0.25,Aman,3.0
2023-11-12 03:18:00,-7.93139693536498,112.3183363506216,2.96,7,Kelud,0.14308038709449583,14.31,Aman,4.392256462227114
2023-11-12 04:50:00,-8.124755781246392,112.9575868888153,5.6,26,Semeru,0.43953251848299235,43.95,Aman,11.453047212243769
2023-11-12 07:14:00,-8.174795300545838,112.9526219703483,4.65,57,Semeru,0.0001,0.01,Aman,7.374125981568101
2023-11-12 09:58:00,-8.061296952537685,112.8662884100527,5.7,65,Semeru,0.08141712246579401,8.14,Aman,9.999227273298334
2023-11-13 10:42:00,-7.895016096156276,112.2420427274525,2.99,47,Kelud,0.05486429895170398,5.49,Aman,4.267029997337346
2023-11-13 12:26:00,-8.048537237661174,114.2430255557184,3.42,6,Ijen,0.1868173413988215,18.68,Aman,5.407748074932888
2023-11-13 20:07:00,-8.161065287794083,112.8586662726423,2.6,44,Semeru,0.015605296832085813,1.56,Aman,3.4901239233769052
2023-11-14 06:59:00,-8.119370667149495,112.9051392297635,2.42,3,Semeru,0.3515597270566082,35.16,Aman,3.709249048381468
2023-11-16 18:52:00,-7.996449367855092,114.2197641131221,5.2,42,Ijen,0.08570629632840969,8.57,Aman,8.89257431482048
2023-11-17 15:42:00,-7.969091336349816,112.991874986706,4.5,52,Bromo,0.20469882653536803,20.47,Aman,7.789248210379556
2023-11-19 10:26:00,-8.124321520239079,114.2747630155571,5.88,20,Ijen,0.33538650366073697,33.54,Aman,11.682056283095486
2023-11-19 18:26:00,-8.072572875484688,112.9065097492385,2.17,17,Semeru,0.0001,0.01,Aman,3.0
2023-11-20 00:19:00,-7.928691151945165,112.2922632206221,1.15,11,Kelud,0.03657998315882625,3.66,Aman,3.0
2023-11-20 12:10:00,-8.0887885131934,112.9729339975469,2.66,32,Semeru,0.035649329106854664,3.56,Aman,3.6309402170970726
2023-11-21 01:31:00,-8.054149198186398,114.2219034489493,3.45,7,Ijen,0.31539380368871345,31.54,Aman,5.791081735958885
2023-11-22 12:20:00,-8.102183003518986,114.2099673032447,2.51,56,Ijen,0.040240292714403506,4.02,Aman,3.3746377660699207
2023-11-22 20:59:00,-8.131538050138044,114.2044363258604,2.92,33,Ijen,0.01974700464037304,1.97,Aman,4.066911145239862
2023-11-23 07:22:00,-7.961569822515895,112.9276022790793,4.77,18,Bromo,0.18074080901859155,18.07,Aman,8.310897916325207
2023-11-25 02:20:00,-8.060053007434375,114.2226234028518,2.13,16,Ijen,0.07081322306556448,7.08,Aman,3.0
2023-11-25 07:22:00,-8.09990782380442,114.2177587801008,3.85,21,Ijen,0.18515704088439444,18.52,Aman,6.303062399516314
2023-11-26 12:37:00,-8.094924272601888,112.9062120939328,2.69,38,Semeru,0.10581326059105854,10.58,Aman,3.811253397400329
2023-11-27 06:50:00,-8.039996540357896,112.887353084493,5.98,52,Semeru,0.1924068969688408,19.24,Aman,11.20992490160855
2023-11-27 12:37:00,-8.07759149092285,114.1906149957449,4.92,40,Ijen,0.14613709983396883,14.61,Aman,8.514949960655178
2023-11-28 07:32:00,-7.887055035681761,112.8840299950636,2.5,16,Bromo,0.0001,0.01,Aman,3.2911200586111358
2023-11-28 18:55:00,-7.954092279819037,112.966793923014,1.06,10,Bromo,0.031166099252557915,3.12,Aman,3.0
2023-11-29 06:40:00,-7.997597791043876,112.2900062836074,3.07,26,Kelud,0.12296804425920414,12.3,Aman,4.562399904664659
2023-11-29 10:25:00,-7.948104465223988,112.3460035272395,4.04,65,Kelud,0.05686769171380695,5.69,Aman,6.316436515227022
2023-11-29 18:02:00,-8.086108597650632,112.8724806575466,2.63,15,Semeru,0.0001,0.01,Aman,3.5153145135420796
2023-12-01 07:00:00,-7.892038843946471,112.3476514317925,5.11,24,Kelud,0.283537646158879,28.35,Aman,9.517554014995579
2023-12-01 07:37:00,-8.045862104730237,112.8883364889722,4.47,16,Semeru,0.18385420597123714,18.39,Aman,7.6488021264493895
2023-12-01 16:09:00,-8.14993137858856,112.9794434534682,4.88,63,Semeru,0.08878772263227189,8.88,Aman,8.199928755975112
2023-12-01 19:00:00,-7.936351622169817,112.3159569335642,2.84,8,Kelud,0.06236346213621141,6.24,Aman,4.005429133122121
2023-12-02 12:17:00,-7.923871224857676,112.3295028789582,1.59,16,Kelud,0.010157534433011721,1.02,Aman,3.0
2023-12-02 16:11:00,-8.061102664215191,112.9110333710753,4.98,1,Semeru,1.0,100.0,Terdampak,12.091756826744508
2023-12-02 17:42:00,-8.080457742260869,112.9431577065503,3.01,4,Semeru,0.05233125346165065,5.23,Aman,4.298865994336893
2023-12-04 21:18:00,-7.915394453080051,112.3590594735387,2.24,65,Kelud,0.0001,0.01,Aman,3.0
2023-12-04 23:04:00,-8.125570186686359,114.039503448289,3.75,3,Raung,0.5254956401099464,52.55,Aman,7.039750632299812
2023-12-04 23:47:00,-8.091419058875395,112.911689189568,2.03,13,Semeru,0.04250388276345611,4.25,Aman,3.0
2023-12-05 04:15:00,-8.054859771847442,112.9779541029637,3.35,60,Semeru,0.0003227668826803278,0.03,Aman,4.815355238565414
2023-12-05 06:31:00,-8.13435255505528,112.9230334128677,4.76,44,Semeru,0.16712703137562385,16.71,Aman,8.236513453795482
2023-12-05 09:50:00,-7.927652955567554,112.9134293445472,4.14,45,Bromo,0.053336208556368433,5.33,Aman,6.509243429341242
2023-12-06 00:05:00,-7.979743665841252,112.905004276206,3.11,44,Bromo,0.01974700464037304,1.97,Aman,4.414235334250412
2023-12-07 10:53:00,-8.058871949066901,114.2288635129799,3.51,3,Ijen,0.7273881704549848,72.74,Terdampak,6.976156394529222
2023-12-08 01:12:00,-8.071020048924158,114.2434447125469,2.44,8,Ijen,0.008078420027493172,0.81,Aman,3.20152905510637
2023-12-09 05:18:00,-7.92449342934198,112.9537770071534,1.39,17,Bromo,0.05100117048899496,5.1,Aman,3.0
2023-12-09 17:31:00,-7.887401947384934,112.9592845608456,3.31,26,Bromo,0.1751111152563452,17.51,Aman,5.154990199770269
2023-12-10 05:10:00,-7.990177205921935,112.3463591019696,4.99,38,Kelud,0.14620584254245855,14.62,Aman,8.673054719954802
2023-12-11 01:27:00,-8.108040791413316,114.0010289120376,2.11,48,Raung,0.0001,0.01,Aman,3.0
2023-12-11 02:12:00,-8.15825691576693,112.8532960600004,5.77,50,Semeru,0.2201813297279595,22.02,Aman,10.83644940532252
2023-12-11 20:36:00,-8.137322375388711,114.0506365542116,3.79,16,Raung,0.16137345077148535,16.14,Aman,6.108446714956956
2023-12-12 02:21:00,-8.101678265530204,112.9241676511685,2.66,13,Semeru,0.08500776552690845,8.5,Aman,3.7189797086185497
2023-12-12 07:04:00,-8.19668056056398,113.9719908725456,4.99,16,Raung,0.001809469205680699,0.18,Aman,8.089533036019157
2023-12-13 22:19:00,-7.983862935427092,112.3673372944133,3.12,31,Kelud,0.001191682904186177,0.12,Aman,4.391973042731769
2023-12-15 00:59:00,-7.980718258431934,112.3769171514725,2.71,8,Kelud,0.010848877659678088,1.08,Aman,3.674595302781942
2023-12-15 15:20:00,-7.875732220506533,112.3271519194768,3.14,36,Kelud,0.00025102154937409074,0.03,Aman,4.426526287849197
2023-12-15 16:26:00,-7.90361829476105,112.348828362264,4.75,45,Kelud,0.0601241019826522,6.01,Aman,7.808454426780198
2023-12-15 17:26:00,-8.027861495206015,114.2394226925475,3.65,18,Ijen,0.054869447749793354,5.49,Aman,5.530125193058391
2023-12-15 23:25:00,-7.897677378700191,112.2569146977836,4.52,64,Kelud,0.003257008505168309,0.33,Aman,7.1184696937847365
2023-12-16 01:41:00,-8.168523268616433,114.0528753022318,2.63,3,Raung,0.01232139918422893,1.23,Aman,3.536794470508286
2023-12-17 07:33:00,-8.115064742078465,114.0245003267416,3.29,16,Raung,0.16459289685507975,16.46,Aman,5.0898021476914845
2023-12-17 08:39:00,-8.093134962479068,114.2050841161975,3.66,34,Ijen,0.0014399413382701922,0.14,Aman,5.405526214042057
2023-12-18 10:52:00,-7.935726949749022,112.301423694135,3.5,25,Kelud,0.02369169351100592,2.37,Aman,5.1570674431575645
2023-12-19 13:16:00,-8.125658814323552,114.0491554046427,3.81,7,Raung,0.25079352754288164,25.08,Aman,6.404837718053606
2023-12-20 01:06:00,-8.004512236994344,114.2407720233445,5.63,3,Ijen,0.8901549909035816,89.02,Terdampak,13.663188217831927
2023-12-20 07:24:00,-7.999963653470974,112.3265106279094,4.36,65,Kelud,0.0001,0.01,Aman,6.781943232292082
2023-12-20 11:12:00,-7.942599080904619,112.3065276774968,3.94,12,Kelud,0.22327718336427957,22.33,Aman,6.608588399911782
2023-12-20 23:36:00,-8.165266690338244,112.863173419836,4.11,34,Semeru,0.0001,0.01,Aman,6.280816172507507
2023-12-22 00:28:00,-7.959099948481636,112.958479110783,2.75,8,Bromo,0.07479700854380926,7.48,Aman,3.8643648173112806
2023-12-22 18:43:00,-7.935715543908277,112.252499667205,5.1,39,Kelud,0.3555060566660692,35.55,Aman,9.792542352389958
2023-12-23 07:56:00,-8.007461076793811,114.1994583234434,3.31,6,Ijen,0.0001,0.01,Aman,4.740215718747493
2023-12-23 16:33:00,-8.123482074185292,112.90861515252,1.93,10,Semeru,0.0008595332767186486,0.09,Aman,3.0
2023-12-23 23:27:00,-8.067210607113653,114.1708272052379,3.88,54,Ijen,0.0030344510612945524,0.3,Aman,5.836327670088198
2023-12-24 06:45:00,-8.138086159124969,114.0381047455887,1.16,10,Raung,0.00043936612193924175,0.04,Aman,3.0
2023-12-24 20:37:00,-7.934908555451367,112.2732254266223,4.42,37,Kelud,0.08587909243525858,8.59,Aman,7.199595312282035
2023-12-25 10:52:00,-8.19083061158148,114.0190313648933,2.81,55,Raung,0.03292456021756528,3.29,Aman,3.8941213668962464
2023-12-25 13:04:00,-8.010990166426973,113.0067192410976,5.25,27,Bromo,0.33996176509547943,34.0,Aman,10.10149980692514
2023-12-25 23:34:00,-7.940098792280267,112.9556833990751,3.17,22,Bromo,0.06511723123384407,6.51,Aman,4.626917497374258
2023-12-28 05:42:00,-7.963748109446183,112.2806573741816,5.57,47,Kelud,0.0028411234265268586,0.28,Aman,9.337449328625349
2023-12-28 20:04:00,-7.997145404215435,114.1682790397961,5.76,14,Ijen,0.29398866646602817,29.4,Aman,11.17147455588769
2023-12-28 20:15:00,-8.112790741665147,112.9592668867001,4.73,0,Semeru,1.0,100.0,Terdampak,11.308649454411164
2023-12-28 23:42:00,-7.932836112408781,112.9380773887675,3.96,17,Bromo,0.31836673037918006,31.84,Aman,6.93674742921878
2023-12-29 22:02:00,-7.869674282207169,112.2779726945518,2.96,65,Kelud,0.0001,0.01,Aman,4.099217277617264
2023-12-30 00:22:00,-8.150100077499612,113.9715836185563,5.92,49,Raung,0.2971814689384076,29.72,Aman,11.592671441509516
2023-12-30 00:30:00,-7.946023289833241,112.9300705972829,2.2,19,Bromo,0.08500776552690632,8.5,Aman,3.0
2023-12-31 15:30:00,-8.079037670488905,112.9014995625627,4.12,39,Semeru,0.115981632449891,11.6,Aman,6.665738601708712
2023-12-31 16:20:00,-8.167440543526839,112.9600869448433,2.97,13,Semeru,0.1756546631799392,17.57,Aman,4.478611081533769
2023-12-31 22:04:00,-8.140959663292477,112.9490358238947,5.77,36,Semeru,0.19731175479492072,19.73,Aman,10.724825643621276
2024-01-01 06:30:00,-8.171100439510294,113.992620273323,5.46,66,Raung,0.23371263865787145,23.37,Aman,10.147235538346848
2024-01-01 15:30:00,-7.937514494643739,112.3071906257434,1.18,16,Kelud,0.054864298951704284,5.49,Aman,3.0
2024-01-02 12:08:00,-8.038703233216937,114.2025979161866,5.83,44,Ijen,0.2518786603446226,25.19,Aman,11.139972299268281
2024-01-02 22:17:00,-8.052196152326117,112.9756147942452,5.47,34,Semeru,0.12753237561562433,12.75,Aman,9.68790131450049
2024-01-03 04:36:00,-7.88777437761002,113.0202211455498,4.75,63,Bromo,0.11103098363003673,11.1,Aman,8.001405941191656
2024-01-03 10:50:00,-8.134189213215306,114.0169053009773,4.92,5,Raung,0.6399304892398585,63.99,Aman,10.474109979844421
2024-01-03 15:42:00,-7.913683733223755,112.3027811180049,2.1,14,Kelud,0.10255898987696917,10.26,Aman,3.0
2024-01-04 11:40:00,-7.928182583229932,112.9751035035539,5.98,59,Bromo,0.36021223511525996,36.02,Aman,12.06792495684972
2024-01-05 20:42:00,-7.990460546655592,114.2506800972694,4.12,23,Ijen,0.0001,0.01,Aman,6.3006897474065475
2024-01-06 22:05:00,-8.132415270182635,114.0337594564434,3.61,9,Raung,0.4324684624673162,43.25,Aman,6.453221693129344
2024-01-07 12:53:00,-7.995608560136224,112.9999744324958,5.09,51,Bromo,0.2627408314382227,26.27,Aman,9.382918308438724
2024-01-08 12:59:00,-8.106953539967042,112.9164933687603,1.36,16,Semeru,0.05281101715047875,5.28,Aman,3.0
2024-01-08 18:55:00,-7.981639707300221,112.2604296339365,5.61,18,Kelud,0.1416536689984918,14.17,Aman,10.07792136894173
2024-01-10 16:24:00,-8.045472143618042,114.1853669905355,4.93,4,Ijen,0.5020775442588424,50.21,Aman,9.953407037459842
2024-01-11 22:50:00,-8.07557816346099,112.9149024950838,2.43,10,Semeru,0.002151874208153937,0.22,Aman,3.1750836969991996
2024-01-12 07:34:00,-8.030432008982052,114.304966117434,2.09,12,Ijen,0.012164523462239838,1.22,Aman,3.0
2024-01-12 09:00:00,-7.958204808689944,112.948087423416,3.8,10,Bromo,0.42886576896630185,42.89,Aman,6.88798502350463
2024-01-13 07:23:00,-7.964934638135204,112.9903573059222,2.33,1,Bromo,0.334910808475972,33.49,Aman,3.5059280349291173
2024-01-13 09:16:00,-8.128086789338145,114.0577744340945,1.06,5,Raung,0.004442982474242318,0.44,Aman,3.0
2024-01-13 15:23:00,-8.137310206331538,114.0298284497992,2.48,6,Raung,0.023347037847946537,2.33,Aman,3.294788696224929
2024-01-13 19:03:00,-7.890387086212896,112.2631048655049,4.03,38,Kelud,0.02550058524449826,2.55,Aman,6.200103471014387
2024-01-14 20:15:00,-7.994784921678414,112.2481582115849,5.44,21,Kelud,0.189880276036384,18.99,Aman,9.900769411220738
2024-01-15 12:59:00,-8.138395410959308,112.9566381767244,2.47,67,Semeru,0.002537123115889748,0.25,Aman,3.243819045618768
2024-01-15 21:00:00,-8.159758721447322,114.0947334147504,4.21,43,Raung,0.21951809619653684,21.95,Aman,7.191101507845522
2024-01-16 19:15:00,-8.024030840678696,114.2562449881175,3.94,1,Ijen,0.6962576927106218,69.63,Aman,8.0145010458198
2024-01-19 17:01:00,-8.046129514850707,112.873983674759,2.53,41,Semeru,0.009154033450298086,0.92,Aman,3.3576847286284637
2024-01-20 16:50:00,-7.934680911837654,112.3210967382184,2.68,5,Kelud,0.11483725781775883,11.48,Aman,3.80909837898968
2024-01-21 07:15:00,-7.894282120361193,112.9078206833022,5.98,67,Bromo,0.14117705148714232,14.12,Aman,10.947983233132305
2024-01-21 12:42:00,-8.025003174426054,114.2235688465428,2.01,12,Ijen,0.0010637909520086085,0.11,Aman,3.0
2024-01-21 20:00:00,-8.16698111884755,114.0311127617248,3.86,62,Raung,0.04243885385778134,4.24,Aman,5.911294058933281
2024-01-22 03:15:00,-8.095252406141917,114.0386300433476,3.09,55,Raung,0.003959242620971996,0.4,Aman,4.343150830979795
2024-01-23 08:01:00,-7.901644092606124,112.2898986179164,4.74,0,Kelud,1.0,100.0,Terdampak,11.339740160798387
2024-01-24 16:58:00,-7.878430206062834,112.2479459492632,2.02,37,Kelud,0.07081322306556627,7.08,Aman,3.0
2024-01-25 08:02:00,-8.093456884399014,114.0831435101777,5.05,18,Raung,0.5187341253390023,51.87,Aman,10.337871324104698
2024-01-26 04:16:00,-8.047346834751684,114.2436719298213,1.34,8,Ijen,0.0019279313931146113,0.19,Aman,3.0
2024-01-26 15:05:00,-8.11791458583099,114.0312518601404,3.27,5,Raung,0.3318733624085211,33.19,Aman,5.439851499184173
2024-01-26 23:55:00,-7.946552328976553,112.9619872583021,2.48,11,Bromo,0.05514432131018556,5.51,Aman,3.346566927127659
2024-01-28 07:23:00,-7.884376552604631,112.2756630316723,5.25,0,Kelud,1.0,100.0,Terdampak,12.950852391188059
2024-01-28 20:37:00,-7.958126386981683,112.9378375607395,3.35,16,Bromo,0.0001,0.01,Aman,4.814818974271844
2024-01-30 18:03:00,-7.931717659951139,112.3257723575325,1.66,8,Kelud,0.04672799688927843,4.67,Aman,3.0
2024-01-31 13:11:00,-7.949729785481761,112.9328325847985,2.29,3,Bromo,0.021984808222336123,2.2,Aman,3.0
2024-02-01 04:44:00,-7.905263915767323,112.9845424320416,2.63,13,Bromo,0.0001,0.01,Aman,3.5153145135420796
2024-02-01 08:30:00,-7.957079805649379,112.8923797857494,3.32,63,Bromo,0.0001,0.01,Aman,4.758841311020992
2024-02-01 10:56:00,-7.938567659903926,112.9643941200087,2.1,12,Bromo,0.014357922403448515,1.44,Aman,3.0
2024-02-01 21:14:00,-7.94158871529478,112.9803208772686,4.51,5,Bromo,0.8069622054697292,80.7,Terdampak,9.94571645969427
2024-02-02 01:06:00,-7.912199358679215,112.2966694936779,3.25,15,Kelud,0.1516075623510335,15.16,Aman,4.979450685578475
2024-02-02 09:58:00,-7.896175157389825,112.3742318585954,4.2,20,Kelud,0.32060461904412124,32.06,Aman,7.495407245468812
2024-02-02 18:49:00,-7.881329623514997,113.0134860231842,4.9,38,Bromo,0.1698916622396742,16.99,Aman,8.563729865170405
2024-02-03 04:29:00,-7.936634969137002,112.3163079795432,1.89,6,Kelud,0.0425038827634554,4.25,Aman,3.0
2024-02-03 16:37:00,-7.871757349104697,112.8969040115875,3.82,32,Bromo,0.09078198667103676,9.08,Aman,5.969818477382808
2024-02-04 12:58:00,-8.116053429260367,113.9812785425157,2.98,64,Raung,0.002177742074898056,0.22,Aman,4.139556139133648
2024-02-05 14:19:00,-8.07237155503663,114.2425169783188,2.03,5,Ijen,0.02059594881552553,2.06,Aman,3.0
2024-02-05 16:58:00,-7.868789016346565,112.3090007844827,5.66,21,Kelud,0.43370405171869597,43.37,Aman,11.585082477834357
2024-02-07 18:07:00,-7.884231960014819,112.3079188567389,4.25,4,Kelud,0.5302687715115112,53.03,Aman,8.299315389047331
2024-02-08 10:10:00,-7.983292512603521,112.9440169137739,5.11,51,Bromo,0.17455100634867254,17.46,Aman,9.063308720177986
2024-02-09 05:26:00,-8.100822490391584,114.0799237306164,5.1,22,Raung,0.5223523898098579,52.24,Aman,10.486172402301198
2024-02-09 17:41:00,-8.091172967263097,112.9242253459803,2.99,5,Semeru,0.1723541664380393,17.24,Aman,4.51100366956628
2024-02-10 02:33:00,-7.885337942919229,112.3038289193352,5.56,5,Kelud,0.8148555763612734,81.49,Terdampak,13.092523150999279
2024-02-10 18:38:00,-7.938074741384081,112.9636255133159,1.47,16,Bromo,0.0001,0.01,Aman,3.0
2024-02-11 04:23:00,-8.136797639206431,114.0551592990925,2.7,7,Raung,0.05384320982799857,5.38,Aman,3.7351683786978356
2024-02-13 01:17:00,-7.972196387223932,112.2479008270727,2.68,21,Kelud,0.0014781979055496588,0.15,Aman,3.6049238923906746
2024-02-13 06:12:00,-7.927901623865329,112.3240145352533,2.09,8,Kelud,0.0004894185674399619,0.05,Aman,3.0
2024-02-13 06:46:00,-8.14473681230206,114.0238945495505,3.37,16,Raung,0.10972859790339529,10.97,Aman,5.118178938668611
2024-02-14 18:29:00,-8.141749816428668,112.9195091915999,2.71,23,Semeru,0.056190278859657466,5.62,Aman,3.757451504320521
2024-02-15 01:29:00,-7.95064323843897,112.9309806790229,1.17,10,Bromo,0.0013430504351381624,0.13,Aman,3.0
2024-02-15 04:55:00,-8.087452446398231,114.2447060800454,5.59,39,Ijen,0.389368893072505,38.94,Aman,11.191506723370996
2024-02-15 23:39:00,-8.095606138140687,114.2110233497633,5.68,17,Ijen,0.3816995828022311,38.17,Aman,11.389635386683379
2024-02-15 23:56:00,-8.125237237117872,112.9441462248604,4.31,41,Semeru,0.0001,0.01,Aman,6.681010670614804
2024-02-18 10:05:00,-8.006108434965117,114.266073760012,2.04,50,Ijen,0.005209876512153565,0.52,Aman,3.0
2024-02-18 20:13:00,-8.044326248297214,112.8838819669636,4.11,32,Semeru,0.003716396490798681,0.37,Aman,6.292172565470661
2024-02-21 15:20:00,-8.111894263212095,112.9003923968986,1.08,17,Semeru,0.07081322306556426,7.08,Aman,3.0
2024-02-23 02:50:00,-8.07786393875392,112.9671880472417,4.79,51,Semeru,0.37586885698511646,37.59,Aman,9.103924273345568
2024-02-23 04:07:00,-8.066828870649164,112.855930668785,2.97,18,Semeru,0.0008595332767188501,0.09,Aman,4.118793221176051
2024-02-23 04:11:00,-8.098402147206558,112.8928269498756,4.58,67,Semeru,0.12337348445788465,12.34,Aman,7.675762270849657
2024-02-25 06:59:00,-7.905997131311723,112.9650720051538,3.95,69,Bromo,0.1254312589983653,12.54,Aman,6.3385992098824255
2024-02-26 05:22:00,-8.093968748851918,113.999525671035,3.24,70,Raung,0.039494009280745826,3.95,Aman,4.701115827333707
2024-02-27 00:24:00,-7.927078300332971,112.3273499347051,3.56,14,Kelud,0.041780541053475534,4.18,Aman,5.319417310111333
2024-02-27 06:36:00,-8.131145043237971,114.0098679325914,5.84,0,Raung,1.0,100.0,Terdampak,14.874006272653183
2024-02-28 22:25:00,-7.996638559920802,114.2591389202774,3.95,11,Ijen,0.024616461290038708,2.46,Aman,6.037942769269238
2024-02-29 07:16:00,-8.070547097011906,114.0715327816923,4.89,45,Raung,0.19577517840128425,19.58,Aman,8.642898098174353
2024-02-29 07:41:00,-7.983429322617394,112.3281101206992,2.57,14,Kelud,0.0001,0.01,Aman,3.4114167264922877
2024-02-29 08:01:00,-7.879744880765375,112.9836626480533,2.2,60,Bromo,0.00023021386741852815,0.02,Aman,3.0
2024-02-29 14:43:00,-7.972047589008676,112.9296638740091,3.18,67,Bromo,0.0008595332767186486,0.09,Aman,4.501340449763969
2024-02-29 20:08:00,-8.098037309123766,114.2768033530836,2.96,47,Ijen,0.0011639558019346898,0.12,Aman,4.10139786159102
2024-03-01 01:43:00,-8.122008664446746,114.0832746772773,4.02,49,Raung,0.06826118804650926,6.83,Aman,6.310579693559986
2024-03-01 04:28:00,-8.011470081902791,112.9760742996792,2.88,48,Bromo,0.0001,0.01,Aman,3.95577834117247
2024-03-02 17:01:00,-7.995298309471932,112.9166522851374,3.47,20,Bromo,0.014156853999733111,1.42,Aman,5.075649335765335
2024-03-03 18:19:00,-8.119691816917657,114.069836452562,2.4,5,Raung,0.014205535030421849,1.42,Aman,3.1430291119120994
2024-03-03 21:05:00,-7.914951258293097,112.9004916475138,5.61,47,Bromo,0.11223683057078489,11.22,Aman,9.939495353153692
2024-03-04 00:06:00,-8.063823430533876,114.2580033237318,1.65,16,Ijen,0.005469832000783218,0.55,Aman,3.0
2024-03-04 01:06:00,-7.913908789669523,112.3178138838042,2.89,5,Kelud,0.152232480666839,15.22,Aman,4.275888592637065
2024-03-04 06:37:00,-7.998494662672212,114.1833782534553,2.48,3,Ijen,0.15770231266762705,15.77,Aman,3.5135708588859167
2024-03-04 23:23:00,-8.042034789585774,112.9476496505739,4.72,55,Semeru,0.05842140234099342,5.84,Aman,7.738002956933919
2024-03-05 00:10:00,-8.074128156153588,112.9454261097978,2.12,69,Semeru,0.007046767802882722,0.7,Aman,3.0
2024-03-05 03:36:00,-8.13201671479023,114.1071615649905,2.87,17,Raung,0.06319517570010384,6.32,Aman,4.0621577398905115
2024-03-05 14:34:00,-7.868008323575345,112.8945412875569,5.31,36,Bromo,0.04540393324464973,4.54,Aman,8.96131964212247
2024-03-06 18:57:00,-8.15424622481743,114.0282327761147,5.77,33,Raung,0.14490588941814547,14.49,Aman,10.469038649516992
2024-03-07 19:56:00,-8.117418964405903,114.055986437442,2.75,17,Raung,0.0381797142488476,3.82,Aman,3.796164129149552
2024-03-08 07:06:00,-8.090037740054251,114.1789022004905,4.54,18,Ijen,0.23632350264137444,23.63,Aman,7.992400551243795
2024-03-08 22:46:00,-8.110731165710023,114.1813700599411,5.04,44,Ijen,0.19200589534070614,19.2,Aman,8.97369737630894
2024-03-09 14:24:00,-7.961493999485507,112.2578805255727,3.21,23,Kelud,0.14718873550158368,14.72,Aman,4.889863844175562
2024-03-11 02:32:00,-7.942235453522716,112.3098221374572,1.92,2,Kelud,0.1569144258032818,15.69,Aman,3.0
2024-03-11 03:43:00,-7.953960514317633,112.9459456967298,5.99,11,Bromo,0.7734096655288052,77.34,Terdampak,14.211466583357911
2024-03-11 10:36:00,-7.992054423206794,112.3618841429742,2.09,70,Kelud,0.0005903404514972718,0.06,Aman,3.0
2024-03-13 01:02:00,-8.043219542640907,112.9321663848276,2.4,61,Semeru,0.0011296544526873383,0.11,Aman,3.1226251002037886
2024-03-13 02:10:00,-8.123228916266203,112.9158518168466,3.44,3,Semeru,0.44617381546614465,44.62,Aman,6.095134488599416
2024-03-13 06:14:00,-8.173417859464198,112.927403613781,3.37,42,Semeru,0.04460034274971357,4.46,Aman,4.96017849056781
2024-03-13 10:32:00,-7.989814630401766,112.3382241090495,4.1,70,Kelud,0.001719066553437675,0.17,Aman,6.266025298292131
2024-03-13 18:04:00,-8.072031976277547,114.0903015250999,5.31,45,Raung,0.10752636451441872,10.75,Aman,9.233490314382342
2024-03-13 19:58:00,-8.050121573627516,114.1848642829322,3.06,7,Ijen,0.20387733353493562,20.39,Aman,4.7162332637005635
2024-03-14 04:02:00,-8.002131828786265,114.1979268074857,4.96,33,Ijen,0.0001,0.01,Aman,8.019511114334064
2024-03-14 04:25:00,-8.026384356227345,114.1848011589217,3.11,15,Ijen,0.05924090351208857,5.92,Aman,4.5005507804356535
2024-03-14 08:16:00,-8.108383801052243,112.9262772470926,2.49,5,Semeru,0.15719709175706023,15.72,Aman,3.531172890597776
2024-03-14 16:06:00,-7.894696658809312,112.3420399531724,4.1,36,Kelud,0.21424111728033812,21.42,Aman,6.931287756221631
2024-03-15 11:06:00,-7.912238173877252,112.3282374430358,3.69,14,Kelud,0.023664470643641775,2.37,Aman,5.523861579521832
2024-03-15 17:15:00,-8.160825100214128,112.8727417287645,3.65,41,Semeru,0.01648852073307542,1.65,Aman,5.426833311590926
2024-03-17 20:02:00,-8.124505397219927,114.2111366250529,4.07,24,Ijen,0.039494009280746055,3.95,Aman,6.323611350335646
2024-03-17 23:58:00,-8.100778620765206,112.9085682676469,3.24,9,Semeru,0.13545087236258083,13.55,Aman,4.922300261179823
2024-03-18 01:44:00,-7.914935702189705,112.3699502190884,4.97,58,Kelud,0.0001,0.01,Aman,8.040536347799199
2024-03-18 07:54:00,-8.16627478134376,112.8667147018246,3.82,45,Semeru,0.006241712100786231,0.62,Aman,5.728430280798969
2024-03-20 21:15:00,-7.94037383669645,112.303336121409,2.18,18,Kelud,0.041089836739417504,4.11,Aman,3.0
2024-03-21 04:07:00,-7.946003679812898,112.964917503773,1.37,7,Bromo,0.02326507544498736,2.33,Aman,3.0
2024-03-21 18:23:00,-8.082268857484875,112.8870817286242,4.2,43,Semeru,0.000998105168651098,0.1,Aman,6.463098268686723
2024-03-21 21:08:00,-8.15811431284596,114.0894175351659,4.18,58,Raung,0.02380434973240902,2.38,Aman,6.4963242798339085
2024-03-22 03:41:00,-8.027061300396118,114.3116135752286,3.23,65,Ijen,0.04352703020255474,4.35,Aman,4.691521057549207
2024-03-22 08:46:00,-7.917935718338937,112.2985032801268,2.92,6,Kelud,0.0001,0.01,Aman,4.027350436914049
2024-03-22 09:47:00,-8.028685249905308,114.1988950208715,5.36,63,Ijen,0.2513675196354284,25.14,Aman,9.984598993212034
2024-03-23 06:42:00,-8.092360811715317,114.2508049944574,3.03,70,Ijen,0.0001,0.01,Aman,4.22568511106253
2024-03-25 15:47:00,-7.911340632863511,112.977957935217,5.37,7,Bromo,0.6405927494403526,64.06,Aman,11.739186497563468
2024-03-29 07:48:00,-8.084711093870864,112.9646392606151,4.73,15,Semeru,0.5226254823111645,52.26,Aman,9.50916242807395
2024-03-29 13:17:00,-7.964934843807842,112.9219262035503,4.2,24,Bromo,0.06584912043512468,6.58,Aman,6.6725629770283605
2024-03-29 14:08:00,-8.084975619659733,112.8703566315503,5.69,47,Semeru,0.22772764886883953,22.77,Aman,10.677708135277669
2024-03-29 17:55:00,-8.126348973703102,112.9206900291974,4.22,41,Semeru,0.14001364889721457,14.0,Aman,6.954929529026216
2024-03-30 19:32:00,-7.936814983090073,112.3113580148147,3.4,19,Kelud,0.014962040752538555,1.5,Aman,4.944922227427455
2024-03-30 22:03:00,-7.934829215758401,112.9681923769668,1.65,2,Bromo,0.09183347651763268,9.18,Aman,3.0
2024-03-30 22:38:00,-8.117990015925704,114.0241380069712,1.78,3,Raung,0.0007412215414554931,0.07,Aman,3.0
2024-03-31 02:42:00,-8.172400868850584,112.9742877561908,3.64,30,Semeru,0.08696503765599306,8.7,Aman,5.596506037227778
2024-03-31 05:54:00,-7.937046627552139,112.2514133620881,4.94,0,Kelud,1.0,100.0,Terdampak,11.965649924236441
2024-04-01 02:37:00,-7.92391401153015,112.9717646159504,3.02,20,Bromo,0.0001,0.01,Aman,4.207564091105781
2024-04-02 19:31:00,-8.003465048279761,112.9031253110606,5.2,28,Bromo,0.17990383167785767,17.99,Aman,9.294192982243823
2024-04-02 20:45:00,-7.880637708542456,112.9579002289703,3.0,69,Bromo,0.0001,0.01,Aman,4.171376069323276
2024-04-03 04:56:00,-7.920217476128427,112.2653236197024,3.47,33,Kelud,0.08444084079030079,8.44,Aman,5.252764077430103
2024-04-04 20:20:00,-8.074430726292487,112.8857936574801,3.15,28,Semeru,0.07187200572412945,7.19,Aman,4.604014118000011
2024-04-05 07:26:00,-8.004064909608754,112.924334666719,5.32,47,Bromo,0.2663112758323826,26.63,Aman,9.953473989895924
2024-04-06 08:53:00,-8.100565188576057,114.0491749980033,2.93,8,Raung,0.038288336094721244,3.83,Aman,4.122527203016187
2024-04-07 02:30:00,-7.879116444357189,113.0031404585866,3.78,10,Bromo,0.14248597940782756,14.25,Aman,6.034306044148389
2024-04-07 08:32:00,-8.201980340099418,113.9774223139899,2.33,31,Raung,0.0001,0.01,Aman,3.0032010804038767
2024-04-08 13:23:00,-7.875605907080275,112.3333353686779,5.31,54,Kelud,0.20963091413904802,20.96,Aman,9.680830564016945
2024-04-09 07:56:00,-7.948931197079221,112.3186964125625,3.92,11,Kelud,0.15755493808908302,15.76,Aman,6.370943512877889
2024-04-09 17:14:00,-8.047780712533264,114.2289997662832,2.05,60,Ijen,0.0001,0.01,Aman,3.0
2024-04-09 17:23:00,-8.132251318981709,114.0927120277064,2.11,48,Raung,0.010248940191990118,1.02,Aman,3.0
2024-04-10 05:41:00,-7.944940247012797,112.9641016353146,2.7,19,Bromo,0.003257008505168309,0.33,Aman,3.643171103211893
2024-04-10 23:08:00,-8.097614479005651,112.9321400389816,3.22,10,Semeru,0.1967830389516006,19.68,Aman,5.023076637999618
2024-04-11 05:13:00,-7.872292679168996,112.2978776365529,3.98,4,Kelud,0.4562731564059425,45.63,Aman,7.397664991008226
2024-04-11 12:26:00,-7.926316966550684,112.3230642061195,1.0,11,Kelud,0.005469832000783218,0.55,Aman,3.0
2024-04-11 14:28:00,-8.109786930612591,112.924852798532,3.38,14,Semeru,0.24964051914348084,24.96,Aman,5.478666193379478
2024-04-11 21:54:00,-8.164979971102557,114.1016099955,3.87,9,Raung,0.3030923542722794,30.31,Aman,6.688143957881333
2024-04-12 19:35:00,-7.921027846746385,112.9357691384609,1.06,12,Bromo,0.00041479958232731087,0.04,Aman,3.0
2024-04-13 06:43:00,-8.136458101801356,114.0490985390007,3.81,16,Raung,0.17602398477786582,17.6,Aman,6.192074182970145
2024-04-14 03:03:00,-7.947233411518426,112.2853892843164,4.05,15,Kelud,0.15128098805011977,15.13,Aman,6.627636387563494
2024-04-14 04:14:00,-8.171780101217246,114.0886591278235,2.04,48,Raung,0.015287979672174998,1.53,Aman,3.0
2024-04-14 10:18:00,-8.112247473783366,114.2294785903945,4.86,33,Ijen,0.03952123214810459,3.95,Aman,7.963892428691544
2024-04-14 20:05:00,-7.972967004036333,112.9422503179212,5.66,64,Bromo,0.1422277885838189,14.22,Aman,10.19757747435466
2024-04-15 04:19:00,-8.027890132415754,114.3084280368061,3.46,14,Ijen,0.11055585261648147,11.06,Aman,5.298656698308436
2024-04-15 16:52:00,-8.08125374689684,114.2973550913985,2.47,69,Ijen,0.02550058524449597,2.55,Aman,3.2810165162405442
2024-04-16 07:59:00,-8.024293815971111,114.2233096452518,4.66,9,Ijen,0.2022666451737191,20.23,Aman,8.14219683665665
2024-04-16 09:20:00,-8.079154794793123,114.2521275742161,1.25,13,Ijen,0.03292456021755941,3.29,Aman,3.0
2024-04-16 16:57:00,-8.112785779960278,112.9521703559173,4.06,2,Semeru,0.8625104005040365,86.25,Terdampak,8.847099696291357
2024-04-18 22:33:00,-8.096501744927757,114.0499303225978,2.16,40,Raung,0.016939585031052334,1.69,Aman,3.0
2024-04-19 08:10:00,-8.099798205098596,112.8591090918174,2.79,51,Semeru,0.010772817062494316,1.08,Aman,3.8160888173390095
2024-04-19 22:12:00,-8.078294360645764,114.2264288156464,3.64,7,Ijen,0.27704014750801376,27.7,Aman,6.106220613475946
2024-04-20 04:31:00,-8.001987449733878,114.2550902775364,3.91,54,Ijen,0.0628334058108179,6.28,Aman,6.071051888773192
2024-04-20 20:50:00,-7.922212148501583,112.9412764015212,3.27,14,Bromo,0.1580349926515869,15.8,Aman,5.034317077125655
2024-04-21 16:59:00,-8.009859384692357,114.193623091026,3.88,15,Ijen,0.000503570219271015,0.05,Aman,5.828953333675676
2024-04-22 19:13:00,-7.958820663168321,112.9309341882725,3.43,4,Bromo,0.17525983178056678,17.53,Aman,5.399623771855393
2024-04-23 15:18:00,-8.075739180057232,112.9664858737003,2.98,69,Semeru,0.015287979672174443,1.53,Aman,4.166661906714036
2024-04-24 03:45:00,-7.924851978313207,112.2955061349371,5.4,54,Kelud,0.1848672331694641,18.49,Aman,9.783785972902896
2024-04-24 11:17:00,-7.920907457618815,112.328547003964,3.35,17,Kelud,0.03974281425752702,3.97,Aman,4.9102506898264044
2024-04-25 01:19:00,-8.055910618749222,112.9704017724066,2.73,49,Semeru,0.0001,0.01,Aman,3.690057684942427
2024-04-25 16:24:00,-8.075671671238139,114.2842980151155,5.68,27,Ijen,0.37610132240832356,37.61,Aman,11.362863687537637
2024-04-26 08:45:00,-7.959120774309617,112.9695557383828,2.28,4,Bromo,0.0011348032507788812,0.11,Aman,3.0
2024-04-26 15:39:00,-8.100254662707517,112.9301270171204,5.46,32,Semeru,0.3686245916178878,36.86,Aman,10.760109074508692
2024-04-26 16:50:00,-7.948741491776027,112.2412100109209,2.91,23,Kelud,0.004092310310732465,0.41,Aman,4.017432713625435
2024-04-26 18:07:00,-8.112191760914948,114.0278055703302,1.14,12,Raung,0.000575794713568574,0.06,Aman,3.0
2024-04-26 22:20:00,-8.03319740963401,114.1849783516299,5.49,15,Ijen,0.2185663445498846,21.86,Aman,10.150477494213586
2024-04-27 04:30:00,-8.128724764799877,112.9027615344591,3.78,17,Semeru,0.20806853240461476,20.81,Aman,6.219019129668125
2024-04-27 19:36:00,-8.03800408764402,112.9920671902,5.09,38,Semeru,0.008309740344174405,0.83,Aman,8.327867677056876
2024-04-28 09:07:00,-7.99034986029428,114.1743117865606,2.8,15,Ijen,0.05296268559539254,5.3,Aman,3.914321568360768
2024-04-28 21:09:00,-7.919652020752795,112.2906646455798,1.98,3,Kelud,0.0355196433810346,3.55,Aman,3.0
2024-04-29 17:04:00,-8.147413957830462,112.9563776219913,3.92,5,Semeru,0.15356794425124523,15.36,Aman,6.359170504423443
2024-05-01 15:23:00,-8.066268837962369,112.8871539780044,3.89,13,Semeru,0.17866117990239808,17.87,Aman,6.3693363140653405
2024-05-02 04:06:00,-8.159497929570556,114.106592757697,3.92,50,Raung,0.07244860688859403,7.24,Aman,6.119636990344183
2024-05-02 07:17:00,-8.109806573574001,114.0357659247737,1.65,5,Raung,0.0001,0.01,Aman,3.0
2024-05-02 12:54:00,-7.945785969337181,112.3016157270545,5.89,43,Kelud,0.17038627379341034,17.04,Aman,10.88070214215598
2024-05-02 13:37:00,-7.937471372250961,112.9825023363517,2.84,6,Bromo,0.3035915946911522,30.36,Aman,4.473931512844939
2024-05-03 04:45:00,-8.087700982434784,114.0776946546381,3.12,64,Raung,0.0032570085051682337,0.33,Aman,4.39650576912748
2024-05-03 16:15:00,-7.905340450482418,112.9153735067264,3.39,43,Bromo,0.04250388276345533,4.25,Aman,4.993355686365355
2024-05-03 16:25:00,-8.130767426721452,114.0288413354177,2.1,1,Raung,0.2629886958839074,26.3,Aman,3.0
2024-05-04 07:58:00,-7.861958402787972,112.246931851275,2.73,1,Kelud,0.3504995554889343,35.05,Aman,4.336522647960451
2024-05-04 21:46:00,-8.129742624449879,112.9351250840027,3.62,9,Semeru,0.12672228456460935,12.67,Aman,5.662418025617605
2024-05-05 07:29:00,-7.955862360936281,112.8979431436848,3.05,27,Bromo,0.1097843034407843,10.98,Aman,4.495705481447669
2024-05-06 07:12:00,-7.899155800687413,112.9597841791072,2.71,48,Bromo,0.0006777685978081019,0.07,Aman,3.656008769503355
2024-05-06 23:20:00,-8.046312127660096,112.9729770565002,2.78,31,Semeru,0.03764441185050215,3.76,Aman,3.8490773339411968
2024-05-07 03:36:00,-7.873474404157387,112.8787159492489,2.48,9,Bromo,0.01743243102776466,1.74,Aman,3.285157437064129
2024-05-07 13:42:00,-7.947468809443454,112.9665928581781,2.91,11,Bromo,0.02742471000652463,2.74,Aman,4.064205182809115
2024-05-07 15:26:00,-8.072669614619906,114.2230128198184,2.26,14,Ijen,0.005491811993499016,0.55,Aman,3.0
2024-05-07 20:41:00,-7.94482118730232,112.3020236430523,3.37,63,Kelud,0.007208499980923316,0.72,Aman,4.869466281268748
2024-05-07 22:00:00,-8.096165177825545,114.0942221617489,2.98,35,Raung,0.0001,0.01,Aman,4.135260351711316
2024-05-07 22:14:00,-8.062674946323458,114.2318012315732,5.71,16,Ijen,0.7618529694769947,76.19,Terdampak,13.298342061466405
2024-05-08 00:26:00,-8.072182623531369,114.0173456246041,4.55,26,Raung,0.09369787182156579,9.37,Aman,7.504103779752227
2024-05-08 02:42:00,-8.129115185572246,114.0276323217901,3.08,61,Raung,0.06495805507911456,6.5,Aman,4.456533445395449
2024-05-11 17:59:00,-8.120151300793035,112.9147306772958,2.19,14,Semeru,0.008167665953435243,0.82,Aman,3.0
2024-05-11 20:28:00,-8.128788746177582,112.9347465233263,1.98,15,Semeru,0.011619772001175883,1.16,Aman,3.0
2024-05-13 05:24:00,-8.099955584916094,112.9389008690462,4.63,33,Semeru,0.31898459728472656,31.9,Aman,8.502040251267358
2024-05-14 19:05:00,-8.067548399478074,114.0876529191336,2.81,34,Raung,0.054864298951700606,5.49,Aman,3.9361475232330925
2024-05-16 02:55:00,-8.18062266002017,114.1079545324886,5.79,47,Raung,0.2191845781996704,21.92,Aman,10.880417564632292
2024-05-16 08:29:00,-8.116057460702393,114.1804314810056,2.32,56,Ijen,0.004278876413881446,0.43,Aman,3.0
2024-05-16 09:53:00,-8.023329413704682,114.2084848495601,4.27,20,Ijen,0.1905686143763398,19.06,Aman,7.229081198245037
2024-05-17 09:25:00,-8.053351607897838,114.2265856552159,2.68,14,Ijen,0.0001,0.01,Aman,3.602441577787719
2024-05-18 07:38:00,-8.12669258458684,112.966691106499,2.73,44,Semeru,0.0001,0.01,Aman,3.690057684942427
2024-05-18 20:49:00,-8.077830970827636,114.2995171683403,5.18,1,Ijen,1.0,100.0,Terdampak,12.72682131736962
2024-05-19 14:01:00,-8.070079275498996,112.8951946676659,2.7,12,Semeru,0.00896033734507642,0.9,Aman,3.6535433134342714
2024-05-20 06:25:00,-8.093363017460616,112.938876382889,2.87,18,Semeru,0.03123213092619645,3.12,Aman,3.999226742742006
2024-05-20 07:51:00,-7.904653367044809,112.3416509921944,2.68,64,Kelud,0.004229887945491796,0.42,Aman,3.6098800458875355
2024-05-21 06:39:00,-8.111892567669685,112.9277702386258,3.65,0,Semeru,1.0,100.0,Terdampak,8.073688378277579
2024-05-23 02:41:00,-8.114094703182728,114.0452618414541,3.74,25,Raung,0.14413467879851002,14.41,Aman,5.9560062973543335
2024-05-23 14:56:00,-8.060459245253357,112.9478543489349,5.28,49,Semeru,0.06074894985703957,6.07,Aman,8.962294090419258
2024-05-23 19:41:00,-7.910057047578094,112.2927189123224,1.51,8,Kelud,0.0001,0.01,Aman,3.0
2024-05-23 20:14:00,-7.913223990677418,112.3012121094604,2.53,10,Kelud,0.014929119142984117,1.49,Aman,3.367336013056643
2024-05-24 10:03:00,-7.959229078386335,112.9599866960979,2.29,4,Bromo,0.0001398790887665628,0.01,Aman,3.0
2024-05-24 11:01:00,-8.091677097120117,114.1793256426941,2.27,20,Ijen,0.0010010169374193585,0.1,Aman,3.0
2024-05-25 03:50:00,-7.912021296086352,112.3268577630436,3.15,15,Kelud,0.023756928013322225,2.38,Aman,4.497095111199781
2024-05-25 07:49:00,-8.06344012353196,114.226404200811,3.44,16,Ijen,0.21945719580676673,21.95,Aman,5.530224391496924
2024-05-25 19:47:00,-8.11689178214973,114.0108843131055,4.84,42,Raung,0.03704163887375897,3.7,Aman,7.9116830546018715
2024-05-26 14:13:00,-7.881503011702928,112.2681013490672,2.3,4,Kelud,0.05292910188210784,5.29,Aman,3.031029354498726
2024-05-26 22:51:00,-7.893165085498577,112.3024764331453,2.47,30,Kelud,0.0001,0.01,Aman,3.2398712604373685
2024-05-28 13:04:00,-8.12538335934307,112.923577444916,2.21,12,Semeru,0.015287979672175224,1.53,Aman,3.0
2024-05-30 12:43:00,-8.126989578216739,112.9629266236573,2.29,10,Semeru,0.05486429895169866,5.49,Aman,3.0167496998301058
2024-05-30 18:09:00,-7.930679530137441,112.3211024839971,2.74,14,Kelud,0.002147401804095684,0.21,Aman,3.711434358405095
2024-06-01 05:31:00,-8.148127515256773,113.9860418318124,2.14,12,Raung,0.0001,0.01,Aman,3.0
2024-06-01 13:12:00,-7.873646567842082,112.9336596524013,3.05,9,Bromo,0.0028617008856770348,0.29,Aman,4.267865825226083
2024-06-02 06:54:00,-8.072510266173921,114.2497949240682,3.92,1,Ijen,1.0,100.0,Terdampak,8.858560308810326
2024-06-02 09:36:00,-8.047225075442757,114.2877632761703,5.05,11,Ijen,0.23935755820658244,23.94,Aman,9.191200473485905
2024-06-03 05:06:00,-8.062978945859559,114.2250049756851,3.34,17,Ijen,0.10972859790339327,10.97,Aman,5.059027044698319
2024-06-03 18:31:00,-8.060559582218202,114.0186173289354,4.09,36,Raung,0.055739051955563154,5.57,Aman,6.4147286623132205
2024-06-04 05:25:00,-8.0367461636294,114.2991272079383,2.82,21,Ijen,0.003690385632105482,0.37,Aman,3.855888432980551
2024-06-04 11:42:00,-8.001262211134685,114.2034991190737,2.1,33,Ijen,0.0001,0.01,Aman,3.0
2024-06-04 12:40:00,-8.049574188978164,114.2392203020902,3.04,6,Ijen,0.28546228058640194,28.55,Aman,4.849307466523851
2024-06-04 18:25:00,-8.074279989496546,114.1978814972027,3.85,3,Ijen,0.20116834719801416,20.12,Aman,6.3492468434278
2024-06-05 04:20:00,-8.11110219183253,114.0391433962711,5.7,17,Raung,0.5009762726530791,50.1,Aman,12.014809470654608
2024-06-07 02:30:00,-8.046916950975346,112.9032427633338,3.39,20,Semeru,0.22985642722879635,22.99,Aman,5.4513807119997235
2024-06-07 20:43:00,-8.176035215148927,112.9385116293222,4.63,65,Semeru,0.011569362722284248,1.16,Aman,7.374970799765618
2024-06-08 18:28:00,-8.183328074961782,114.0674857249646,3.85,58,Raung,0.0001,0.01,Aman,5.769267320105412
2024-06-10 02:16:00,-8.149601258688193,112.9415622400083,5.2,39,Semeru,0.11843283421317391,11.84,Aman,9.03210650625096
2024-06-10 05:45:00,-7.879660092946885,112.9395682228048,3.59,21,Bromo,0.0001,0.01,Aman,5.267984607554701
2024-06-10 18:16:00,-7.860693496740352,112.3112468685284,3.4,23,Kelud,0.062083135332404615,6.21,Aman,5.060562196447253
2024-06-11 01:10:00,-8.094513347391068,114.1842956049391,5.12,2,Ijen,0.5782931763473312,57.83,Aman,10.773411609137572
2024-06-11 07:35:00,-8.134050823519653,114.0573953649162,1.25,17,Raung,0.03323654100516179,3.32,Aman,3.0
2024-06-12 13:47:00,-7.89014217196479,112.3707819686921,3.26,59,Kelud,0.09893736415687784,9.89,Aman,4.876995592636228
2024-06-12 19:27:00,-8.09469886203837,114.2346524240599,3.67,5,Ijen,0.10992966630710875,10.99,Aman,5.718786277082573
2024-06-14 06:50:00,-8.143770065105114,112.9342461036346,5.39,24,Semeru,0.19146542812662584,19.15,Aman,9.789714416244156
2024-06-15 20:14:00,-7.934784834789852,112.2649160644458,2.43,18,Kelud,0.10538199687806714,10.54,Aman,3.3387896994012896
2024-06-17 12:07:00,-8.017638355486703,114.1690450853572,4.75,68,Ijen,0.21169850170747118,21.17,Aman,8.382964375660832
2024-06-19 08:11:00,-7.949604013505034,112.9504687094647,2.07,4,Bromo,0.0009153080510367635,0.09,Aman,3.0
2024-06-19 22:23:00,-7.913116749318477,112.2952194328462,1.22,9,Kelud,0.0019279313931146113,0.19,Aman,3.0
2024-06-21 07:05:00,-7.990642908600839,112.2819003809069,5.66,32,Kelud,0.26730396814835605,26.73,Aman,10.792973555995843
2024-06-21 16:04:00,-7.952686186737453,112.9698308262186,3.36,6,Bromo,0.07131895243590783,7.13,Aman,5.005621921387
2024-06-21 16:14:00,-8.095690641970156,112.9385533217151,1.62,1,Semeru,0.14162644613112663,14.16,Aman,3.0
2024-06-24 08:12:00,-8.033062005454784,114.2180774492786,4.02,20,Ijen,0.04238970802671924,4.24,Aman,6.23164187013671
2024-06-24 09:36:00,-8.099263659251655,112.9537309545089,4.46,57,Semeru,0.23940942742858048,23.94,Aman,7.820577476401002
2024-06-24 23:20:00,-8.006743516456769,114.2972176692483,3.72,40,Ijen,0.11032994035608283,11.03,Aman,5.821383180061551
2024-06-27 12:18:00,-8.182400163997764,113.9865391797266,3.71,51,Raung,0.08500776552690632,8.5,Aman,5.73144017600099
2024-06-27 18:29:00,-8.06842125153152,114.2466732928785,3.72,34,Ijen,0.0006294298552662384,0.06,Aman,5.518772344446972
2024-06-29 01:20:00,-8.133440523046824,114.052701998785,2.92,14,Raung,0.0020203887627948335,0.2,Aman,4.031217282833196
2024-06-29 04:13:00,-8.06759459576874,114.0352624609373,3.46,67,Raung,0.007078426999867197,0.71,Aman,5.038871412983026
2024-06-30 18:04:00,-8.076339870052886,114.2458010076805,4.05,25,Ijen,0.0001,0.01,Aman,6.161880113476331
2024-06-30 18:08:00,-7.945690191579476,112.3010072121224,1.91,14,Kelud,0.05486429895170136,5.49,Aman,3.0
2024-06-30 20:07:00,-8.086363745067828,114.1869775431236,2.43,3,Ijen,0.0001,0.01,Aman,3.171829761855454
2024-07-01 07:22:00,-8.080880282935295,114.2986315235317,3.75,28,Ijen,0.21843723253353084,21.84,Aman,6.183833645329705
2024-07-01 20:18:00,-8.162677996034947,114.0431695447198,4.36,27,Raung,0.0023776828586338796,0.24,Aman,6.7896664040577015
2024-07-02 12:38:00,-8.100219396753372,114.0504285498141,5.13,44,Raung,0.15691486826595993,15.69,Aman,9.035570590061514
2024-07-03 08:54:00,-8.157806450861123,114.0981533961888,4.1,68,Raung,0.16347080165928876,16.35,Aman,6.772360318600964
2024-07-03 11:19:00,-7.968127499550682,112.3090064031606,5.79,11,Kelud,0.4506597760659664,45.07,Aman,12.015314964957762
2024-07-04 00:48:00,-8.137488152584062,114.0521471480761,4.32,6,Raung,0.3245795314957315,32.46,Aman,7.788310987894719
2024-07-04 16:46:00,-7.897678664395259,112.3100301334627,5.0,59,Kelud,0.11488116468027833,11.49,Aman,8.568740276900915
2024-07-04 22:03:00,-8.024959842315578,114.2371072727017,2.68,58,Ijen,0.0001,0.01,Aman,3.602441577787719
2024-07-05 03:39:00,-8.078093275306403,113.9782563164193,4.04,60,Raung,0.008279957481234964,0.83,Aman,6.167228406248924
2024-07-06 09:17:00,-8.101218714956152,114.2410959880928,3.65,27,Ijen,0.10972859790339207,10.97,Aman,5.677763754070822
2024-07-06 13:02:00,-7.946448430837619,112.9133778900966,2.38,12,Bromo,0.02550058524449922,2.55,Aman,3.126456723293054
2024-07-06 16:08:00,-7.926634661970374,112.9345097825733,3.69,11,Bromo,0.2372402461937355,23.72,Aman,6.106845091854047
2024-07-06 19:49:00,-7.877976530045132,112.2809379079026,5.3,15,Kelud,0.5631998130140661,56.32,Aman,11.202400560655837
2024-07-09 03:25:00,-8.135402495772396,114.0857222751594,4.03,57,Raung,0.049604630404717374,4.96,Aman,6.2738865028002415
2024-07-10 01:45:00,-7.947869395800644,112.9017259205199,2.56,37,Bromo,0.0001,0.01,Aman,3.394170613801835
2024-07-11 19:28:00,-8.01255777666911,114.2281372592777,5.74,13,Ijen,0.23576032756711052,23.58,Aman,10.838787704614113
2024-07-12 00:14:00,-8.005853476080816,112.9094742580085,2.3,11,Bromo,0.004268608541819094,0.43,Aman,3.0
2024-07-13 02:21:00,-7.988135546316331,114.2910112486612,4.55,10,Ijen,0.1231304586176905,12.31,Aman,7.609594256099002
2024-07-13 17:58:00,-8.04106809012931,114.2417240454588,3.11,12,Ijen,0.08778885916926368,8.78,Aman,4.562943443622176
2024-07-13 19:42:00,-7.969836858372675,112.3507342140385,2.11,15,Kelud,0.03292456021756528,3.29,Aman,3.0
2024-07-14 05:31:00,-8.0076845050296,114.1820343571985,4.29,40,Ijen,0.0001,0.01,Aman,6.640735673626304
2024-07-14 10:28:00,-7.895754739320076,112.281605433756,2.83,54,Kelud,0.000775676206523396,0.08,Aman,3.868038333903954
2024-07-16 06:22:00,-7.929927699483631,112.3030950582752,3.61,3,Kelud,0.388301076914075,38.83,Aman,6.336047746178402
2024-07-16 13:07:00,-7.987245318782929,112.8831297074931,4.5,43,Bromo,0.19208456972666155,19.21,Aman,7.744681770696323
2024-07-17 01:44:00,-7.944459557460276,112.3071843093117,3.19,15,Kelud,0.0019404498069797201,0.19,Aman,4.522192517031225
2024-07-17 08:11:00,-7.893896335609565,112.2960033342779,5.71,70,Kelud,0.225786063164321,22.58,Aman,10.717176023026653
2024-07-17 11:59:00,-7.94663593958086,112.943090794355,2.96,1,Bromo,0.4580297103132977,45.8,Aman,5.037747041354346
2024-07-19 02:36:00,-7.940520246813125,112.2902683802964,1.88,8,Kelud,0.0603341309524839,6.03,Aman,3.0
2024-07-20 08:35:00,-8.082255449665062,114.073996906303,5.48,66,Raung,0.002508232667391533,0.25,Aman,9.14027033200603
2024-07-21 08:06:00,-7.928279557679426,112.2799561892378,3.23,51,Kelud,0.01539735764114879,1.54,Aman,4.626941069512191
2024-07-21 16:02:00,-7.92756052269848,112.3278688003036,2.04,34,Kelud,0.0030036670295494083,0.3,Aman,3.0
2024-07-21 18:32:00,-8.194866894505262,114.0252015753266,4.15,63,Raung,0.027152870404371088,2.72,Aman,6.446426431572856
2024-07-22 02:25:00,-8.108585371241487,112.9485043581618,2.56,32,Semeru,0.06087645182541174,6.09,Aman,3.4973082803169864
2024-07-22 06:03:00,-7.913340130558596,112.2597808315951,4.82,37,Kelud,0.12851054565709016,12.85,Aman,8.222558278127787
2024-07-22 06:12:00,-8.165845025655015,112.8830845909744,2.29,18,Semeru,0.057515537995278906,5.75,Aman,3.0206419882858344
2024-07-22 13:14:00,-7.963307591513786,112.2414067158619,3.46,47,Kelud,0.01488345916628126,1.49,Aman,5.058466339086409
2024-07-22 18:14:00,-8.005260170614788,114.1737834442046,4.0,11,Ijen,0.20564477853310728,20.56,Aman,6.686264661319578
2024-07-23 11:29:00,-7.926660283749196,112.9218704115211,2.71,8,Bromo,0.05321250515045253,5.32,Aman,3.752009964975542
2024-07-23 13:05:00,-8.036654707432318,114.1995042334042,2.62,22,Ijen,0.00028002235849105503,0.03,Aman,3.4982631920299303
2024-07-23 23:45:00,-8.098463821859653,114.0288598263011,4.02,17,Raung,0.11712636129728907,11.71,Aman,6.4596747748876595
2024-07-24 00:58:00,-7.933858015303232,112.3090277305809,1.52,2,Kelud,0.04284582979235917,4.28,Aman,3.0
2024-07-24 21:50:00,-7.920780334201297,112.9347375623313,1.22,9,Bromo,0.0001,0.01,Aman,3.0
2024-07-25 09:13:00,-7.941041004332058,112.9404090957866,2.83,19,Bromo,0.03908916208260024,3.91,Aman,3.942108622660732
2024-07-25 18:02:00,-8.160923900207472,112.8660263571771,2.84,57,Semeru,0.005205175887931206,0.52,Aman,3.894418892133341
2024-07-26 20:22:00,-8.099090541360015,114.0149293546247,5.46,53,Raung,0.1812437143118873,18.12,Aman,9.908881452611672
2024-07-27 14:12:00,-8.12268559063162,112.9078584770938,3.19,7,Semeru,0.2846981909986744,28.47,Aman,5.16091528297215
2024-07-28 12:26:00,-8.123224419999877,114.2532486075143,5.92,34,Ijen,0.14664962567896883,14.66,Aman,10.833016088204786
2024-07-28 19:24:00,-8.043239580646208,114.2308018832442,3.45,14,Ijen,0.37592744433759456,37.59,Aman,5.942483739460127
2024-07-28 21:42:00,-8.086724381102263,112.8683921956926,3.99,34,Semeru,0.04386011380044675,4.39,Aman,6.175696391684145
2024-07-30 12:45:00,-8.051831910078265,114.2516189562421,3.25,2,Ijen,0.2824866138020943,28.25,Aman,5.282343180417884
2024-07-31 03:35:00,-7.950036782647888,112.373854339969,4.47,20,Kelud,0.0012026849053778101,0.12,Aman,7.0090774878229585
2024-07-31 20:02:00,-7.924712838329512,112.301622531212,2.47,3,Kelud,0.0001,0.01,Aman,3.2398712604373685
2024-08-01 17:42:00,-8.101142374362261,114.0500610744853,1.71,13,Raung,0.0003168147292434075,0.03,Aman,3.0
2024-08-01 21:52:00,-8.096135061005768,114.3107190997701,3.68,47,Ijen,0.0001,0.01,Aman,5.440312894500104
2024-08-02 18:27:00,-8.150904273668813,112.9326995650902,4.15,65,Semeru,0.0005113891539032127,0.05,Aman,6.361705465820033
2024-08-03 09:53:00,-8.045121035454324,114.1891470906485,4.55,49,Ijen,0.17455100634867546,17.46,Aman,7.793892636385028
2024-08-04 22:02:00,-8.137549281316113,112.86153844192,4.65,42,Semeru,0.12780410400463113,12.78,Aman,7.8449555157381035
2024-08-05 07:16:00,-8.111058122088533,114.0234304885134,1.08,11,Raung,0.004709817733873524,0.47,Aman,3.0
2024-08-05 09:41:00,-7.878281842139875,113.0170090836256,3.42,25,Bromo,0.1964907450828112,19.65,Aman,5.4316692910124535
2024-08-06 16:57:00,-7.932569683625116,112.963273985968,3.26,8,Bromo,0.3235865178615894,32.36,Aman,5.3989801697926945
2024-08-07 11:12:00,-8.067721992407515,114.2430138602275,3.61,8,Ijen,0.5017131348302297,50.17,Aman,6.636924474366119
2024-08-08 19:32:00,-8.13182232197717,112.9423259587683,4.72,65,Semeru,0.037055586385983795,3.71,Aman,7.657684734994938
2024-08-09 16:58:00,-7.931876398301521,112.310313491477,3.19,13,Kelud,0.23627244579706488,23.63,Aman,5.051526143748007
2024-08-11 02:57:00,-8.13763875369338,114.0252082783279,2.6,8,Raung,0.0027093010711082715,0.27,Aman,3.46779384546339
2024-08-11 03:36:00,-7.936044375576748,112.2963364254259,2.62,14,Kelud,0.07334249691136271,7.33,Aman,3.6260411844060028
2024-08-12 00:33:00,-7.933562856492894,112.9456454024512,3.0,4,Bromo,0.2562592666140953,25.63,Aman,4.705617674587732
2024-08-12 04:18:00,-8.100202039144852,112.8586354761092,3.37,26,Semeru,0.0001,0.01,Aman,4.852221136597513
2024-08-12 12:32:00,-8.096500313631637,112.9268176901937,1.16,17,Semeru,0.00041424552127408975,0.04,Aman,3.0
2024-08-13 07:21:00,-8.12339174909804,112.9192237416423,4.98,6,Semeru,0.8313192706873892,83.13,Terdampak,11.41187470667584
2024-08-13 07:25:00,-8.106633731819418,114.0278056504598,3.84,15,Raung,0.20581768383753274,20.58,Aman,6.341181882347051
2024-08-13 16:18:00,-7.956398571343331,112.9610596225098,1.15,14,Bromo,0.0013117878615816956,0.13,Aman,3.0
2024-08-13 23:54:00,-7.898575621161071,112.3004729319158,4.94,29,Kelud,0.21954965317645878,21.95,Aman,8.852784713123306
2024-08-15 03:44:00,-8.151410067292263,112.9296506310815,2.3,70,Semeru,0.07235703676059083,7.24,Aman,3.0597135603293046
2024-08-15 08:55:00,-8.051220593927415,114.1922191171184,5.56,30,Ijen,0.2832528922622345,28.33,Aman,10.619920113333968
2024-08-15 23:00:00,-8.125191537907712,114.0577677041416,1.76,8,Raung,0.017605985065397754,1.76,Aman,3.0
2024-08-16 00:40:00,-7.928639208595404,112.9667347408987,3.09,6,Bromo,0.1998968743814751,19.99,Aman,4.767803523560429
2024-08-16 06:51:00,-7.932929447624375,112.9358052639717,4.65,57,Bromo,0.37991317897410626,37.99,Aman,8.774451080920599
2024-08-16 12:10:00,-8.194383106071573,114.0823563501388,5.81,48,Raung,0.16193270680562688,16.19,Aman,10.647340629876888
2024-08-18 09:41:00,-7.938351096747209,112.9294268481334,4.01,40,Bromo,0.0429043760748498,4.29,Aman,6.213062572502366
2024-08-19 02:08:00,-8.101844876553018,114.0309650645752,2.03,18,Raung,0.07008078842228514,7.01,Aman,3.0
2024-08-19 11:23:00,-7.941636973171216,112.3057141946273,3.09,10,Kelud,0.022336369245930496,2.23,Aman,4.382979302075754
2024-08-19 14:49:00,-7.897769599248816,112.2605016933998,5.03,54,Kelud,0.17001553105379164,17.0,Aman,8.860765172561957
2024-08-19 23:07:00,-8.018707359038098,114.2556870086417,5.5,70,Ijen,0.21606949093885475,21.61,Aman,10.163069030528339
2024-08-21 19:29:00,-8.082861663559864,114.3103450588725,3.62,58,Ijen,0.0001,0.01,Aman,5.32528500558612
2024-08-24 15:11:00,-8.12952100880229,114.2711128475882,2.86,10,Ijen,0.0005005084687096792,0.05,Aman,3.92088869182838
2024-08-25 03:41:00,-7.894011087112993,112.3432563209985,5.24,53,Kelud,0.25564483099047663,25.56,Aman,9.713402719265169
2024-08-25 11:29:00,-8.114178181428793,114.3040321907625,4.71,0,Ijen,0.460819444907434,46.08,Aman,9.225224281963824
2024-08-25 11:48:00,-7.927803460122517,113.0009865098477,2.77,28,Bromo,0.039494009280746055,3.95,Aman,3.8345653017092682
2024-08-27 08:46:00,-7.924177133866078,112.3482872465397,5.54,24,Kelud,0.24213687716712692,24.21,Aman,10.379939452014233
2024-08-27 15:36:00,-7.906392994989011,112.3574633879456,3.62,16,Kelud,0.003931483409682002,0.39,Aman,5.335486366093461
2024-08-28 12:08:00,-7.955057497022664,112.9580873375109,2.81,9,Bromo,0.017403642833250247,1.74,Aman,3.864390634530249
2024-08-29 01:15:00,-8.010352942636779,114.3001288049243,3.75,29,Ijen,0.06732731834067807,6.73,Aman,5.762618856006372
2024-08-29 07:33:00,-7.99317714667953,114.259162198482,3.39,33,Ijen,0.024006417672544012,2.4,Aman,4.948134512846664
2024-08-29 11:47:00,-7.927449821430088,112.9641033058116,3.96,18,Bromo,0.28503635086329937,28.5,Aman,6.837020142162751
2024-08-30 21:14:00,-8.068942222923473,114.2587631012799,1.49,1,Ijen,0.050275311925670946,5.03,Aman,3.0
2024-08-30 22:14:00,-8.135542926549713,114.0846486210207,5.29,41,Raung,0.0658491204351305,6.58,Aman,9.0066021200715
2024-08-31 10:23:00,-7.888337758639099,112.9405463292779,3.1,48,Bromo,0.029236998086308152,2.92,Aman,4.416446545495105
2024-08-31 14:45:00,-8.173113518552938,112.911261293359,2.26,13,Semeru,0.0007251194672268152,0.07,Aman,3.0
2024-09-01 06:12:00,-7.924184434260269,112.3106381888045,2.66,5,Kelud,0.26948004145035154,26.95,Aman,4.04801860348741
2024-09-01 15:46:00,-7.925127826323042,112.9682034143291,2.81,12,Bromo,0.12085329847557989,12.09,Aman,4.06255121673687
2024-09-01 23:29:00,-8.093599518159092,112.920963867647,1.05,2,Semeru,0.00043583285868114484,0.04,Aman,3.0
2024-09-02 01:26:00,-8.104540443764295,114.037395294935,3.81,11,Raung,0.18739356006453317,18.74,Aman,6.224427343641348
2024-09-02 12:27:00,-7.974299819835839,112.9333170298067,4.34,24,Bromo,0.0008595332767186486,0.09,Aman,6.744088388532921
2024-09-03 04:17:00,-8.052676796889335,114.2575212648742,2.9,5,Ijen,0.11604589275182359,11.6,Aman,4.222916401412828
2024-09-04 01:54:00,-8.144638903307536,112.9797245694543,4.58,59,Semeru,0.11284326549300208,11.28,Aman,7.6376966841659915
2024-09-04 03:25:00,-8.073824886621953,114.0842586167959,3.5,22,Raung,0.0011296544526871368,0.11,Aman,5.09957155213227
2024-09-04 04:55:00,-8.00847029556742,114.2071911455769,4.5,44,Ijen,0.0027874646698334113,0.28,Aman,7.075891041074969
2024-09-04 15:45:00,-8.131073633563181,112.9070300732996,3.62,30,Semeru,0.06584912043512468,6.58,Aman,5.500342655295457
2024-09-04 16:40:00,-8.145672308721814,113.9707869754268,4.91,6,Raung,0.4106646691170002,41.07,Aman,9.539217409806211
2024-09-04 20:31:00,-8.095769597333193,112.9184063613099,3.39,15,Semeru,0.14164658991466794,14.16,Aman,5.235732116928301
2024-09-04 21:42:00,-8.011506469459205,114.2133454920934,4.32,43,Ijen,0.041112086275062326,4.11,Aman,6.838576815150784
2024-09-05 04:44:00,-7.962350267875129,112.3650087570924,4.43,24,Kelud,0.1068080599850112,10.68,Aman,7.293228486209591
2024-09-06 15:12:00,-8.069400891353414,114.2943091527408,3.91,49,Ijen,0.002399187994141038,0.24,Aman,5.893190084136451
2024-09-07 01:19:00,-8.000314867971154,114.303165866955,2.69,37,Ijen,0.06117396504017783,6.12,Aman,3.7304619663604752
2024-09-07 01:55:00,-8.065418991587762,114.2555962968477,1.75,14,Ijen,0.004223170876493121,0.42,Aman,3.0
2024-09-07 20:19:00,-8.076211513634252,114.238696106826,1.62,1,Ijen,0.0001,0.01,Aman,3.0
2024-09-07 20:27:00,-8.079276170890983,114.2219399283242,1.81,18,Ijen,0.0001,0.01,Aman,3.0
2024-09-08 23:58:00,-8.040929271399138,112.916436420612,5.89,18,Semeru,0.45077715200224927,45.08,Aman,12.286373411830766
2024-09-09 03:00:00,-7.921000347759239,112.9587789271939,1.4,18,Bromo,0.0011296544526871368,0.11,Aman,3.0
2024-09-09 11:53:00,-7.97423898768311,112.9776286917035,5.94,63,Bromo,0.398553355939848,39.86,Aman,12.157429690813053
2024-09-09 18:33:00,-8.127766587758245,112.9319718849788,3.79,15,Semeru,0.15223248066684214,15.22,Aman,6.082612619147508
2024-09-09 20:25:00,-7.923581519732746,112.3206222390443,1.96,15,Kelud,0.034085102292220136,3.41,Aman,3.0
2024-09-10 14:49:00,-7.941618347078297,112.3041802176549,1.51,3,Kelud,0.008157808745286823,0.82,Aman,3.0
2024-09-10 15:25:00,-8.162203270064913,112.9695262042517,5.32,6,Semeru,0.3368630205271854,33.69,Aman,10.263332111880326
2024-09-10 21:26:00,-8.151050502635536,112.9198020522503,4.21,32,Semeru,0.0014310185249964442,0.14,Aman,6.4845128498062286
2024-09-11 06:28:00,-8.103661798037695,112.8851851208942,4.54,27,Semeru,0.1686714854106266,16.87,Aman,7.750618886306165
2024-09-11 08:18:00,-7.914721729240541,112.9131931742408,2.66,32,Bromo,0.0001,0.01,Aman,3.5675317081268516
2024-09-11 10:51:00,-7.967657959204327,112.8898172272295,4.81,51,Bromo,0.0031188421820934763,0.31,Aman,7.717298872341388
2024-09-12 00:48:00,-7.886682765038281,113.01977307933,5.33,5,Bromo,0.38366623212009765,38.37,Aman,10.494477486844923
2024-09-12 05:52:00,-8.104266392029789,114.2043402969399,4.59,61,Ijen,0.13522918314788204,13.52,Aman,7.740535237870646
2024-09-12 19:56:00,-8.092062379387132,114.2284373373697,4.2,39,Ijen,0.020314278305934495,2.03,Aman,6.525488295363289
2024-09-13 08:17:00,-8.060867649307689,112.9519107845549,4.72,47,Semeru,0.07500315388542139,7.5,Aman,7.800336958288551
2024-09-13 18:21:00,-8.047291208851552,114.2034750937584,4.82,11,Ijen,0.23385661815896472,23.39,Aman,8.629516196323646
2024-09-13 20:46:00,-8.069772053118308,114.1715827182915,3.33,70,Ijen,0.0001,0.01,Aman,4.777483741276973
2024-09-14 20:30:00,-8.127587456897988,114.2385402619018,3.86,45,Ijen,0.0001,0.01,Aman,5.788755548270493
2024-09-16 18:41:00,-7.97040845199472,112.3633673456488,3.74,67,Kelud,0.00038922091874987345,0.04,Aman,5.556708221159004
2024-09-16 23:54:00,-8.168117816797619,113.9932532919714,4.35,21,Raung,0.15022889252494376,15.02,Aman,7.269268853885351
2024-09-19 18:49:00,-7.924558631453565,112.3091397017617,1.05,9,Kelud,0.02186768729987424,2.19,Aman,3.0
2024-09-21 11:40:00,-8.031298472805625,114.2647336673782,3.86,33,Ijen,0.0012780417197296215,0.13,Aman,5.792165075564717
2024-09-22 17:57:00,-7.911717626093851,112.3099236679248,3.15,7,Kelud,0.26913809442145026,26.91,Aman,5.042369313135572
2024-09-22 18:22:00,-7.936112941724258,112.9624057149931,3.46,1,Bromo,1.0,100.0,Terdampak,7.531650998583563
2024-09-23 05:27:00,-7.999616766596962,114.3081969489616,2.91,59,Ijen,0.0001,0.01,Aman,4.009429670071621
2024-09-23 22:17:00,-8.105631475151776,114.0416373852623,2.86,2,Raung,0.2834460813481065,28.34,Aman,4.4754489593260995
2024-09-24 04:07:00,-8.095670213051097,112.9726369347944,4.09,48,Semeru,0.10972859790339831,10.97,Aman,6.5831976552660985
2024-09-24 22:10:00,-7.957679832535637,112.339201436417,4.8,65,Kelud,0.14162644613111494,14.16,Aman,8.228626198139516
2024-09-25 11:18:00,-7.933170521189357,112.950098705582,2.94,7,Bromo,0.17498276854072528,17.5,Aman,4.418525385323748
2024-09-27 02:52:00,-7.93412753327287,112.3164046937518,2.32,10,Kelud,0.07081322306556605,7.08,Aman,3.0920414998914976
2024-09-28 03:25:00,-8.134912233778566,114.0481531517816,1.68,2,Raung,0.054966077519504754,5.5,Aman,3.0
2024-09-28 07:20:00,-8.119017875577633,114.0375326559379,3.35,9,Raung,0.2021372472496072,20.21,Aman,5.30118104195199
2024-09-28 16:13:00,-8.084769553605868,114.0511060386325,5.66,57,Raung,0.3937014608347606,39.37,Aman,11.394659441643832
2024-09-28 18:44:00,-8.12733600186888,114.2239111147382,5.89,63,Ijen,0.0183080669005963,1.83,Aman,10.118295149680048
2024-09-28 18:57:00,-7.992756344152398,112.9062514582383,3.28,48,Bromo,0.006264220344062477,0.63,Aman,4.6988775659889255
2024-09-29 01:22:00,-7.930452074027289,112.3228251103251,1.41,11,Kelud,0.0018014480836675304,0.18,Aman,3.0
2024-09-29 05:45:00,-7.930045153959231,112.9548938784763,3.15,2,Bromo,0.4593795944408902,45.94,Aman,5.46511480585865
2024-09-29 11:50:00,-7.933588823225515,112.9369093941838,1.54,2,Bromo,0.0001,0.01,Aman,3.0
2024-09-30 00:03:00,-7.952737645321747,112.9324287544127,5.52,24,Bromo,0.28617388741873495,28.62,Aman,10.534163757271815
2024-10-01 07:50:00,-8.05789618347148,114.2442270613288,3.49,10,Ijen,0.012875251750570381,1.29,Aman,5.110459132301644
2024-10-01 08:26:00,-7.956157652836473,112.9667415914607,3.65,6,Bromo,0.2068467600539144,20.68,Aman,5.939131013095606
2024-10-01 16:38:00,-7.954222533007372,112.9371901595134,3.09,12,Bromo,0.0007649439261700497,0.08,Aman,4.3362278752950365
2024-10-01 19:51:00,-8.105102068961225,112.8616104178472,3.14,31,Semeru,0.0005600447169820346,0.06,Aman,4.427210151604412
2024-10-03 07:20:00,-7.969191184928155,112.9070154341995,4.23,40,Bromo,0.1443587275444312,14.44,Aman,6.990527068207122
2024-10-03 14:51:00,-8.119726049206081,114.0854431053157,2.02,51,Raung,0.00011886086737905646,0.01,Aman,3.0
2024-10-04 04:10:00,-8.071388075825343,114.0856305826011,4.92,16,Raung,0.12646782338479923,12.65,Aman,8.436910722276638
2024-10-04 05:47:00,-8.069347354394878,114.2287125726956,3.68,9,Ijen,0.3470840476503153,34.71,Aman,6.384116598623822
2024-10-04 15:11:00,-8.159259405776965,112.8817848212889,2.1,16,Semeru,0.004272518025829318,0.43,Aman,3.0
2024-10-05 18:50:00,-8.139932802609385,114.0330135952841,3.8,64,Raung,0.0793519215366918,7.94,Aman,5.896803799180645
2024-10-06 07:45:00,-8.08402094259261,114.2161857960338,5.54,37,Ijen,0.2872000637305426,28.72,Aman,10.588558806526642
2024-10-07 14:34:00,-8.067582094871291,114.2581050512219,1.85,19,Ijen,0.01182003936099951,1.18,Aman,3.0
2024-10-07 17:38:00,-8.0593358670953,112.8809903511922,3.57,38,Semeru,0.05872016173793343,5.87,Aman,5.383144069348636
2024-10-08 06:54:00,-8.14558864295448,112.8480074729467,5.23,12,Semeru,0.1809437917309632,18.09,Aman,9.368426907090468
2024-10-08 11:08:00,-8.100072399010175,114.0222542990544,2.84,4,Raung,0.16830602481073875,16.83,Aman,4.2111859915832515
2024-10-08 16:06:00,-8.071451248948225,114.2890713855478,3.66,22,Ijen,0.004061132127265455,0.41,Aman,5.412605574870864
2024-10-08 22:44:00,-7.998800135649009,112.9863374173984,4.07,9,Bromo,0.263849262608301,26.38,Aman,7.01924243333642
2024-10-09 12:39:00,-8.124399601630033,114.0765572877509,4.71,10,Raung,0.3180499525653591,31.8,Aman,8.690003955172518
2024-10-09 23:00:00,-7.974077416787543,112.3185748980541,3.26,43,Kelud,0.007194498701345202,0.72,Aman,4.663826034495469
2024-10-10 09:00:00,-7.991319403405152,113.011182034609,2.21,24,Bromo,0.015287979672175224,1.53,Aman,3.0
2024-10-10 14:09:00,-7.89871369448147,112.2527026531779,2.18,4,Kelud,0.10651729468549728,10.65,Aman,3.0
2024-10-10 22:37:00,-8.103156098922122,114.0563206412779,3.58,10,Raung,0.051001170488995794,5.1,Aman,5.382497629020046
2024-10-10 23:42:00,-8.114084222840567,114.2653511463235,4.93,44,Ijen,0.2214374906337744,22.14,Aman,8.837004913491183
2024-10-11 16:06:00,-8.05504669627384,114.2864502479379,3.51,7,Ijen,0.1416264461311216,14.16,Aman,5.477885835509128
2024-10-12 20:58:00,-7.952410046208722,112.9460603770946,3.84,6,Bromo,0.40947830494050447,40.95,Aman,6.926655944935458
2024-10-13 00:37:00,-8.124940767139979,112.9323446765769,4.48,15,Semeru,0.14133855043956325,14.13,Aman,7.521712996813475
2024-10-13 10:11:00,-8.142405759995418,114.05643419661,4.59,6,Raung,0.3823928923652466,38.24,Aman,8.63654181918727
2024-10-13 23:09:00,-7.879732488892812,113.0151410408861,2.91,66,Bromo,0.1474011110974577,14.74,Aman,4.304711628608025
2024-10-14 15:10:00,-8.068652385413515,114.2353884954295,3.8,34,Ijen,0.0676615415015659,6.77,Aman,5.863651220874395
2024-10-14 18:09:00,-7.962159930586506,112.9770580027509,3.76,49,Bromo,0.0014643418821966721,0.15,Aman,5.598375955067926
2024-10-14 22:20:00,-8.099786330246966,114.2226644043905,3.66,65,Ijen,0.03962374894882287,3.96,Aman,5.508653751735127
2024-10-15 07:18:00,-8.143686809390958,114.0320411514628,4.43,32,Raung,0.15180719157123967,15.18,Aman,7.449003924215893
2024-10-15 11:56:00,-8.114852799293429,114.0855919550165,4.64,47,Raung,0.06750140559499815,6.75,Aman,7.601323092948612
2024-10-15 21:23:00,-8.101697961457209,112.8852718399219,4.29,55,Semeru,0.05100117048899388,5.1,Aman,6.80973783286614
2024-10-16 13:36:00,-8.1807503129757,114.0615340334134,2.96,70,Raung,0.0001,0.01,Aman,4.099217277617264
2024-10-17 11:53:00,-8.039131896919821,114.2946219630347,3.07,11,Ijen,0.02550058524449922,2.55,Aman,4.352935835283545
2024-10-19 06:06:00,-8.050321495008289,114.2286757247803,4.43,2,Ijen,0.9181603329498842,91.82,Terdampak,10.101921704129218
2024-10-19 17:45:00,-8.091824280715235,114.204204681495,2.68,27,Ijen,0.00042136402038449864,0.04,Aman,3.6030203964011065
2024-10-20 13:08:00,-8.098685541447136,112.8660129136716,3.53,42,Semeru,0.0001,0.01,Aman,5.153815071348223
2024-10-21 01:54:00,-8.077071919168105,114.3108956707757,3.44,55,Ijen,0.0001,0.01,Aman,4.983651780413073
2024-10-22 10:15:00,-8.109834370667905,112.9305145853691,2.4,18,Semeru,0.0206065379170894,2.06,Aman,3.1530174363746903
2024-10-23 01:01:00,-8.09138432651079,112.9318192529021,3.16,13,Semeru,0.14233726780375303,14.23,Aman,4.780254891068591
2024-10-23 10:45:00,-7.999205171459081,112.3603922682326,3.98,6,Kelud,0.14709627813188966,14.71,Aman,6.466503502526295
2024-10-24 07:04:00,-8.1406171576467,113.9753498116418,3.36,19,Raung,0.3413741997191004,34.14,Aman,5.658246889741875
2024-10-26 06:00:00,-8.191429155045727,114.0349738405191,5.09,38,Raung,0.00041479958232731087,0.04,Aman,8.295129688159008
2024-10-26 06:28:00,-8.098433916893388,114.186615038327,4.81,59,Ijen,0.21711059464951563,21.71,Aman,8.541732388331983
2024-10-26 17:53:00,-8.107506351230272,112.9251598507767,3.73,18,Semeru,0.22430025088077057,22.43,Aman,6.157223191797173
2024-10-28 19:10:00,-8.058611695038556,114.0138226454556,3.84,64,Raung,0.0019279313931146113,0.19,Aman,5.755049123656193
2024-10-29 10:36:00,-7.983105765947715,113.0210996243705,4.33,67,Bromo,0.0001,0.01,Aman,6.721341774099836
2024-10-30 13:33:00,-7.910451023646811,112.3682985480434,3.69,67,Kelud,0.004301490420627389,0.43,Aman,5.471007747243535
2024-10-30 17:00:00,-7.981680378798574,112.9239894777108,2.82,5,Bromo,0.11331710582901677,11.33,Aman,4.066853363183335
2024-10-31 07:20:00,-8.122283746786938,112.9043935912293,1.36,8,Semeru,0.002508232667391584,0.25,Aman,3.0
2024-10-31 15:32:00,-7.920906448679151,112.9865302805078,2.14,29,Bromo,0.0001,0.01,Aman,3.0
2024-10-31 20:53:00,-8.18021874520367,112.9319663427489,4.5,40,Semeru,0.01287274419277161,1.29,Aman,7.111522549800664
2024-11-01 00:05:00,-8.000325151151841,112.3036940556044,5.99,3,Kelud,0.670315377796977,67.03,Aman,13.6831922922403
2024-11-02 08:43:00,-8.086818645972926,114.1946727349782,3.65,14,Ijen,0.019259703031722634,1.93,Aman,5.4342911990304845
2024-11-03 12:45:00,-8.058724251884671,114.2554432308049,1.55,10,Ijen,0.05486429895169552,5.49,Aman,3.0
2024-11-04 14:13:00,-8.078280918827485,114.2353450047363,5.3,67,Ijen,0.21945719580676537,21.95,Aman,9.700082064776938
2024-11-04 16:17:00,-7.920705829825472,112.3058587007871,1.34,15,Kelud,0.00013987908876658797,0.01,Aman,3.0
2024-11-05 03:31:00,-8.188254559640386,114.0175573079618,3.2,35,Raung,0.0062636725369891256,0.63,Aman,4.550435738278383
2024-11-05 11:37:00,-7.996032531365852,112.2397307233648,5.02,46,Kelud,0.14413467879851039,14.41,Aman,8.732465885641897
2024-11-06 01:52:00,-7.885421309541607,112.9413922352967,3.06,12,Bromo,0.00048305142522304213,0.05,Aman,4.2809754277330265
2024-11-06 04:02:00,-8.027350091812577,114.2647081725157,3.57,62,Ijen,0.0028501796962938676,0.29,Aman,5.237055170006351
2024-11-06 16:35:00,-7.936451415086966,112.3312659874719,2.74,16,Kelud,0.01528797967217525,1.53,Aman,3.7357934001744186
2024-11-07 02:44:00,-7.913524714996233,112.9653567788554,5.0,40,Bromo,0.18638963779993722,18.64,Aman,8.858466973602923
2024-11-07 15:27:00,-8.111257687938608,114.0575254583296,2.46,42,Raung,0.0001,0.01,Aman,3.222829671672053
2024-11-07 16:41:00,-8.155361561797658,112.8831020212976,5.79,37,Semeru,0.13885170631075264,13.89,Aman,10.48655434167018
2024-11-08 07:39:00,-7.995205698144722,114.261421812293,5.65,64,Ijen,0.026176412171717324,2.62,Aman,9.62299459119878
2024-11-09 02:29:00,-8.088278877832206,114.0450897161878,5.92,40,Raung,0.5146032237806157,51.46,Aman,12.689885136728355
2024-11-10 04:10:00,-7.932990214751879,112.9470637364164,3.47,11,Bromo,0.27915503873928144,27.92,Aman,5.743441348925243
2024-11-11 07:03:00,-8.176448615573065,114.0604606105172,3.46,25,Raung,0.01528797967217525,1.53,Aman,5.05948190817713
2024-11-11 13:11:00,-8.11888388651333,112.8695337660423,4.37,10,Semeru,0.1363189740501802,13.63,Aman,7.265440829069217
2024-11-12 18:14:00,-8.085360732477488,112.9718647374404,5.6,23,Semeru,0.6262653257501409,62.63,Aman,12.329715033435749
2024-11-12 23:34:00,-8.110386213317657,114.2795346908806,4.44,61,Ijen,0.17954224206339933,17.95,Aman,7.567164168997102
2024-11-13 04:01:00,-8.10435521565182,112.9120756532322,1.55,9,Semeru,0.048420518666130764,4.84,Aman,3.0
2024-11-14 10:12:00,-8.198229577566085,114.018765931129,3.69,32,Raung,0.0001,0.01,Aman,5.459539219803385
2024-11-15 10:52:00,-8.194780222991453,114.0788092167515,5.39,20,Raung,0.1632360431017529,16.32,Aman,9.663608106743325
2024-11-15 16:02:00,-8.045949545164028,114.2530714653916,5.13,32,Ijen,0.32449540918075537,32.45,Aman,9.737585226445214
2024-11-15 19:29:00,-8.077997303425365,114.2525045489648,3.71,6,Ijen,0.4811122963637869,48.11,Aman,6.820284764242032
2024-11-15 21:15:00,-8.049006529444563,112.9762551297919,4.34,45,Semeru,0.08528524775613716,8.53,Aman,7.028653332370735
2024-11-16 20:57:00,-7.945291001905017,112.9476282743001,2.91,3,Bromo,0.2522487741381316,25.22,Aman,4.514890785166672
2024-11-16 22:44:00,-8.112032148563276,112.9274998378625,2.82,16,Semeru,0.1846308373632805,18.46,Aman,4.204089033178777
2024-11-17 11:22:00,-8.11683902886174,112.960478382463,3.11,64,Semeru,0.06629508313644793,6.63,Aman,4.515967963320665
2024-11-17 16:14:00,-8.044842561341914,114.2403427198587,2.38,6,Ijen,0.0001,0.01,Aman,3.0872497089422506
2024-11-18 02:58:00,-8.13980909897733,114.0577955989141,3.79,23,Raung,0.2252632366574271,22.53,Aman,6.289011231734461
2024-11-19 04:06:00,-7.872561889260039,112.3148681788223,4.13,53,Kelud,0.020348347093061693,2.03,Aman,6.384565225813617
2024-11-19 07:58:00,-8.103605726965858,114.245449580425,2.15,46,Ijen,0.0001,0.01,Aman,3.0
2024-11-20 00:59:00,-8.080674168590589,112.8815100529499,3.66,68,Semeru,0.05486429895169451,5.49,Aman,5.549815712609084
2024-11-20 09:07:00,-7.92441713527517,112.3779917241345,5.17,69,Kelud,0.0023612927919347136,0.24,Aman,8.47325256560282
2024-11-20 17:41:00,-7.905703327339682,112.9597534621092,2.16,34,Bromo,0.00013987908876658797,0.01,Aman,3.0
2024-11-20 18:15:00,-7.888550277426519,112.8841316112639,3.7,24,Bromo,0.00659296798670843,0.66,Aman,5.4965670687557955
2024-11-21 05:04:00,-7.958710779150459,112.8885467669147,3.19,50,Bromo,0.0006013424526889302,0.06,Aman,4.519167601251309
2024-11-21 15:54:00,-8.072631315317118,112.9194022807249,3.88,68,Semeru,0.15313983252002913,15.31,Aman,6.273696179038496
2024-11-21 17:56:00,-8.071138229309753,114.2398309165393,5.8,53,Ijen,0.5265498672215776,52.65,Aman,12.415215731399766
2024-11-21 18:33:00,-8.084023362533406,114.0393350349855,2.23,17,Raung,0.05634249685725422,5.63,Aman,3.0
2024-11-22 19:00:00,-8.1114329849164,112.8607368710397,3.53,19,Semeru,0.042906230244288385,4.29,Aman,5.264117253529421
2024-11-23 20:11:00,-7.999201899956481,112.9045248506271,4.29,38,Bromo,0.08113710010729606,8.11,Aman,6.909795201434788
2024-11-24 05:32:00,-7.937107458768575,112.2954473358299,3.96,10,Kelud,0.3423403620904151,34.23,Aman,7.008478543180525
2024-11-24 23:18:00,-8.122582036402601,114.0474809650702,3.8,9,Raung,0.3093289181062654,30.93,Aman,6.54899221089183
2024-11-25 11:16:00,-7.92851652819184,112.3103765992972,1.21,7,Kelud,0.011832235321821946,1.18,Aman,3.0
2024-11-25 14:43:00,-7.944213728066757,112.3048885224643,2.29,11,Kelud,0.07081322306556839,7.08,Aman,3.0401643418858733
2024-11-25 21:57:00,-8.041832166101079,114.2548467658002,1.01,17,Ijen,0.0001,0.01,Aman,3.0
2024-11-26 06:25:00,-7.929868225137292,112.9685857719822,3.74,12,Bromo,0.38517512151753863,38.52,Aman,6.6255716977684935
2024-11-27 04:41:00,-7.992764611572363,114.2873486558825,4.24,30,Ijen,0.1231304586176844,12.31,Aman,6.94260247356618
2024-11-28 08:08:00,-8.136277650616675,112.9266666516395,4.85,68,Semeru,0.16584708354488842,16.58,Aman,8.43455268200575
2024-11-30 16:20:00,-8.061683387659953,114.2602789685675,2.91,45,Ijen,0.04322385343259191,4.32,Aman,4.095876376456529
2024-12-01 16:37:00,-8.140193286155393,112.8883885132782,4.72,62,Semeru,0.049582309763322854,4.96,Aman,7.704775103577536
2024-12-04 00:46:00,-8.086614254967753,114.0533131367238,4.77,69,Raung,0.37027889994254193,37.03,Aman,9.033235811048709
2024-12-04 01:04:00,-8.185698614705805,114.0441615868923,3.19,60,Raung,0.0001,0.01,Aman,4.518035116472234
2024-12-04 07:48:00,-8.023803246885523,114.2750934554324,5.67,51,Ijen,0.27026774887413113,27.03,Aman,10.831910440475701
2024-12-04 10:11:00,-8.061606008368768,114.249179533029,1.28,16,Ijen,0.0005005084687096792,0.05,Aman,3.0
2024-12-05 08:39:00,-7.929929389869893,112.9692968413557,2.66,2,Bromo,0.33177234559620683,33.18,Aman,4.159127933127238
2024-12-05 11:37:00,-8.011184542270176,114.1681073527441,5.48,48,Ijen,0.14488345463627955,14.49,Aman,9.790129341894628
2024-12-06 02:16:00,-8.155369549627311,114.1041956880467,2.34,40,Raung,0.03292456021756503,3.29,Aman,3.0695299955377644
2024-12-06 03:02:00,-8.075986677827622,112.8648803712101,5.82,56,Semeru,0.2677239165287807,26.77,Aman,11.193349510569968
2024-12-06 06:30:00,-8.105948799311058,112.9101831978182,3.28,7,Semeru,0.22683528006172257,22.68,Aman,5.215477719500099
2024-12-06 07:23:00,-8.13903778003452,114.0255506984048,3.52,16,Raung,0.20864978276177173,20.86,Aman,5.670251521028099
2024-12-06 22:00:00,-8.201362375260475,113.973619993669,3.15,8,Raung,0.0017644372521882232,0.18,Aman,4.4482244581505075
2024-12-07 16:00:00,-8.11130445938937,112.8589477541441,2.31,54,Semeru,0.0004977363049445791,0.05,Aman,3.0
2024-12-07 22:58:00,-8.00140034035918,114.1844617068325,5.27,37,Ijen,0.16771153582571346,16.77,Aman,9.404274406848629
2024-12-09 08:19:00,-8.05176283277207,114.2294873376876,3.41,6,Ijen,0.4657226446242936,46.57,Aman,6.074281585935878
2024-12-09 20:06:00,-7.929009491618226,112.3225610524937,5.02,28,Kelud,0.04585855790890242,4.59,Aman,8.33221450146923
2024-12-10 02:53:00,-7.964033515959083,112.2503958543974,5.89,10,Kelud,0.3646520323542296,36.47,Aman,11.854606133737093
2024-12-10 17:04:00,-8.129932306917866,114.0274353552108,1.75,1,Raung,0.14168215166850626,14.17,Aman,3.0
2024-12-11 17:34:00,-8.133600040478994,113.9806187404996,4.66,1,Raung,0.8143808138090941,81.44,Terdampak,10.405298835889138
2024-12-11 22:01:00,-7.987957483790622,112.9723837585582,4.64,10,Bromo,0.3263661498377423,32.64,Aman,8.553058628913739
2024-12-12 21:49:00,-7.92094616110435,113.0081047115193,2.6,12,Bromo,0.07579895943195276,7.58,Aman,3.594352336650903
2024-12-13 00:12:00,-8.030960328293043,114.2929523775949,2.24,5,Ijen,0.00023233645844681012,0.02,Aman,3.0
2024-12-13 10:21:00,-7.872305349919857,112.2868896536822,3.46,64,Kelud,0.07115925178366955,7.12,Aman,5.199749548974021
2024-12-16 22:13:00,-8.070736972180336,114.1805774579405,2.45,5,Ijen,0.0001,0.01,Aman,3.2058088527135933
2024-12-17 10:08:00,-8.117623308791343,114.2326393383509,5.17,49,Ijen,0.049087288815353965,4.91,Aman,8.670979702614016
2024-12-17 13:03:00,-8.046998730886923,112.9531521195887,3.46,8,Semeru,0.015850342940695185,1.59,Aman,5.060893749468102
2024-12-18 04:59:00,-8.003665077278717,112.9114276750404,3.68,43,Bromo,0.0001,0.01,Aman,5.440312894500104
2024-12-18 07:07:00,-7.929445451121148,112.2953200979983,3.51,22,Kelud,0.10813889893358346,10.81,Aman,5.392230860155828
2024-12-20 03:25:00,-7.932690578153833,112.9425306858805,2.16,19,Bromo,0.0004738389768369262,0.05,Aman,3.0
2024-12-20 23:03:00,-8.128833209431308,114.0232769951585,2.73,15,Raung,0.0001,0.01,Aman,3.690057684942427
2024-12-21 08:29:00,-7.963502982110443,112.9364342452135,6.0,53,Bromo,0.327981570949461,32.8,Aman,11.95490605923763
2024-12-21 12:08:00,-8.061873488495396,114.2496931639358,2.88,9,Ijen,0.0001,0.01,Aman,3.95577834117247
2024-12-22 06:55:00,-8.12792971181715,114.0670060259845,4.29,54,Raung,0.07307717269994872,7.31,Aman,6.883034615733667
2024-12-23 02:20:00,-7.956133003447512,112.9521364822721,5.26,6,Bromo,0.7765632593858649,77.66,Terdampak,12.015975781683203
2024-12-23 08:27:00,-8.106751724827891,112.9015178135898,2.03,19,Semeru,0.0005940880023252545,0.06,Aman,3.0
2024-12-23 09:34:00,-7.940660978459965,112.2900778599157,2.27,13,Kelud,0.04291868234578418,4.29,Aman,3.0
2024-12-23 10:46:00,-7.875040435980634,112.3760437157027,5.87,39,Kelud,0.3471363524769757,34.71,Aman,11.71488031021392
2024-12-23 11:53:00,-8.052073640061934,114.2249179372025,5.39,61,Ijen,0.5027305477442505,50.27,Aman,11.180197966513767
2024-12-23 14:54:00,-8.003638790282894,112.9541684639073,3.8,57,Bromo,0.002508232667391584,0.25,Aman,5.67888390222897
2024-12-24 09:57:00,-7.9969767549905,112.8987166263653,4.49,27,Bromo,0.1984186764759262,19.84,Aman,7.744629614665845
2024-12-24 11:24:00,-8.1854991793235,114.0115621378089,4.42,45,Raung,0.054864298951703576,5.49,Aman,7.092545022269827
2024-12-25 11:13:00,-8.119321243188523,114.040388309356,3.54,16,Raung,0.15097475155301046,15.1,Aman,5.5630063743605795
2024-12-25 14:41:00,-8.076085716802568,114.3072110457359,4.31,41,Ijen,0.16799523125841204,16.8,Aman,7.2418375450624755
2024-12-26 15:55:00,-7.946853260414324,112.959518607158,3.26,5,Bromo,0.3934825794969633,39.35,Aman,5.561387486161222
2024-12-27 17:14:00,-7.976851527809038,112.9732706535821,3.66,2,Bromo,0.3982698877631541,39.83,Aman,6.477291913132833
2024-12-29 16:07:00,-7.969887214512007,113.0006979899435,4.17,28,Bromo,0.09077300669946549,9.08,Aman,6.690425826125255
2024-12-29 23:16:00,-8.000666103714634,112.9148243902182,5.84,20,Bromo,0.38768171627057474,38.77,Aman,11.83813094163595
2024-12-30 02:44:00,-7.968814089073542,112.3771109259309,2.42,64,Kelud,0.0001,0.01,Aman,3.154871609811841
2024-12-30 14:09:00,-7.934790749050698,112.3286611945381,2.61,17,Kelud,0.0011525801459185098,0.12,Aman,3.4824337813962107
2025-12-09 22:47:00,-8.01,114.18,2.9,17,Ijen,0.10978430344078106,10.98,Aman,4.210420373660743
2025-12-09 23:16:00,-7.96,112.77,2.1,8,Semeru,0.0001,0.01,Aman,3.0
2025-12-11 03:22:00,-7.98,114.15,2.2,4,Ijen,0.0001,0.01,Aman,3.0
2025-12-11 22:02:00,-7.92,114.16,2.2,6,Ijen,0.0001,0.01,Aman,3.0
2025-12-12 03:22:00,-8.0,114.19,2.1,11,Ijen,0.003257008505168309,0.33,Aman,3.0
2025-12-12 05:19:00,-7.98,114.18,3.0,13,Ijen,0.0001,0.01,Aman,4.171376069323276
2025-12-12 05:41:00,-7.97,114.13,2.2,6,Ijen,0.001927931393114561,0.19,Aman,3.0
2025-12-12 18:16:00,-7.91,114.14,2.0,14,Ijen,0.0002800223584910299,0.03,Aman,3.0
2025-12-13 15:03:00,-7.98,114.24,3.1,10,Ijen,0.004242061223550064,0.42,Aman,4.362047378386235
2025-12-13 15:07:00,-7.99,114.21,2.9,5,Ijen,0.001927931393114561,0.19,Aman,3.995175305452577
2025-12-13 23:27:00,-7.99,114.22,2.9,5,Ijen,0.0003724797281712772,0.04,Aman,3.9920711467148142
2025-12-13 23:54:00,-7.97,114.16,2.3,6,Ijen,0.000508563836971897,0.05,Aman,3.0
2025-12-15 00:12:00,-7.97,114.15,2.2,11,Ijen,0.03204291044922584,3.2,Aman,3.0
2025-12-15 11:35:00,-7.99,114.19,2.6,12,Ijen,0.004223170876493046,0.42,Aman,3.4704151886564025
2025-12-15 20:39:00,-7.96,114.15,2.5,10,Ijen,0.0001,0.01,Aman,3.2911200586111358
2026-06-16 08:36:00,-7.89,114.34,2.7,4,Ijen,0.00028002235849105503,0.03,Aman,3.637757085011438
