{
  "center_lat": -8.027328936193094,
  "center_lon": 113.32072842764367,
  "risk_mean": 17.7120320855615,
  "risk_max": 100.0,
  "n_events": 561
}