{
  "center_lat": -8.028368202227853,
  "center_lon": 113.31421304323271,
  "risk_mean": 18.312014260249555,
  "risk_max": 100.0,
  "n_events": 561
}