{
  "center_lat": -8.031251654499574,
  "center_lon": 113.32260433207901,
  "risk_mean": 16.828698752228163,
  "risk_max": 100.0,
  "n_events": 561
}