Acquired_Date,EQ_Lintang,EQ_Bujur,cluster_id,aco_center_lat,aco_area_km2,anomaly_score
2022-01-01 07:57:00,-7.916717236926822,112.3061172305354,0,-7.916717236926822,92.78819917355193,0.0
2022-01-03 12:48:00,-7.868128963606708,112.369014268496,0,-7.868128963606708,109.15218251760177,0.0
2022-01-03 13:56:00,-8.141551831137674,114.0651860489784,0,-8.141551831137674,42.048630903417376,0.0
2022-01-03 19:35:00,-8.133701421527677,114.0581574221127,0,-8.133701421527677,28.274333882308138,0.0
2022-01-04 13:41:00,-7.910047776492585,112.310988665706,0,-7.910047776492585,318.60587762834734,0.0
2022-01-06 21:43:00,-7.951727155089354,112.9363494824208,0,-7.951727155089354,58.04343116452408,0.0
2022-01-07 07:34:00,-8.12147034680821,114.0222914500236,0,-8.12147034680821,134.9525613145812,0.0
2022-01-12 02:21:00,-7.950031055581993,112.9512794539355,0,-7.950031055581993,36.21053179183325,0.0
2022-01-12 09:01:00,-8.059007362301589,113.997373075901,0,-8.059007362301589,48.373937531502456,0.0
2022-01-14 00:42:00,-8.116487702886182,114.053251378076,0,-8.116487702886182,40.819463337750015,0.0
2022-01-14 10:05:00,-7.910022494225677,112.2991975743061,0,-7.910022494225677,63.82229617337562,0.0
2022-01-14 12:19:00,-8.100086118922372,112.9382496730046,0,-8.100086118922372,92.10848068615216,0.0
2022-01-14 20:50:00,-7.94212865402597,112.9748334446094,0,-7.94212865402597,220.43052777734084,0.0
2022-01-15 04:26:00,-8.14116103368778,112.9615892157479,0,-8.14116103368778,295.60942951230595,0.0
2022-01-15 06:38:00,-8.086770364988952,114.2589575414479,0,-8.086770364988952,140.32268136013073,0.0
2022-01-15 08:30:00,-7.891901090579822,112.2480336252349,0,-7.891901090579822,190.5475360219332,0.0
2022-01-16 02:39:00,-8.134217526776622,112.9180416615425,0,-8.134217526776622,116.92411998485213,0.0
2022-01-18 04:38:00,-7.964557109597892,112.3168003524699,0,-7.964557109597892,136.29242089078218,0.0
2022-01-19 11:00:00,-8.152825354341882,114.066475027313,0,-8.152825354341882,126.1709051704169,0.0
2022-01-19 12:05:00,-8.105514282854502,114.1073640856964,0,-8.105514282854502,296.81239982996595,0.0
2022-01-19 21:24:00,-8.169910939791816,114.0401220548454,0,-8.169910939791816,153.69269015939267,0.0
2022-01-19 22:30:00,-8.12683435056466,114.0523341184574,0,-8.12683435056466,84.64050194716724,0.0
2022-01-20 01:17:00,-8.169501683521084,114.0449604707023,0,-8.169501683521084,42.111330805672104,0.0
2022-01-20 11:11:00,-7.973514240339685,113.0048304151398,0,-7.973514240339685,186.69464317846996,0.0
2022-01-22 11:34:00,-7.883398024253043,112.2663443683203,0,-7.883398024253043,207.61784687106064,0.0
2022-01-22 13:08:00,-7.920754809198094,112.3292467571374,0,-7.920754809198094,88.79137870298636,0.0
2022-01-23 10:28:00,-8.042132939203462,112.8738660246577,0,-8.042132939203462,264.855667017313,0.0
2022-01-23 22:19:00,-8.113031390323666,114.052395933188,0,-8.113031390323666,151.67277083775187,0.0
2022-01-23 23:14:00,-7.94986263560164,113.0071762134843,0,-7.94986263560164,567.9279925707174,0.0
2022-01-24 22:17:00,-7.978263206344961,112.3732395132086,0,-7.978263206344961,194.5426790186238,0.0
2022-01-25 02:41:00,-7.999641091118968,112.2386483357198,0,-7.999641091118968,28.274333882308138,-1.3370714474234884
2022-01-25 05:28:00,-7.912910190378409,112.3097461281619,0,-7.912910190378409,128.35060264522653,0.18369314160234348
2022-01-25 09:51:00,-8.088459102496168,112.9281807713791,0,-8.088459102496168,169.366887342247,0.4967650592358775
2022-01-25 12:18:00,-7.920619233691167,112.9052513947285,0,-7.920619233691167,84.17963742530257,-0.0862043733187926
2022-01-25 15:46:00,-7.984836053974819,112.3519153453574,0,-7.984836053974819,122.87474784534666,0.36219475183387684
2022-01-25 17:12:00,-8.101423535719341,114.2685623071441,0,-8.101423535719341,182.24770043572073,0.6403799829546895
2022-01-25 22:28:00,-7.909597185434142,112.3495245056536,0,-7.909597185434142,64.87457520158532,-0.47377940357822457
2022-01-26 15:54:00,-7.981628747320634,112.2415710199748,0,-7.981628747320634,189.0381448137486,0.5628976478578656
2022-01-26 19:52:00,-7.940872353107685,112.3253107644403,0,-7.940872353107685,46.3326084927051,-0.7871086500079418
2022-01-27 16:17:00,-8.162335086391234,114.0936592068512,0,-8.162335086391234,442.6996526300893,1.1836350186821223
2022-01-29 07:25:00,-7.944897332139233,112.3424142298435,0,-7.944897332139233,230.34507940206353,1.1910477196439928
2022-01-29 20:38:00,-8.069106232288952,114.2351192270447,0,-8.069106232288952,72.52937576862485,-0.6555443387061213
2022-01-30 04:40:00,-8.127552516228539,114.0750933350353,0,-8.127552516228539,345.202393448211,1.9167754788060472
2022-01-31 18:18:00,-8.044117906718789,114.233205669959,0,-8.044117906718789,144.75290126278634,0.26641164484249397
2022-01-31 23:24:00,-8.099009082080153,114.0164814562312,0,-8.099009082080153,282.8416258030878,1.4373891924030369
2022-02-01 03:26:00,-7.927617076198509,112.2607636011464,0,-7.927617076198509,438.39444457631186,1.639535975269891
2022-02-01 11:35:00,-7.933503448658401,112.9171435187147,0,-7.933503448658401,61.04159834758932,-0.1668752380537274
2022-02-01 16:55:00,-8.186014778908971,114.0682086489912,0,-8.186014778908971,193.2157581850906,0.9582671169256128
2022-02-02 12:47:00,-8.129788267218117,114.0456054777548,0,-8.129788267218117,122.2913779718336,0.1740008732247924
2022-02-03 03:39:00,-8.140435633188241,114.0005372641355,0,-8.140435633188241,42.84734891882791,-0.5485795264541118
2022-02-04 03:40:00,-7.891019324073403,112.2515243296851,0,-7.891019324073403,89.77850544455092,0.14867091431000823
2022-02-04 04:58:00,-7.993411853462411,112.912157511184,0,-7.993411853462411,45.70559478445291,-0.560915766400941
2022-02-08 10:32:00,-7.984972858877901,112.3053919701103,0,-7.984972858877901,99.47601508927877,0.157763780255094
2022-02-08 16:39:00,-7.883216115225961,112.968124654109,0,-7.883216115225961,110.30975805284557,0.38493631160793057
2022-02-08 17:55:00,-7.996895137026614,112.9748978905037,0,-7.996895137026614,153.38327400058142,0.06320035060016661
2022-02-08 19:32:00,-8.054471628647649,114.2337068941313,0,-8.054471628647649,32.21575887985797,-0.7444058015290063
2022-02-09 08:47:00,-8.007022823409374,114.2648785426929,0,-8.007022823409374,293.5012186702632,1.6116544649628959
2022-02-09 11:02:00,-8.056279965885585,114.2463168959872,0,-8.056279965885585,109.80820036389879,0.19444681558371862
2022-02-09 13:40:00,-7.976324463047001,112.317223945895,0,-7.976324463047001,47.177546754223485,-0.45968617821988855
2022-02-09 15:54:00,-8.142919456326107,113.9931039878811,0,-8.142919456326107,164.85189221510865,0.8274189053663052
2022-02-10 01:42:00,-8.137538522924284,114.0223271833387,0,-8.137538522924284,90.06174133412134,0.027703689386035887
2022-02-10 20:02:00,-7.903292362021368,113.0180574380883,0,-7.903292362021368,78.67809963088119,-0.1555512574130268
2022-02-11 11:06:00,-8.135846695743865,112.9183339579771,0,-8.135846695743865,68.3939140035319,-0.2111486145195422
2022-02-12 12:16:00,-7.931789743513793,112.8807586637624,0,-7.931789743513793,252.95437971828898,1.276995909265492
2022-02-12 14:08:00,-7.914127649889582,112.909311137008,0,-7.914127649889582,48.27752386354127,-0.5319815585296922
2022-02-13 16:41:00,-8.105258046029785,114.0236255910996,0,-8.105258046029785,28.274333882308138,-1.8483749462743089
2022-02-13 23:01:00,-8.134164259956174,112.912261853561,0,-8.134164259956174,241.16288128193932,1.1136207672956457
2022-02-14 16:44:00,-8.079660973766108,112.9880128014212,0,-8.079660973766108,215.49371009771693,1.0887315271492297
2022-02-14 18:34:00,-8.135995669935351,113.9820777030959,0,-8.135995669935351,257.32846322203306,0.96475114234951
2022-02-15 17:30:00,-7.994628498714133,114.1748529965384,0,-7.994628498714133,542.2509836722329,1.7444173454665295
2022-02-15 17:40:00,-7.95768126814787,112.9538660004974,0,-7.95768126814787,28.274333882308138,-1.13947728129105
2022-02-15 19:53:00,-8.057341876880054,114.2210048401417,0,-8.057341876880054,81.03417779050585,0.03627057249741304
2022-02-16 09:35:00,-8.102620568738185,114.2708452468116,0,-8.102620568738185,236.5371364819883,1.2557751448967693
2022-02-16 22:27:00,-8.046517646604613,114.2087651609963,0,-8.046517646604613,398.531090062426,1.9744455485902452
2022-02-17 19:09:00,-7.944674340229097,112.9005505902941,0,-7.944674340229097,262.5543553700852,1.379241255296183
2022-02-18 02:15:00,-7.968094587108305,112.3739132703925,0,-7.968094587108305,94.77676112688093,0.09319171064337001
2022-02-18 09:05:00,-7.920692724552178,112.9535372992365,0,-7.920692724552178,28.65197280806912,-1.0585339746650735
2022-02-19 06:31:00,-8.001036805968232,112.2431803502356,0,-8.001036805968232,250.7106576811728,1.1756705977918123
2022-02-21 13:36:00,-8.126743817218347,114.0510146530063,0,-8.126743817218347,31.042263722480655,-1.1391710073730028
2022-02-22 03:16:00,-8.079027027940375,114.0633418677963,0,-8.079027027940375,252.4716289618675,1.1396934501372937
2022-02-22 13:21:00,-7.996588243348809,114.2026528240039,0,-7.996588243348809,168.2539503455748,0.919099722932553
2022-02-22 17:37:00,-7.947537449292423,112.9347917217224,0,-7.947537449292423,28.274333882308138,-1.4593718262646973
2022-02-23 00:24:00,-7.939264456917675,112.3207743468391,0,-7.939264456917675,28.274333882308138,-1.0684165802868635
2022-02-23 13:18:00,-8.03388178310499,114.2006870637615,0,-8.03388178310499,32.57132589555807,-0.7395413009447797
2022-02-23 20:46:00,-8.168307356009775,114.0287955023706,0,-8.168307356009775,321.22412279758953,2.119391924853546
2022-02-24 01:05:00,-8.080753616537486,112.9888957940171,0,-8.080753616537486,202.12811550838782,1.0275954736837305
2022-02-24 23:32:00,-8.085469760127644,112.8883304013665,0,-8.085469760127644,59.9642191940897,-0.3664471216361359
2022-02-25 04:36:00,-8.06949530598206,112.8819428067522,0,-8.06949530598206,51.04742408245654,-0.631064125428726
2022-02-25 20:30:00,-7.998495070497562,112.3798046953415,0,-7.998495070497562,32.630563936090255,-0.8524155919412141
2022-02-26 17:20:00,-7.997576445514925,112.3385832994715,0,-7.997576445514925,28.274333882308138,-1.2002620817544627
2022-02-27 10:34:00,-7.940935866791996,112.26909305415,0,-7.940935866791996,28.274333882308138,-0.8932008496363633
2022-02-28 01:37:00,-8.169538570594405,112.9336129723809,0,-8.169538570594405,100.54811274291905,0.15655787100936544
2022-03-03 14:55:00,-8.077204330103134,114.2368022853117,0,-8.077204330103134,28.274333882308138,-1.2242303446913978
2022-03-04 20:55:00,-8.091258000767896,112.8871094064781,0,-8.091258000767896,50.06921230238504,-0.25002545696478934
2022-03-08 19:10:00,-8.095052704005203,112.9458030657855,0,-8.095052704005203,143.1148140671859,0.5210613767275677
2022-03-09 13:06:00,-8.097754082592955,112.939410869908,0,-8.097754082592955,165.42903356770952,0.37150323037150007
2022-03-09 19:19:00,-8.126835988495205,112.9116424967918,0,-8.126835988495205,40.008362729450255,-0.5133871733827587
2022-03-10 01:12:00,-8.137324681393752,114.0389350510227,0,-8.137324681393752,267.09879697061945,1.261251951906092
2022-03-10 02:23:00,-8.06109905938964,114.1986593366112,0,-8.06109905938964,459.3482639247098,2.039976742181054
2022-03-11 02:13:00,-8.118832171019067,112.9261199800695,0,-8.118832171019067,28.274333882308138,-1.5733737183353944
2022-03-11 09:46:00,-8.128718269272253,112.9179092219772,0,-8.128718269272253,83.99050774523324,-0.17079504375589985
2022-03-11 11:43:00,-8.115964032453027,112.9137611868226,0,-8.115964032453027,33.65623005235557,-0.8569037691828074
2022-03-11 18:07:00,-8.102218676757085,112.9121429791275,0,-8.102218676757085,214.30028364490818,0.6789060609677268
2022-03-12 02:51:00,-7.951682008622979,112.9546779864826,0,-7.951682008622979,87.75831159346214,-0.3918822112086277
2022-03-12 10:11:00,-8.161151891053962,114.0206328292749,0,-8.161151891053962,213.23674808420063,1.0879146344831316
2022-03-12 11:44:00,-8.159233256599107,114.0268457541324,0,-8.159233256599107,50.576982679005205,-0.645454433843543
2022-03-13 05:36:00,-8.110929509896357,114.0450351115597,0,-8.110929509896357,50.4612534592,-0.7400041988695994
2022-03-13 13:08:00,-8.028222707771718,114.218177250649,0,-8.028222707771718,393.7314957884274,1.772645619680625
2022-03-13 13:56:00,-7.93383314732931,112.252658267829,0,-7.93383314732931,288.8697221251437,1.2496387666376707
2022-03-15 07:32:00,-8.11690193476015,114.0576849118472,0,-8.11690193476015,91.08207568718716,-0.11441551118395103
2022-03-16 15:13:00,-8.039380171293203,114.173052281363,0,-8.039380171293203,175.2316757106232,0.9089888229769901
2022-03-16 21:01:00,-7.926276799604771,112.9627405686623,0,-7.926276799604771,50.32981549214396,-0.6259270718277601
2022-03-17 00:16:00,-8.199928092054082,113.9697623132748,0,-8.199928092054082,132.95617291395266,0.47637152413908
2022-03-17 04:38:00,-8.099463411525615,112.9352225693756,0,-8.099463411525615,168.82772867820876,0.3581158352084607
2022-03-18 07:08:00,-8.071190584887121,114.0268589118445,0,-8.071190584887121,102.80040270484461,0.32478851046598073
2022-03-18 14:44:00,-8.117566323754614,112.9376967605634,0,-8.117566323754614,28.274333882308138,-1.0425444180184569
2022-03-18 19:45:00,-8.12586077035352,114.0246351021303,0,-8.12586077035352,39.581479056819326,-0.7889093308100869
2022-03-18 19:49:00,-7.918743694714894,112.3046321448058,0,-7.918743694714894,49.60525565346448,-0.37771856664536724
2022-03-19 07:12:00,-7.931336908205919,112.3046379937753,0,-7.931336908205919,33.882207900640694,-0.7915254941315477
2022-03-19 18:08:00,-8.13590883961665,112.927549493349,0,-8.13590883961665,236.44415518863775,1.1508944663617997
2022-03-20 16:52:00,-7.975969636710616,112.9672330615077,0,-7.975969636710616,530.7366934285199,1.728575656888107
2022-03-21 04:23:00,-8.104515407316889,114.0774670981173,0,-8.104515407316889,614.5481254082016,1.7414187813763595
2022-03-22 23:48:00,-8.062617839592606,112.9515150942091,0,-8.062617839592606,75.91203693218652,-0.27951491587931376
2022-03-23 01:18:00,-8.123650695973495,112.8641708202764,0,-8.123650695973495,122.48690417183313,0.18685615448115778
2022-03-23 04:04:00,-7.96031860465994,112.9843067309419,0,-7.96031860465994,396.2243784148493,1.2235511182301073
2022-03-24 05:34:00,-8.093702419968643,112.8732343351653,0,-8.093702419968643,230.91335950304855,1.066118171942796
2022-03-24 20:52:00,-8.049483496796121,114.1797553062567,0,-8.049483496796121,45.432164841235675,-0.5633116977495775
2022-03-25 07:02:00,-8.199881947432917,114.0539043911107,0,-8.199881947432917,28.274333882308138,-0.972512365444818
2022-03-25 21:24:00,-8.095076691014098,112.9442914601688,0,-8.095076691014098,470.2869190906402,2.10956766597082
2022-03-26 12:43:00,-8.099602976153362,112.9568998125495,0,-8.099602976153362,375.0732179280457,1.3449660915807944
2022-03-26 18:59:00,-7.939647870619711,112.9992206788084,0,-7.939647870619711,54.83760579529038,-0.37469227094579216
2022-03-27 19:18:00,-7.972890678389247,112.3608568108469,0,-7.972890678389247,41.99941481448462,-0.6247577401801488
2022-03-28 19:36:00,-8.123339299651317,114.0599104923508,0,-8.123339299651317,66.2399291286927,-0.14906367596680942
2022-03-29 03:07:00,-8.079485607692854,112.8594129070593,0,-8.079485607692854,325.16361105540875,1.6567348075044863
2022-03-29 06:36:00,-8.017506284888269,114.2190344401308,0,-8.017506284888269,202.3941295746777,1.0765788591908152
2022-03-29 19:32:00,-7.920819035232515,112.3698585318571,0,-7.920819035232515,238.79210656109822,1.3623810709608508
2022-03-30 02:27:00,-8.030343831438692,114.2693036580843,0,-8.030343831438692,253.78327828512275,1.3420230980032106
2022-03-30 12:58:00,-8.084382694769747,114.0413634547652,0,-8.084382694769747,490.4497704730532,1.933077668442952
2022-03-31 01:55:00,-8.123747172780687,112.9168529082513,0,-8.123747172780687,189.08750245985513,0.39747864948843914
2022-04-01 03:51:00,-8.120653112817681,114.0430431181575,0,-8.120653112817681,104.12524764725661,0.029899500597134022
2022-04-01 08:46:00,-7.958621833813705,112.9541846582303,0,-7.958621833813705,28.274333882308138,-1.0037689911838923
2022-04-02 16:58:00,-7.990948064559925,112.3206869453204,0,-7.990948064559925,135.371531565216,0.6155408854053261
2022-04-02 17:36:00,-8.154802943333983,112.9372870784181,0,-8.154802943333983,46.210951444506236,-0.5647925607103034
2022-04-02 20:59:00,-8.155482917052746,114.0080310682442,0,-8.155482917052746,77.14688022748942,-0.1328323021386111
2022-04-03 20:07:00,-8.08663710886625,112.9748634504888,0,-8.08663710886625,94.30025501495942,-0.13430383245670832
2022-04-04 01:51:00,-7.870306314721015,113.0166645984875,0,-7.870306314721015,50.05276752962967,-0.4574965593924851
2022-04-04 05:30:00,-8.06026167336589,114.0313091168393,0,-8.06026167336589,268.28983747660914,1.4440332445792021
2022-04-05 06:29:00,-7.877261806038777,112.9863531585974,0,-7.877261806038777,31.268946729005506,-0.9036872471556694
2022-04-05 18:14:00,-8.067828385683416,113.9868244594997,0,-8.067828385683416,183.09742613125087,0.8881908746435782
2022-04-05 21:49:00,-8.014440878093627,114.2205191558045,0,-8.014440878093627,64.18401201074641,-0.2980487394370746
2022-04-06 01:06:00,-8.117629747032133,114.0841946683404,0,-8.117629747032133,119.56925200109815,0.33376924291845683
2022-04-06 01:52:00,-8.051776300168694,114.2739157537592,0,-8.051776300168694,87.9755346445851,0.19629524594849912
2022-04-06 21:44:00,-8.14106473611579,112.8613140495551,0,-8.14106473611579,65.92613651535052,-0.4792909967627826
2022-04-07 18:53:00,-7.860213556390638,112.2786635463538,0,-7.860213556390638,137.55536993425437,0.4701126355463788
2022-04-07 20:14:00,-7.915206871235005,112.378159646595,0,-7.915206871235005,110.30975805284557,0.33788243415770824
2022-04-08 10:47:00,-7.982819609687915,112.9834356040801,0,-7.982819609687915,101.76495334126972,0.18669975847366138
2022-04-10 16:51:00,-8.073974807211206,112.859493974416,0,-8.073974807211206,291.24811141692936,1.4078345812584574
2022-04-11 05:21:00,-8.105489851269471,114.2666786059888,0,-8.105489851269471,59.0317077898745,-0.36790175126841285
2022-04-11 16:11:00,-8.19610872424601,114.0081433673354,0,-8.19610872424601,99.94754237404297,0.19338297287839087
2022-04-12 22:12:00,-8.012082675660173,114.2074271788194,0,-8.06947248405143,44.300152426204065,0.24974666620652697
2022-04-12 22:12:00,-8.06947248405143,112.8736233782272,0,-8.06947248405143,44.300152426204065,-0.7147312436057072
2022-04-12 23:04:00,-7.940487194701836,112.3123922511462,0,-7.940487194701836,28.274333882308138,-1.8549926578282485
2022-04-12 23:20:00,-7.944606552034854,112.3641714778499,0,-7.944606552034854,50.955223967962745,-0.5232765385124928
2022-04-13 11:34:00,-7.93741333819136,112.3800551721427,0,-7.93741333819136,40.954298984182785,-0.7933510115270818
2022-04-14 01:23:00,-7.882979364203883,112.3709399254636,0,-7.882979364203883,46.78181628201906,-0.8325162788042069
2022-04-14 01:39:00,-7.982407376889055,112.9421218090306,0,-7.982407376889055,352.96351476337543,1.6016514374042319
2022-04-14 08:06:00,-7.932226663650177,112.2931284666127,0,-7.932226663650177,36.20988444117515,-0.755517260021136
2022-04-14 11:27:00,-7.921248434249693,112.9589013354087,0,-7.921248434249693,29.879203489131033,-1.0432191196067342
2022-04-14 13:15:00,-7.919528630275589,112.2927002481064,0,-7.919528630275589,28.274333882308138,-1.2494673182208265
2022-04-14 13:55:00,-8.159199015498785,113.98672039976,0,-8.159199015498785,138.63352881563011,0.5292295235927045
2022-04-14 14:19:00,-8.14660505155383,112.9868570482457,0,-8.14660505155383,52.43290370561793,-0.5806249396376203
2022-04-15 16:10:00,-7.945641798728021,112.3221792837897,0,-7.945641798728021,137.20033316758483,0.41203046377687674
2022-04-16 12:54:00,-7.966616443753786,112.9799473665104,0,-7.966616443753786,430.3915923287397,1.8099334106347973
2022-04-18 10:48:00,-8.110109207802482,114.0128547671533,0,-8.110109207802482,69.48685178824212,-0.23261861083621313
2022-04-18 16:09:00,-8.08105553146382,114.1090817447866,0,-8.08105553146382,54.10874109772509,-0.4968661446761693
2022-04-19 05:13:00,-7.957886879813556,112.2603029521536,0,-7.957886879813556,298.091933833139,1.5304273394736063
2022-04-19 19:59:00,-7.901959499088716,112.9935383114962,0,-7.901959499088716,255.05264863491638,1.2719964561014636
2022-04-20 06:56:00,-8.153533904975493,112.899815019232,0,-8.153533904975493,29.59989386708196,-0.9707742599061225
2022-04-20 09:39:00,-7.941770082579577,112.2807922129151,0,-7.941770082579577,63.664159818263435,-0.27927055621841174
2022-04-20 16:55:00,-7.878805881956137,112.8827934571438,0,-7.878805881956137,114.45555831218132,0.296511925312881
2022-04-20 20:46:00,-8.119790394494354,114.2846257905039,0,-8.119790394494354,301.59770490233046,1.176751869988003
2022-04-20 23:21:00,-8.133602046538906,112.9820565672813,0,-8.133602046538906,214.05687671558456,1.0904521782895784
2022-04-21 05:04:00,-8.129903140308901,114.0924264717197,0,-8.129903140308901,298.6568471555684,1.5586155739493195
2022-04-21 17:24:00,-8.103456656257743,112.9279156369138,0,-8.103456656257743,28.274333882308138,-1.0059534675738464
2022-04-22 12:32:00,-7.898059352183734,112.3180956238197,0,-7.898059352183734,32.28680869246652,-0.9083748605369738
2022-04-22 13:45:00,-7.960816611236697,112.3707599558378,0,-7.960816611236697,268.1278040876785,1.5413907670409166
2022-04-23 08:21:00,-7.931380283597336,112.9687023023866,0,-7.931380283597336,28.274333882308138,-1.6234003720081083
2022-04-23 14:47:00,-8.120733248796999,114.0515129338611,0,-8.120733248796999,28.274333882308138,-1.7611837639954442
2022-04-24 04:35:00,-8.065600386898645,114.2251747384028,0,-8.065600386898645,58.24095212618051,-0.5156829383268293
2022-04-24 19:16:00,-8.119272860866339,112.9007911154492,0,-8.119272860866339,86.3183016623513,-0.059794738202748735
2022-04-25 02:12:00,-7.929684183709862,112.9323886466096,0,-7.929684183709862,28.275602540868373,-1.0656955813655815
2022-04-25 04:02:00,-7.99834526562185,112.8891771158991,0,-7.99834526562185,120.50689824572366,0.4518113137712134
2022-04-25 09:49:00,-8.096227650123783,112.9739990713008,0,-8.096227650123783,151.4004204397576,0.5335115358420076
2022-04-25 12:22:00,-7.962096786604308,112.9183241469402,0,-7.962096786604308,270.8427745328073,1.4615504021221415
2022-04-26 11:56:00,-8.118144717200998,114.0232388667311,0,-8.118144717200998,59.1408264696187,-0.37823270501249223
2022-04-27 00:54:00,-8.06741002562602,114.2216547535113,0,-8.06741002562602,28.274333882308138,-1.7237736044887315
2022-04-28 00:51:00,-7.9580951537756,112.9494507439011,0,-7.9580951537756,136.1606364854914,0.09806567990340663
2022-04-28 06:15:00,-7.937998057388834,112.9436015632992,0,-7.937998057388834,302.8133956646957,1.3533794717847303
2022-04-28 14:06:00,-7.946263580781884,113.0080169982037,0,-7.946263580781884,742.4071212276563,1.8694209622770248
2022-04-29 04:38:00,-8.17455471806056,114.0418046157392,0,-8.17455471806056,65.17880373043921,-0.21203354676786948
2022-04-29 05:17:00,-7.946639135797359,112.3276590538272,0,-7.946639135797359,28.274333882308138,-1.9841345055631758
2022-04-29 23:32:00,-8.100235682054766,114.2014493095349,0,-8.100235682054766,189.52582233716942,0.8762697447397272
2022-04-30 08:31:00,-8.047677569243609,114.2605603339689,0,-8.047677569243609,267.45329218034277,1.5210914741994326
2022-05-01 13:34:00,-7.877878372092454,113.0102125479923,0,-7.877878372092454,89.6346118587117,0.02775324761519632
2022-05-01 23:11:00,-7.943044104699848,113.0030355524481,0,-7.943044104699848,33.359129327429905,-0.8358972206715628
2022-05-02 01:30:00,-7.895164803657712,112.3121549442162,0,-7.895164803657712,77.16756417175536,-0.02520752969688452
2022-05-02 18:06:00,-8.111194941786454,114.0275338490628,0,-8.111194941786454,57.974646086376374,-0.5045820310280804
2022-05-03 20:06:00,-8.105149038799878,114.0509603406488,0,-8.105149038799878,120.34042715590861,0.07741949095356176
2022-05-05 02:48:00,-8.093141652593935,112.938357327881,0,-8.093141652593935,60.914683486542856,-0.1768747862284838
2022-05-05 15:21:00,-8.124476437883997,112.9367514717219,0,-8.124476437883997,30.943391835907217,-0.7549837321357593
2022-05-06 23:39:00,-7.913397644711904,112.3240040525849,0,-7.913397644711904,28.274333882308138,-1.5634406894283681
2022-05-07 01:54:00,-8.161964544652097,114.0140996009133,0,-8.161964544652097,71.81443997996361,-0.0554468169190713
2022-05-07 09:53:00,-8.097549819841422,114.1719331925069,0,-8.097549819841422,392.2596380792733,1.9451372130668694
2022-05-07 15:57:00,-8.093015719807102,112.935943133141,0,-8.093015719807102,46.570422430746426,-0.509508668120847
2022-05-08 10:42:00,-8.100908163238753,112.8868846261678,0,-8.100908163238753,29.616859199296535,-0.8905591733875267
2022-05-08 17:30:00,-8.129631120404412,114.0422691810547,0,-8.129631120404412,33.18908806042478,-0.8704323629562315
2022-05-09 10:00:00,-7.930190780934433,112.9372623107042,0,-7.930190780934433,90.38513445227001,-0.31563630660513614
2022-05-10 18:12:00,-7.927198291889965,113.0185524691767,0,-7.927198291889965,57.16975639593236,-0.4095684100970536
2022-05-11 02:00:00,-8.163932304472615,112.9397571949238,0,-8.163932304472615,59.02780109703031,-0.4285511297417501
2022-05-11 14:08:00,-8.103921857640097,114.1921781225208,0,-8.103921857640097,224.32062670182796,1.0441531240555244
2022-05-11 16:57:00,-7.938537095024668,112.316518546318,0,-7.938537095024668,28.274333882308138,-1.3001674041581175
2022-05-13 07:06:00,-7.908056559066953,112.3432788917397,0,-7.908056559066953,291.93413647154017,1.3494773657238237
2022-05-13 20:07:00,-8.133353914426957,114.0530979678287,0,-8.133353914426957,37.409392592088764,-0.8908627323898267
2022-05-13 21:22:00,-8.123750846301029,114.042897413177,0,-8.123750846301029,28.274333882308138,-1.261710486564086
2022-05-14 23:16:00,-7.993957205394923,112.8784117898904,0,-7.993957205394923,311.83846690225823,1.378328930563424
2022-05-15 15:03:00,-8.04010396189156,114.2815823053199,0,-8.04010396189156,59.529701520962384,-0.4956601798675918
2022-05-15 23:27:00,-8.118690874539517,114.278090514338,0,-8.118690874539517,233.733200879525,1.0037209529364703
2022-05-16 16:40:00,-8.06736757813019,114.1068786674719,0,-8.06736757813019,210.56421704326237,1.2160297535797338
2022-05-16 19:58:00,-8.045163205955348,112.9317205356783,0,-8.045163205955348,70.9240972213782,-0.03563820342677984
2022-05-16 21:22:00,-8.153712502872278,114.0897949298405,0,-8.153712502872278,198.48878705275231,1.0509469142771384
2022-05-17 00:53:00,-7.998773808547347,112.915824987962,0,-7.998773808547347,65.4524238132019,-0.5472365743158927
2022-05-18 01:35:00,-8.053800027724183,114.3031655134336,0,-8.053800027724183,123.38980198326718,0.3517774649186088
2022-05-19 00:53:00,-7.992686054108103,112.2802679875262,0,-7.992686054108103,39.469129895481814,-0.8257280218759434
2022-05-19 09:55:00,-8.124371712809596,114.007500767746,0,-8.124371712809596,313.3152788023117,1.4991895054731696
2022-05-20 09:27:00,-8.143731224719742,112.8647926748304,0,-8.143731224719742,370.8200299267693,1.8696699662256977
2022-05-20 22:42:00,-8.053815142260655,114.2204011774896,0,-8.053815142260655,89.46391576241636,-0.2897296474715
2022-05-21 01:07:00,-7.95660315039263,112.9370471072549,0,-7.95660315039263,46.20750686514314,-0.8212214303398914
2022-05-21 10:54:00,-8.116114430806826,114.2106104166539,0,-8.116114430806826,166.90908131752437,0.6901701391095987
2022-05-21 13:53:00,-8.18797183016844,114.0754536113652,0,-8.18797183016844,28.274333882308138,-1.1063494999820582
2022-05-22 03:57:00,-7.919728282432485,112.2646182963541,0,-7.919728282432485,111.4008155387886,0.09949393251021182
2022-05-23 04:51:00,-7.946909085306584,112.8966281375544,0,-7.946909085306584,62.31455222464618,-0.35508852917258743
2022-05-23 11:43:00,-7.917715426327206,112.3164905075613,0,-7.917715426327206,28.274333882308138,-1.6490543715408161
2022-05-23 20:23:00,-7.888719887054374,112.2785064143246,0,-7.888719887054374,123.8800073373302,0.35764560298760656
2022-05-23 20:54:00,-8.07170800122761,114.2202030112727,0,-8.07170800122761,42.11166213791032,-0.747503836530153
2022-05-24 09:02:00,-7.997716083488926,113.0146039258256,0,-7.997716083488926,175.50083959476237,0.7974739843688918
2022-05-24 14:28:00,-8.167591408730653,114.0278578457955,0,-8.167591408730653,180.99410263414427,0.9536372525037573
2022-05-24 20:19:00,-7.871317938782919,112.2971915736005,0,-7.871317938782919,90.78720008777601,0.02631111387600639
2022-05-25 04:39:00,-7.936700571663301,112.342833295145,0,-7.936700571663301,326.52097570684384,1.7412175787212503
2022-05-25 15:59:00,-7.911611065123592,112.3436991623608,0,-7.911611065123592,28.274333882308138,-1.071753255807412
2022-05-25 22:02:00,-8.045231125170318,114.2274297353088,0,-8.045231125170318,28.274333882308138,-0.9609440136474539
2022-05-26 08:52:00,-7.91135880540466,112.3607924982169,0,-7.91135880540466,69.48685178824212,-0.14846426970242357
2022-05-27 02:38:00,-7.97910796219466,112.3710545863038,0,-7.97910796219466,111.24408701590374,0.4512114936594024
2022-05-27 09:37:00,-8.128926077579917,112.9003317776608,0,-8.128926077579917,113.91425938532292,0.2984374788276808
2022-05-28 01:42:00,-8.197204907679806,114.0476414935442,0,-8.197204907679806,45.26517769211645,-0.47070220847727795
2022-05-28 10:12:00,-7.978048680886062,112.9939391301867,0,-7.978048680886062,363.2241953684769,1.9048944921024347
2022-05-30 02:40:00,-7.92871193178438,112.2871179211633,0,-7.92871193178438,60.03412208843259,-0.13308013160361915
2022-05-30 03:00:00,-8.018244403233,114.2839822485548,0,-8.018244403233,70.75858460411607,-0.19404214689916544
2022-05-30 06:28:00,-7.957797091754605,112.3730921397623,0,-7.957797091754605,63.287407373751314,-0.04811421650952896
2022-05-30 11:23:00,-7.928500086675822,112.9421081748069,0,-7.928500086675822,30.629030628353227,-0.7688034330854834
2022-05-30 20:05:00,-8.040592168262314,114.2479209735951,0,-8.040592168262314,106.4875517978642,0.3524244904603297
2022-06-01 15:39:00,-8.053977408016026,114.2317585187314,0,-8.053977408016026,28.274333882308138,-1.0588186863658868
2022-06-02 22:40:00,-7.91578656024204,112.8809367151092,0,-7.91578656024204,173.2551799966244,0.9438572273965139
2022-06-05 03:44:00,-7.914092412981549,112.9176978091016,0,-7.914092412981549,74.00840764531503,-0.0738428714353874
2022-06-05 05:17:00,-8.128420758680164,114.0297930549897,0,-8.128420758680164,110.9496257774345,0.07729270228060538
2022-06-05 13:15:00,-8.177493001843605,114.0184539253581,0,-8.177493001843605,30.939814191148013,-0.73833068418459
2022-06-06 18:50:00,-7.988241942495489,112.9355792272114,0,-7.988241942495489,218.5273725326507,1.0944049500046993
2022-06-07 04:52:00,-7.915169953097054,112.3012598095605,0,-7.915169953097054,28.274333882308138,-1.248089028110805
2022-06-07 08:16:00,-8.125435745111526,112.9074282178473,0,-8.125435745111526,84.90066258249837,-0.34700260191187243
2022-06-07 22:15:00,-8.108966274557131,112.9179861776998,0,-8.108966274557131,67.23968995956626,-0.23467372925044633
2022-06-09 04:19:00,-7.890660243681179,113.0182178364024,0,-7.890660243681179,202.47489743852935,1.0955536620875457
2022-06-09 21:17:00,-7.96684701013575,112.2910875577218,0,-7.96684701013575,312.6910878472208,1.9657700995043403
2022-06-10 22:28:00,-7.921308510782152,112.946198480234,0,-7.921308510782152,28.274333882308138,-1.596343462275504
2022-06-11 03:03:00,-8.114385222505202,114.1943558061703,0,-8.114385222505202,58.546699796255204,-0.28415796785592456
2022-06-11 03:57:00,-8.139034402278138,112.8639246430517,0,-8.139034402278138,118.91931914239142,0.45183259051036245
2022-06-11 15:22:00,-7.933260307284476,112.9699116803497,0,-7.933260307284476,28.274333882308138,-0.9529876915213384
2022-06-12 02:00:00,-8.00237556905056,114.1763449035899,0,-8.00237556905056,59.89783067053509,-0.12369713179006654
2022-06-12 06:49:00,-8.10112167178665,112.9140606606346,0,-8.10112167178665,49.440797174507274,-0.38305998040401945
2022-06-12 17:22:00,-8.120754787252373,114.2937465669942,0,-8.120754787252373,244.07353786673846,1.1308296219185783
2022-06-12 18:53:00,-7.937847330170651,112.9046653517343,0,-7.937847330170651,39.206990812932915,-0.5351925892055843
2022-06-12 19:47:00,-8.055919818490914,112.9482974274751,0,-8.055919818490914,37.13786820210553,-0.6175216965059646
2022-06-13 11:59:00,-8.023598866556975,114.282443763702,0,-8.023598866556975,384.59038375856915,1.762933986692306
2022-06-13 22:17:00,-7.990977951799608,112.2833843403783,0,-7.990977951799608,77.1745422509669,-0.08411825849880074
2022-06-14 17:53:00,-8.053143055796902,114.2657448823994,0,-8.053143055796902,175.473243743266,0.9951092267742355
2022-06-15 03:44:00,-7.982935370419744,112.9785113498352,0,-7.982935370419744,36.118612193145864,-0.9088437822409817
2022-06-15 12:27:00,-8.117570224379925,114.0300982395469,0,-8.117570224379925,51.58286440273413,-0.535545834806385
2022-06-16 02:24:00,-8.112658337236427,114.0625701969526,0,-8.112658337236427,74.58630319330048,-0.20021986774965086
2022-06-16 11:35:00,-8.074450926136603,114.0594402877987,0,-8.074450926136603,61.561561598000004,-0.3968068480388392
2022-06-17 08:09:00,-8.00461128507274,114.23396338764,0,-8.00461128507274,32.52859798470284,-0.9589405169516259
2022-06-17 10:25:00,-7.978702757147069,112.9578835813504,0,-7.978702757147069,28.274333882308138,-1.2974176428407884
2022-06-17 22:59:00,-8.081568805515836,114.1030340020642,0,-8.081568805515836,55.84703110911374,-0.4525829872330149
2022-06-18 12:55:00,-8.123268527454139,114.0564040640824,0,-8.123268527454139,92.81419866210481,-0.11788607592633342
2022-06-19 02:56:00,-8.078944690417227,112.850039435237,0,-8.078944690417227,89.6843805161992,0.008987470239486092
2022-06-19 05:50:00,-7.93497075793073,112.3280047752014,0,-7.93497075793073,28.274333882308138,-2.0434632317602444
2022-06-19 13:20:00,-8.061064878520511,114.2517761024623,0,-8.061064878520511,28.274333882308138,-1.1552765198530306
2022-06-19 17:40:00,-7.867880253268899,112.2700680883346,0,-7.867880253268899,94.81792899978662,0.05747229796861823
2022-06-20 17:06:00,-8.001591541934657,112.8877422818053,0,-8.001591541934657,75.41774785194197,-0.16015947339943407
2022-06-21 05:51:00,-8.009521702750686,112.9080494276039,0,-8.009521702750686,47.73119516363725,-0.591374538371434
2022-06-21 09:19:00,-8.110366583040145,114.0223542761097,0,-8.110366583040145,28.274333882308138,-1.1245478752942601
2022-06-21 22:20:00,-8.09994620505252,112.9124623373759,0,-8.09994620505252,28.274333882308138,-1.0955809025858942
2022-06-22 14:57:00,-8.007218282862334,112.9298468554728,0,-8.007218282862334,268.8359383594876,1.1987343032990514
2022-06-23 14:56:00,-8.091519125725263,112.9175025882216,0,-8.091519125725263,28.274333882308138,-1.6943800604628638
2022-06-24 02:07:00,-8.107567171089498,112.9152463026908,0,-8.107567171089498,207.71322936528819,0.060822783731020603
2022-06-25 06:58:00,-8.103486537654875,112.9444069791908,0,-8.103486537654875,66.80458268144785,-0.09635375533701289
2022-06-25 18:34:00,-7.949347957883684,112.3034303883766,0,-7.949347957883684,28.274333882308138,-1.6556815556024869
2022-06-26 07:18:00,-8.178450440537416,112.9259960163329,0,-8.178450440537416,153.03775461916544,0.8105666205352966
2022-06-27 01:05:00,-7.965297581918112,113.0165819090515,0,-7.965297581918112,72.88152394581975,-0.17702363143643204
2022-06-27 14:13:00,-8.070270464861428,112.8782337072164,0,-8.070270464861428,40.77028670696225,-0.7501463002386735
2022-06-27 20:23:00,-8.14496012544686,112.8862236863223,0,-8.14496012544686,42.2192540173059,-0.6549384890672415
2022-06-28 02:29:00,-8.06009940972238,114.2493430245477,0,-8.06009940972238,30.29034138695614,-0.9357259257387178
2022-06-28 17:20:00,-8.121484073367833,114.0484297513554,0,-8.121484073367833,116.15779538257529,0.12808116571872702
2022-06-29 01:50:00,-8.102997226022607,114.0314825042694,0,-8.102997226022607,28.274333882308138,-1.2949635697608401
2022-06-29 05:43:00,-7.944359200123174,112.9513665629835,0,-7.944359200123174,59.2448872053474,-0.32863708013892207
2022-06-29 13:01:00,-7.921936864344928,112.2676915710436,0,-7.921936864344928,113.20846570875091,0.22029120217563328
2022-06-29 13:31:00,-8.117627567678065,114.0694240364623,0,-8.117627567678065,121.62573244068437,0.5156214921892168
2022-06-30 19:11:00,-7.950923710009596,112.9022815576643,0,-7.950923710009596,64.4628342373845,-0.26639251526962415
2022-06-30 20:22:00,-8.022431453560962,114.2670140202449,0,-8.022431453560962,275.6184146130736,1.2022653549081541
2022-07-02 14:59:00,-7.935135760969717,112.2920649620595,0,-7.935135760969717,28.274333882308138,-1.8678884712247936
2022-07-02 20:57:00,-8.08158950689447,114.2425090210902,0,-8.08158950689447,479.58488178750133,1.7259834833055827
2022-07-02 23:41:00,-7.925336968794523,112.3294332196857,0,-7.925336968794523,28.274333882308138,-1.3431052202605567
2022-07-03 02:47:00,-8.062220586677723,113.9930864861457,0,-8.062220586677723,61.105159706784335,-0.4146317049742899
2022-07-03 11:34:00,-8.073314841122802,114.0774001507152,0,-8.073314841122802,74.4126760122685,-0.2643142290634244
2022-07-03 16:55:00,-7.945309070306905,112.3216230085198,0,-7.945309070306905,47.17574459793404,-0.6702217767636519
2022-07-04 07:27:00,-8.0652584999848,114.3098600680935,0,-8.0652584999848,35.834301788948906,-0.8649374252145753
2022-07-05 16:11:00,-8.074934001346351,112.8896713143391,0,-8.074934001346351,70.43324770232063,-0.2543313478273311
2022-07-05 17:32:00,-8.111216304734137,114.0439778556326,0,-8.111216304734137,65.48958894260966,-0.2367949617068055
2022-07-06 21:13:00,-7.934999412322549,112.9992748021443,0,-7.934999412322549,137.96280469835375,0.31909999559121544
2022-07-07 01:35:00,-8.138286626120694,112.8893459727551,0,-8.138286626120694,28.97141738537513,-1.009448740540278
2022-07-07 03:11:00,-7.967371917936134,112.8909671127957,0,-7.967371917936134,234.43235634037677,1.243971528502055
2022-07-07 22:51:00,-7.993102102037696,112.3212659107985,0,-7.993102102037696,327.6811736192293,1.772513529545514
2022-07-08 02:04:00,-7.968888677346691,112.8886532510823,0,-7.968888677346691,180.0519665885987,0.9175883617157468
2022-07-09 07:29:00,-8.091132629313288,114.0323493204303,0,-8.091132629313288,28.274333882308138,-1.1641124114545893
2022-07-09 13:40:00,-8.172295758502516,114.005992274245,0,-8.172295758502516,40.569462554950256,-0.7375715117385374
2022-07-09 14:58:00,-7.937198360909793,112.3424234886226,0,-7.937198360909793,243.49996166571208,1.1224783705593417
2022-07-10 02:51:00,-7.988920996717863,112.8798494675856,0,-7.988920996717863,399.49383098560475,1.7557541247220445
2022-07-11 14:51:00,-7.958389786126979,112.3289551919236,0,-7.958389786126979,274.4262430818598,1.0259602571291893
2022-07-12 05:48:00,-8.088514648711872,114.2015662384524,0,-8.088514648711872,233.17983398898278,0.9422141534887757
2022-07-12 15:54:00,-7.865432594562226,112.2821787533944,0,-7.865432594562226,102.49216757229324,-0.3785504018858573
2022-07-14 06:47:00,-7.924382069698084,112.3145871038473,0,-7.924382069698084,141.5213542703204,0.10075146922222664
2022-07-14 10:26:00,-8.074333955574438,114.0784397330729,0,-8.074333955574438,123.76658830204468,0.26146748629276967
2022-07-15 02:25:00,-8.132472228995923,114.0440406028739,0,-8.132472228995923,28.274333882308138,-1.7625474755635306
2022-07-15 05:02:00,-8.048541795685614,114.2426953894071,0,-8.048541795685614,28.274333882308138,-1.8876437118109644
2022-07-15 10:31:00,-8.060042173797532,114.0396759572549,0,-8.060042173797532,99.05552370095992,0.2150259076038023
2022-07-15 15:06:00,-8.145695072663505,112.9113153627072,0,-8.145695072663505,82.34440098605413,-0.0012330897039375026
2022-07-15 15:49:00,-8.100999908633487,114.2051937733379,0,-8.100999908633487,145.67048091227957,0.34775510552533456
2022-07-15 19:09:00,-7.964588580319218,112.2766180958661,0,-7.964588580319218,31.60600557779452,-0.7742080313829602
2022-07-16 01:40:00,-7.944424441098173,112.9922065471131,0,-7.944424441098173,179.35829857943088,0.6461869731506629
2022-07-18 03:42:00,-7.874793761077949,112.2928955205715,0,-7.874793761077949,626.0886489752851,1.7339930288929153
2022-07-20 16:19:00,-7.912854285298726,112.3218195848938,0,-7.912854285298726,108.77338200704226,0.3276640430813461
2022-07-21 00:04:00,-8.116431395494775,114.0329278802909,0,-8.116431395494775,28.274333882308138,-1.6532943284615
2022-07-21 15:51:00,-8.17571438796981,114.0512298430525,0,-8.17571438796981,28.274333882308138,-1.0778428578117076
2022-07-21 17:00:00,-8.096569349746613,112.9115729912918,0,-8.096569349746613,28.274333882308138,-1.6602979642351436
2022-07-21 17:53:00,-8.079048255383215,114.2244582532632,0,-8.079048255383215,28.274333882308138,-1.5196957233179642
2022-07-22 06:51:00,-7.964053953921196,112.9954396243095,0,-7.964053953921196,91.0237552446787,0.17365031763225536
2022-07-22 09:36:00,-7.859051597637022,112.3590002175513,0,-7.859051597637022,59.77824316247436,-0.47782584850845
2022-07-23 06:12:00,-7.94030132165171,112.9620164116332,0,-7.94030132165171,31.70642110221161,-0.882064382114417
2022-07-23 07:03:00,-8.157387929711776,112.9268895850126,0,-8.157387929711776,133.56589372182899,0.5559855739110738
2022-07-23 13:18:00,-8.126929818469039,114.0893701177976,0,-8.126929818469039,34.0280704757581,-0.9068212179082326
2022-07-23 19:59:00,-8.169403732089737,114.1110941668275,0,-8.169403732089737,142.09083308196034,0.39984903917029563
2022-07-27 01:57:00,-8.098916605468206,114.0788089419733,0,-8.098916605468206,56.09758110857209,-0.45226627133132435
2022-07-27 18:52:00,-7.939871396053683,112.3621493346762,0,-7.939871396053683,84.2392322949964,-0.15964372945757693
2022-07-27 23:25:00,-8.00295460183536,114.2321785822962,0,-8.00295460183536,194.70546555247705,0.5758006020384543
2022-07-29 04:39:00,-8.05096680598716,112.8663529468672,0,-8.05096680598716,278.0378496311916,1.3884339466049014
2022-07-29 11:09:00,-8.118498861242752,112.9091499011303,0,-8.118498861242752,28.274333882308138,-1.5517804615866624
2022-07-29 11:37:00,-8.144036622696254,112.9816894145296,0,-8.144036622696254,57.87633908527932,-0.536342945182369
2022-07-30 08:08:00,-7.992900611617546,112.2934655158832,0,-7.992900611617546,359.4888101495656,1.713064515528793
2022-07-30 10:00:00,-7.910784969069001,112.3036672224124,0,-7.910784969069001,82.36585354548109,-0.5928485287825581
2022-07-30 10:42:00,-7.956234923304585,112.9425014918082,0,-7.956234923304585,28.274333882308138,-1.294707357969513
2022-07-31 00:11:00,-8.091139495699084,112.883768045916,0,-8.091139495699084,28.274333882308138,-1.2183034172965068
2022-08-01 09:01:00,-7.868934638725936,112.9303367352396,0,-7.868934638725936,191.87982378731297,1.0250646778894665
2022-08-01 19:53:00,-7.953927620832568,112.9700357532791,0,-7.953927620832568,42.371364654241226,-0.7772355532971285
2022-08-02 05:23:00,-8.04342367955421,112.906377108392,0,-8.04342367955421,246.40859892521158,0.9774700187281655
2022-08-02 06:14:00,-8.117361451307481,112.9727989391826,0,-8.117361451307481,318.8825666149353,1.3796778834893075
2022-08-02 07:27:00,-7.918910755434559,112.2481620553315,0,-7.918910755434559,97.70444696554043,0.08281308780698741
2022-08-02 18:01:00,-7.90834050262361,112.3412319301635,0,-7.90834050262361,28.274333882308138,-1.101019666287469
2022-08-03 04:37:00,-7.984089151795017,112.2637072048601,0,-7.984089151795017,269.66374100078554,1.2738854511777495
2022-08-03 19:56:00,-7.879497798239563,112.2442761486069,0,-7.879497798239563,380.43798667075237,1.8550575194575563
2022-08-05 14:48:00,-8.177663801819964,112.9730918690347,0,-8.177663801819964,87.7195510926091,0.1486583666859932
2022-08-05 21:36:00,-8.170181557199566,112.9778083073995,0,-8.170181557199566,116.65789176698931,0.2176479759149127
2022-08-06 00:00:00,-7.996996362540687,114.1717563019548,0,-7.996996362540687,401.4773021482866,1.8383347650386954
2022-08-08 09:30:00,-8.086214851812713,114.0202539210509,0,-8.086214851812713,158.36798010319714,0.6653235137522107
2022-08-09 17:08:00,-8.155137251119788,112.8506161907631,0,-8.155137251119788,394.1612109080002,1.8179145463627786
2022-08-09 21:20:00,-7.94909800717353,112.3284818558736,0,-7.94909800717353,28.274333882308138,-1.9158197282078344
2022-08-10 02:43:00,-8.057045933088201,114.1918632911181,0,-8.057045933088201,94.30132254796487,0.0526299209779943
2022-08-10 10:34:00,-8.070855651476757,113.9747804397109,0,-8.070855651476757,44.84456033308147,-0.6565063462054603
2022-08-13 06:03:00,-8.084730655806405,114.0398430754537,0,-8.084730655806405,409.2142737838423,1.6876942294815809
2022-08-14 09:26:00,-7.917574151338895,113.0220523260137,0,-7.917574151338895,28.274333882308138,-0.9800477683363212
2022-08-14 14:30:00,-8.126031294874663,112.9087706092405,0,-8.126031294874663,85.57852101908644,-0.23096912037742554
2022-08-14 15:49:00,-8.108671293706637,112.9309584983094,0,-8.108671293706637,374.1264333778672,1.3898088224736653
2022-08-14 20:10:00,-7.98723910009701,112.9283147758908,0,-7.98723910009701,183.74263830468803,0.7244136243373613
2022-08-15 09:35:00,-8.010386222332556,112.927772597011,0,-8.010386222332556,36.58960131214051,-0.8084873891354489
2022-08-15 17:50:00,-8.097124968019871,112.9147156226993,0,-8.097124968019871,57.92859499930328,-0.472888775179921
2022-08-17 06:09:00,-8.125019625269005,114.0528192677192,0,-8.125019625269005,28.274333882308138,-1.4080582862420892
2022-08-18 03:06:00,-8.199811892995513,114.090670518937,0,-8.199811892995513,233.72172812262752,1.1690736245921767
2022-08-18 16:06:00,-8.128929213526801,114.0502645764166,0,-8.128929213526801,28.274333882308138,-1.2664477654683277
2022-08-18 17:09:00,-8.137597858248776,114.0027311574262,0,-8.137597858248776,301.02739650105354,1.248417372600785
2022-08-18 19:44:00,-8.10121849981207,114.2705997284793,0,-8.10121849981207,175.74346421302008,0.731438283943394
2022-08-18 19:56:00,-8.124541316007518,114.0303179894498,0,-8.124541316007518,176.11334963027488,-0.04116977241344198
2022-08-19 18:15:00,-8.053261801560001,114.2261064092937,0,-8.053261801560001,138.10849352739612,0.22513622510743375
2022-08-19 18:50:00,-7.92480970397262,112.9342631103027,0,-7.92480970397262,85.33740592509461,-0.12279318938362731
2022-08-20 09:41:00,-8.093377630499196,113.9980584376815,0,-8.093377630499196,315.3779992060986,1.2828216892841422
2022-08-20 19:47:00,-7.951046985957273,113.0182071949095,0,-7.951046985957273,84.70071493608052,-0.0925956911715783
2022-08-20 21:50:00,-8.09682600273255,112.971599389014,0,-8.09682600273255,246.48003769709814,1.031339394230219
2022-08-21 14:54:00,-7.932363962057848,112.368924563441,0,-7.932363962057848,37.53697148287101,-0.7820530630389988
2022-08-22 17:07:00,-8.095027260376126,114.2626548428565,0,-8.095027260376126,103.88086008216483,0.23363553996281536
2022-08-23 10:16:00,-7.935759847038062,112.322403559174,0,-7.935759847038062,69.08236637304323,-0.21016662930213909
2022-08-24 03:35:00,-8.138955700027742,114.0207801494476,0,-8.138955700027742,58.93818974951174,-0.7864029711735089
2022-08-24 12:21:00,-8.129357992528703,114.0287766371204,0,-8.129357992528703,43.22133570399126,-0.833946418631909
2022-08-24 21:19:00,-8.092105167566435,112.8951640982044,0,-8.092105167566435,261.8020929494052,1.6088987124377037
2022-08-26 16:41:00,-8.17841878115968,114.1043535845056,0,-8.17841878115968,305.685681584699,1.6568199010493596
2022-08-27 11:34:00,-8.147178297465489,114.0921323191159,0,-8.147178297465489,37.68113760322533,-0.7100843980276995
2022-08-27 17:29:00,-8.152194909173295,112.9456700902269,0,-8.152194909173295,59.69822283516921,-0.3438589613076672
2022-08-28 10:42:00,-7.870420004616254,113.0082995784332,0,-7.870420004616254,28.274333882308138,-1.0968689892849175
2022-08-30 02:30:00,-8.045404576916992,114.231020198532,0,-8.045404576916992,99.19448777029852,-0.06695820338474913
2022-08-30 07:19:00,-8.101474590542788,114.1746311040341,0,-8.101474590542788,69.38191313971527,-0.040034383918533374
2022-08-30 14:11:00,-8.092520136656216,112.9351243128617,0,-8.092520136656216,28.274333882308138,-1.5547190043884653
2022-08-31 09:11:00,-7.945561844139468,112.9537081003802,0,-7.945561844139468,28.274333882308138,-1.5943045107342955
2022-08-31 11:15:00,-8.105094648352521,114.1083084236129,0,-8.105094648352521,39.93079631271331,-0.6208630431377282
2022-08-31 18:30:00,-7.939899793010179,112.9661919567065,0,-7.939899793010179,79.31344387431487,-0.014640046821655829
2022-08-31 23:21:00,-7.927625571676802,112.3097886644732,0,-7.927625571676802,303.07345138637044,0.9615039019398782
2022-09-01 12:54:00,-7.914582772778076,112.2972084053225,0,-7.914582772778076,126.59660749806801,0.4168480444092778
2022-09-01 14:37:00,-8.103611631905009,114.0559746660739,0,-8.103611631905009,28.274333882308138,-1.9212823954301315
2022-09-02 16:32:00,-8.126636829145875,114.0273022734141,0,-8.126636829145875,88.45675508753177,-0.17872718071512847
2022-09-03 05:39:00,-7.969075940458017,112.9019390962545,0,-7.969075940458017,288.5576361877197,1.6348833626513757
2022-09-03 09:42:00,-8.037398223899373,114.2723186963029,0,-8.037398223899373,151.5561957418139,0.6591220100865013
2022-09-03 18:57:00,-7.886133179963217,112.9584773200781,0,-7.886133179963217,293.80218659039684,1.3357181612206215
2022-09-05 11:59:00,-8.132297152241305,114.0373287993069,0,-8.132297152241305,28.274333882308138,-1.8010677290572512
2022-09-05 21:44:00,-7.908689697605761,112.3351883400021,0,-7.908689697605761,265.24439623761236,1.3203024576758489
2022-09-06 18:50:00,-8.153370871948999,112.9536839000561,0,-8.153370871948999,32.984097926846445,-0.9839135669495133
2022-09-07 01:33:00,-8.092436600566987,114.1705171624073,0,-8.092436600566987,78.68209152841567,-0.38788311348937454
2022-09-08 03:25:00,-8.103093145457777,112.9198261310507,0,-8.103093145457777,66.35838030123551,-0.35393213600489254
2022-09-08 17:25:00,-8.153813750024572,112.8775553723563,0,-8.153813750024572,41.10644473325884,-0.8059975010095836
2022-09-09 01:19:00,-8.118542077749213,114.3026412469616,0,-8.118542077749213,350.2200868363564,1.5122085151171054
2022-09-11 03:46:00,-7.936549112329679,112.9322861660592,0,-7.936549112329679,34.764013878982844,-0.8881610904154714
2022-09-11 03:49:00,-7.870628696602679,112.2819913976342,0,-7.870628696602679,72.6449157240686,-0.4163098984343554
2022-09-11 05:33:00,-8.094391207937633,112.9006105510407,0,-8.094391207937633,28.274333882308138,-1.2573176532549795
2022-09-12 09:20:00,-8.108108072616927,114.0478629544696,0,-8.108108072616927,66.5659794032931,-0.3012274229551956
2022-09-13 00:43:00,-8.179155835735658,114.0866218885561,0,-8.179155835735658,330.90856008687877,1.5935395507973906
2022-09-13 07:09:00,-8.064423680314356,114.043546263203,0,-8.064423680314356,201.98593927313547,0.9688435722429334
2022-09-13 08:26:00,-7.994216989665819,114.1991440551696,0,-7.994216989665819,253.63490610478948,1.4624765370967538
2022-09-13 11:45:00,-7.903345720611006,112.3776631216812,0,-7.903345720611006,384.1380573143636,1.503782102551199
2022-09-13 14:14:00,-7.924848567368428,113.0107484509235,0,-7.924848567368428,66.80119630851831,-0.4290743210212996
2022-09-14 05:31:00,-7.921468827718813,112.951311115038,0,-7.921468827718813,28.274333882308138,-1.5699405426003168
2022-09-15 06:59:00,-7.982364326591037,112.3413739014093,0,-7.982364326591037,327.4358193757577,1.2521861354885435
2022-09-15 09:18:00,-7.948943391187611,112.329869523845,0,-7.948943391187611,34.777323218974836,-0.9522287259989983
2022-09-16 02:11:00,-8.090343867032532,114.2423227503786,0,-8.090343867032532,271.67957861591293,0.7766632699919906
2022-09-17 04:14:00,-8.04902204440574,114.2238913721746,0,-8.04902204440574,31.405695898745037,-1.0110772129145575
2022-09-17 20:31:00,-8.066639833226299,114.2393860996466,0,-8.066639833226299,123.67989275453222,0.013996664145687138
2022-09-18 15:58:00,-8.077297109653422,114.2288738696962,0,-8.077297109653422,124.55808638742002,0.18042173135350764
2022-09-18 18:05:00,-7.883442942875972,112.967684257559,0,-7.883442942875972,145.32434637328365,0.48962041644787946
2022-09-18 22:58:00,-7.891986321389905,112.3645012818889,0,-7.891986321389905,47.839864078934184,-0.6032349802327328
2022-09-19 00:30:00,-8.04773869110053,112.9195067577013,0,-8.04773869110053,271.6136232023322,1.1205814491552881
2022-09-19 14:18:00,-8.06034190914911,114.2289515520057,0,-8.06034190914911,189.9988631021109,0.6457309152041195
2022-09-20 16:37:00,-7.879732321317551,112.2819116038522,0,-7.879732321317551,496.89313858312414,1.9824326927697322
2022-09-21 18:29:00,-7.998923325078577,112.2567807692791,0,-7.998923325078577,100.38186194259684,0.21903938077319804
2022-09-21 19:10:00,-7.92961647955294,112.943501465718,0,-7.92961647955294,28.274333882308138,-1.568813628397822
2022-09-21 22:38:00,-7.94044927835537,112.3453890990046,0,-7.94044927835537,28.335834935011224,-0.9223011099550283
2022-09-22 16:40:00,-7.883733370203103,112.2836958436999,0,-7.883733370203103,75.82559692569085,-0.04153425512141103
2022-09-23 12:20:00,-8.072571182920463,112.9246285691513,0,-8.072571182920463,282.00602803016864,0.7783063764710537
2022-09-24 03:45:00,-7.983455069142816,112.2556303011265,0,-7.983455069142816,97.6505282860567,0.28774726719937466
2022-09-24 04:29:00,-8.079576202545745,112.9758304402993,0,-8.079576202545745,69.03992078939602,-0.2793189974427163
2022-09-24 04:31:00,-8.002278265477655,112.8841178229278,0,-8.002278265477655,158.28803359805556,0.5414736537480352
2022-09-24 23:09:00,-8.009698062210962,112.8831607153387,0,-8.009698062210962,208.1029060690989,0.5584925370751466
2022-09-25 01:38:00,-8.100834585917342,112.904878263463,0,-8.100834585917342,153.0129757125608,0.719479656780481
2022-09-25 05:37:00,-7.878636641744102,112.9144444028903,0,-7.878636641744102,44.02827903958216,-0.7766785031671295
2022-09-25 08:22:00,-7.998796951410579,112.9185025824891,0,-7.998796951410579,173.93940827532674,0.6206695451842108
2022-09-25 18:11:00,-8.126977198878429,112.9138191987842,0,-8.126977198878429,50.35830799219764,-0.6044993320155404
2022-09-26 09:16:00,-7.922010358980248,112.3293638470956,0,-7.922010358980248,28.274333882308138,-1.5148163338062344
2022-09-26 18:22:00,-8.113635995765254,112.9154718093142,0,-8.113635995765254,60.49127954475465,-0.8559684740019932
2022-09-26 21:50:00,-8.161833074105,112.9791902534413,0,-8.161833074105,133.0389783167498,0.5802239431834433
2022-09-27 08:59:00,-8.12052068206648,114.2641791674071,0,-8.12052068206648,36.75649151217046,-0.8457072899522956
2022-09-27 15:46:00,-7.936707249502628,112.9648381804317,0,-7.936707249502628,127.13095488489374,0.03760164759772241
2022-09-28 13:21:00,-7.923390391156519,112.3067147393035,0,-7.923390391156519,167.57045245705322,0.2529902107287369
2022-09-28 23:20:00,-8.047036225983888,112.9209943137974,0,-8.047036225983888,190.42371366948308,0.752837675206992
2022-09-29 14:05:00,-8.188356289583284,114.0657108755384,0,-8.188356289583284,213.87229130386865,0.9325673930003073
2022-09-30 00:23:00,-8.104436466744449,114.0526299919243,0,-8.104436466744449,64.84700314856086,-0.45997484446276404
2022-09-30 19:39:00,-8.009140832622963,114.1812790104475,0,-8.009140832622963,31.775943850207018,-1.063299377950582
2022-10-02 10:07:00,-8.045595230508807,114.2080836608827,0,-8.045595230508807,312.96034221235715,1.4616689502498406
2022-10-02 21:18:00,-8.003837694925195,112.9348997433124,0,-8.003837694925195,61.086865044902524,-0.40195532842704385
2022-10-03 01:38:00,-7.972056007868172,112.2964058616427,0,-7.972056007868172,176.62316367800304,0.8572539824436697
2022-10-05 06:43:00,-8.130804412010754,114.0641363771669,0,-8.130804412010754,185.82309006659378,0.603343412715259
2022-10-05 07:42:00,-7.953120543989471,112.9306802578316,0,-7.953120543989471,72.8689099743523,-0.18204398197946886
2022-10-05 08:56:00,-7.885866609616146,112.9650242144303,0,-7.885866609616146,205.98774733403812,1.0074205764807866
2022-10-05 17:27:00,-8.109960666189982,114.0703534888758,0,-8.109960666189982,395.57034457800927,1.7195348437524947
2022-10-06 12:36:00,-7.974521101312773,113.0135680972796,0,-7.974521101312773,118.75825300556808,0.2667660879184831
2022-10-07 06:27:00,-7.861608841845664,112.3284014357798,0,-7.861608841845664,139.4414656184373,0.1961533710041285
2022-10-08 12:13:00,-7.941284632866044,112.9418820184221,0,-7.941284632866044,72.45628331980754,-0.3747848348198814
2022-10-10 00:20:00,-8.058897114579047,114.2336579152858,0,-8.058897114579047,52.08169355512556,-0.5372653325386317
2022-10-10 22:32:00,-8.0869727131044,112.9488330641774,0,-8.0869727131044,28.274333882308138,-1.0350529672562716
2022-10-11 06:50:00,-8.042215094401644,112.9837314239681,0,-8.042215094401644,140.40606947265704,0.5316734171755702
2022-10-12 02:13:00,-8.076293102586659,114.2488473489288,0,-8.076293102586659,412.5333458021054,1.6150941597528992
2022-10-12 05:59:00,-7.890513580081887,112.9643536042703,0,-7.890513580081887,121.41364790507613,0.4222761304640916
2022-10-12 07:47:00,-8.079779462188618,113.9937726831032,0,-8.079779462188618,399.15673018598204,1.5074421921706527
2022-10-13 17:16:00,-7.936143887003999,112.9029678460786,0,-7.936143887003999,28.274333882308138,-1.0351881631630315
2022-10-13 17:47:00,-8.116973790511711,112.9163286074816,0,-8.116973790511711,93.50868309568718,-0.5460274194334134
2022-10-14 14:32:00,-8.110809881148322,114.2643500987013,0,-8.110809881148322,264.1802411784024,1.2108535952290127
2022-10-15 12:21:00,-7.900538257138138,112.2788685227812,0,-7.900538257138138,151.44914279519352,0.4242334333570489
2022-10-17 16:26:00,-7.94971778391883,112.3283157352823,0,-7.94971778391883,115.04054252477944,0.1668250960818938
2022-10-17 21:38:00,-8.065189993375833,112.9756686102681,0,-8.065189993375833,28.33470501802561,-0.9008492520345324
2022-10-17 22:25:00,-8.167472997947385,112.8530095495366,0,-8.167472997947385,28.274333882308138,-1.1999334006806888
2022-10-18 20:43:00,-8.090809008400726,112.9232600563515,0,-8.090809008400726,33.55843156963614,-0.8207208033248133
2022-10-19 14:08:00,-8.125155362521882,113.9955150817457,0,-8.125155362521882,32.630563936090255,-0.7428052274526777
2022-10-20 05:04:00,-7.914720079490915,112.3071592301241,0,-7.914720079490915,28.274333882308138,-1.1241335220556012
2022-10-20 16:23:00,-8.101429208379397,112.8569357391927,0,-8.101429208379397,139.38347427905816,0.6838740138284362
2022-10-21 01:45:00,-7.906880854337232,112.2758942092543,0,-7.906880854337232,76.85306223829836,-0.08394746404963796
2022-10-22 11:14:00,-8.122570786398821,114.2446866979007,0,-8.122570786398821,51.874236633969346,-0.5255568033377236
2022-10-23 05:41:00,-8.043656145083402,114.309981856797,0,-8.043656145083402,109.75894081420107,0.23732056772155424
2022-10-23 12:01:00,-7.915910872880099,112.3148904566563,0,-7.915910872880099,28.274333882308138,-1.4660540022189434
2022-10-23 23:52:00,-8.142107506692255,114.0803560533978,0,-8.142107506692255,188.51520009124997,0.3846233011734629
2022-10-24 01:29:00,-8.121155160418517,114.0561073620366,0,-8.121155160418517,221.21816605759017,0.23045005095370327
2022-10-24 10:02:00,-8.067906799257946,114.0812068707187,0,-8.067906799257946,33.02202388847892,-0.8070423393046798
2022-10-24 15:24:00,-7.921503962313334,112.3060490079678,0,-7.921503962313334,109.21330626333953,-0.35540609959257263
2022-10-25 03:25:00,-8.152981364099514,112.8944518004728,0,-8.152981364099514,172.27988156796187,0.9337630269509388
2022-10-26 03:57:00,-8.120793887885586,112.9222441343834,0,-8.120793887885586,28.274333882308138,-1.8867133962109734
2022-10-27 02:13:00,-7.95078845839812,112.347568368999,0,-7.95078845839812,209.38624638013192,1.0342957918660725
2022-10-27 17:54:00,-7.893606263718017,113.0073045563935,0,-7.893606263718017,100.38186194259684,0.2069721838038361
2022-10-28 04:42:00,-7.96173750920122,112.3387032288714,0,-7.96173750920122,215.32722106129677,0.9801406470531194
2022-10-28 14:06:00,-7.902126071574,112.3189471343173,0,-7.902126071574,136.2016868611515,0.5308543767179739
2022-10-28 20:11:00,-8.089423841867532,112.9286179188242,0,-8.089423841867532,360.088002437556,1.5185309312055266
2022-10-28 22:20:00,-8.101825741580274,114.0298962518943,0,-8.101825741580274,45.77176303095592,-0.611612554970553
2022-10-30 21:35:00,-8.161619460961075,112.9794226935545,0,-8.161619460961075,46.738832590868746,-0.5996158021135989
2022-10-31 01:24:00,-7.935403511003121,112.298049544251,0,-7.935403511003121,28.274333882308138,-1.838553327584878
2022-11-01 03:09:00,-7.935504592414176,112.9528861897165,0,-7.935504592414176,28.274333882308138,-1.020134108620942
2022-11-01 11:38:00,-8.117052597452492,114.0533954225801,0,-8.117052597452492,58.38493304439996,-0.5774006236929972
2022-11-01 22:36:00,-7.877175259824345,113.0042268670792,0,-7.877175259824345,53.599568791549444,-0.20996348769520454
2022-11-01 22:58:00,-8.065541532886488,112.8593202766717,0,-8.065541532886488,38.0591092903947,-0.6016816556534016
2022-11-02 00:39:00,-7.881431340988989,112.3316822590972,0,-7.881431340988989,150.30462109432602,0.32143877959193706
2022-11-02 05:55:00,-7.90078230546335,112.8938020982786,0,-7.90078230546335,160.91060772357562,0.7984284161611983
2022-11-02 06:12:00,-7.984359362288981,112.9520439859276,0,-7.984359362288981,216.81412844460243,1.0950861524462798
2022-11-02 11:54:00,-7.929452387323348,112.9440761338204,0,-7.929452387323348,28.274333882308138,-1.115590670834287
2022-11-03 08:49:00,-8.079135270271653,114.2218270576321,0,-8.079135270271653,136.4786099313643,0.07079685538164725
2022-11-03 11:31:00,-7.899727177962903,112.8918681499543,0,-7.899727177962903,50.86239035827057,-0.568902584867176
2022-11-03 14:05:00,-8.10597548678905,112.9374180560438,0,-8.10597548678905,123.44708365855053,0.1900363784313611
2022-11-04 05:19:00,-8.115549121861777,114.0741115353676,0,-8.115549121861777,115.46956350536303,0.10070685608660467
2022-11-06 21:47:00,-8.060757472991952,112.8944085830006,0,-8.060757472991952,473.901870262527,1.8437780944736692
2022-11-07 05:51:00,-8.13114692389815,112.9035975786973,0,-8.13114692389815,28.274333882308138,-1.1666521030525334
2022-11-07 17:28:00,-7.931266766346668,112.9322956785745,0,-7.931266766346668,28.274333882308138,-1.1293591198459438
2022-11-07 23:32:00,-8.11071620643595,112.9265391363264,0,-8.11071620643595,152.8612742385047,0.26411371294732217
2022-11-08 11:40:00,-8.01289979034584,114.2270579151652,0,-8.01289979034584,67.8006259951197,-0.2121631940535958
2022-11-08 11:48:00,-8.070935203625691,114.2264665049659,0,-8.070935203625691,28.274333882308138,-1.4021791706785438
2022-11-08 12:53:00,-7.918288466800367,112.3189623747089,0,-7.918288466800367,28.274333882308138,-1.176709877260855
2022-11-09 02:06:00,-8.18196783965189,113.9736532207642,0,-8.18196783965189,32.28680869246652,-0.6846746642738386
2022-11-09 03:06:00,-8.102253715068072,114.022504571342,0,-8.102253715068072,36.33457751183346,-0.7308053860677177
2022-11-09 04:35:00,-8.169048628337974,112.8850378491462,0,-8.169048628337974,214.2906847018885,1.0744771829412536
2022-11-09 21:21:00,-8.102013415378096,112.980625825374,0,-8.102013415378096,32.31179508845517,-1.0007006478195393
2022-11-09 22:42:00,-8.079993558505812,114.2516426247713,0,-8.079993558505812,33.71218856656926,-0.8051854461432473
2022-11-09 23:34:00,-7.920552714165222,112.3001400150644,0,-7.920552714165222,229.0942971699322,1.3421966303596449
2022-11-10 01:28:00,-8.187283210113764,114.0517516686566,0,-8.187283210113764,31.92411863394505,-0.9501750445549912
2022-11-10 17:08:00,-8.114019876998855,114.0473049388875,0,-8.114019876998855,35.136111122266854,-0.7722826541365085
2022-11-10 17:55:00,-8.13193327164219,114.0575897605576,0,-8.13193327164219,28.274333882308138,-1.4289506818385664
2022-11-10 23:18:00,-8.14680699338719,112.9806221043369,0,-8.14680699338719,28.274333882308138,-1.1471545495471227
2022-11-11 22:46:00,-7.990430514287084,112.9426931005254,0,-7.990430514287084,60.65171110923918,-0.49197602578675054
2022-11-12 13:19:00,-8.139753771002612,114.0956315070495,0,-8.139753771002612,83.44638650123302,-0.06859804698341873
2022-11-12 19:18:00,-8.107953463374733,114.1999741141021,0,-8.107953463374733,92.97488839689574,-0.05089050238127304
2022-11-12 20:55:00,-8.19332060142468,114.1040439776913,0,-8.19332060142468,247.13092689479384,1.1263315085068606
2022-11-12 23:32:00,-7.935957170869551,112.3150062720951,0,-7.935957170869551,28.274333882308138,-1.4863151636185052
2022-11-15 03:54:00,-8.1211543112609,114.1066390272027,0,-8.1211543112609,306.9824009841258,1.5752421145897169
2022-11-15 11:40:00,-8.117985224192092,112.9311039228238,0,-8.117985224192092,38.30803981450752,-0.9435007144581801
2022-11-15 14:09:00,-7.929382061246758,112.3733075246096,0,-7.929382061246758,212.08227456992353,1.0282545582795894
2022-11-16 13:32:00,-8.026826222727497,114.3055248960509,0,-8.026826222727497,37.314510800426035,-0.9063751133754563
2022-11-17 07:34:00,-8.024923812591537,114.2168237599789,0,-8.024923812591537,460.98196301877726,1.818773942692206
2022-11-19 07:51:00,-8.104272399521797,112.9039177430258,0,-8.104272399521797,37.165754692046455,-0.9072434878948574
2022-11-20 01:46:00,-7.860283064033217,112.354036927631,0,-7.860283064033217,443.97413227182426,1.6668211314372612
2022-11-20 11:28:00,-8.17717944034121,114.0121011383435,0,-8.17717944034121,58.85755894621117,-0.5121798348306454
2022-11-20 11:39:00,-8.124670540093032,112.9138574454021,0,-8.124670540093032,31.818849082240824,-1.0627143126490535
2022-11-22 21:20:00,-8.108541985080299,114.2474939149075,0,-8.108541985080299,198.88191413554665,1.0422015115646626
2022-11-23 20:44:00,-7.86563852895318,112.3691903814582,0,-7.86563852895318,187.37515401264426,0.48252736663888224
2022-11-24 05:16:00,-7.869554260797477,113.0058840584318,0,-7.869554260797477,69.04316002738747,-0.24905636041233484
2022-11-24 14:13:00,-8.099627658005607,112.9210164430378,0,-8.099627658005607,28.274333882308138,-1.3650813826335377
2022-11-24 15:16:00,-8.12246634880864,112.9202108780856,0,-8.12246634880864,28.274333882308138,-1.4615168568639623
2022-11-25 02:48:00,-8.124665354875678,114.0696441315417,0,-8.124665354875678,28.274333882308138,-1.0650417388371076
2022-11-25 03:24:00,-8.160814178768735,112.8811450726763,0,-8.160814178768735,140.37724093465505,0.5291616641107428
2022-11-27 08:30:00,-7.884235469610237,112.9505565615559,0,-7.884235469610237,282.1801163011248,0.963155825668249
2022-11-27 09:05:00,-8.103457549038959,114.0001261885584,0,-8.103457549038959,146.74319176765763,0.7334103109912685
2022-11-27 10:59:00,-7.944383811796463,112.3799737650861,0,-7.944383811796463,205.88447745678133,1.0226806044191363
2022-11-27 11:07:00,-8.120367480033382,114.2513146168687,0,-8.120367480033382,91.09682437013961,-0.0926900790398746
2022-11-27 13:39:00,-8.138418442032208,113.9817200242912,0,-8.138418442032208,280.1376928069849,1.1373001532340716
2022-11-28 04:18:00,-7.891893065683884,112.8797505288383,0,-7.891893065683884,28.274333882308138,-1.1462219156351672
2022-11-28 14:55:00,-8.110449874575403,114.2814598583423,0,-8.110449874575403,77.8321163114556,-0.21003596464149255
2022-11-28 17:13:00,-8.135724332353854,114.0507092466919,0,-8.135724332353854,52.790010673478044,-0.5629503457207411
2022-11-29 00:56:00,-8.123573326552599,114.0234856837008,0,-8.123573326552599,28.274333882308138,-1.4192484523834075
2022-11-29 06:06:00,-8.140956117705523,113.9911505413963,0,-8.140956117705523,28.274333882308138,-1.0465922711795042
2022-11-29 07:00:00,-8.034766600271341,114.248138655177,0,-8.034766600271341,50.955223967962745,-0.5441696545100435
2022-11-29 11:23:00,-8.10842047459957,114.3067442783609,0,-8.10842047459957,65.45946195064492,-0.2684256307957538
2022-11-30 23:14:00,-7.952835833623189,112.8932600308217,0,-7.952835833623189,178.7623566241261,0.9021332506994914
2022-12-01 02:39:00,-7.946245327009402,112.9595738820773,0,-7.946245327009402,144.16395386829956,0.3768411398387605
2022-12-01 09:16:00,-7.932298449846623,112.2979928695729,0,-7.932298449846623,57.15341589622683,-0.3869249244989168
2022-12-02 10:24:00,-8.0059173123319,112.9073819890463,0,-8.0059173123319,55.913312129295996,-0.4412579853854735
2022-12-02 12:54:00,-8.075977339305965,114.2282243627416,0,-8.075977339305965,28.274333882308138,-0.9934530087536095
2022-12-03 11:38:00,-8.161257044093702,112.8668213418293,0,-8.161257044093702,28.274333882308138,-1.160744925376431
2022-12-03 13:01:00,-7.979530469241193,112.2590880749865,0,-7.979530469241193,99.9310527565263,0.1336917680678289
2022-12-05 11:48:00,-8.010360375098834,114.2321125926052,0,-8.010360375098834,104.2459411248569,0.07882645532545633
2022-12-05 12:11:00,-8.141732252021846,113.9927001308411,0,-8.141732252021846,28.35437568018122,-1.0696822809057231
2022-12-06 09:20:00,-7.914666619357855,112.9723418998253,0,-7.914666619357855,55.4088573841154,-0.4102554562175538
2022-12-07 08:40:00,-8.107668919234092,114.0295253996061,0,-8.107668919234092,36.892872347732244,-0.7816105241083438
2022-12-07 17:01:00,-7.864903823118958,112.3767159004205,0,-7.864903823118958,41.39182496691487,-0.6918270073062887
2022-12-07 23:21:00,-7.935782256217968,112.3288526196673,0,-7.935782256217968,63.66055642774027,-0.2837389664975742
2022-12-08 13:29:00,-7.922658763934797,112.9668662460881,0,-7.922658763934797,34.8752579351089,-0.7859679351433947
2022-12-09 14:21:00,-7.990836427963495,112.8846342966832,0,-7.990836427963495,376.0478985567083,1.691510398975081
2022-12-11 03:11:00,-8.07723369596493,114.2380817965378,0,-8.07723369596493,96.70491918405527,-0.059342038934614205
2022-12-11 19:00:00,-7.939022342498498,113.0037961814771,0,-7.939022342498498,109.33584031075935,-0.03589397071531724
2022-12-12 02:43:00,-8.195214071525887,114.007707726198,0,-8.195214071525887,187.9543628622053,0.7975218699647089
2022-12-12 18:03:00,-7.929116069076243,112.3136893990525,0,-7.929116069076243,114.1659765724608,0.020524289162207356
2022-12-12 20:31:00,-7.928824120921118,112.9317910738541,0,-7.928824120921118,28.274333882308138,-1.1338263767170047
2022-12-13 01:11:00,-8.13200422972082,114.0352283305678,0,-8.13200422972082,564.2391028366337,1.5624030960043906
2022-12-13 23:03:00,-7.990837610078869,114.2034229416455,0,-7.990837610078869,30.271074960326736,-0.7155849936001264
2022-12-14 23:17:00,-8.111676742810255,114.1795428853535,0,-8.111676742810255,42.18266870453081,-0.5824807636932049
2022-12-15 00:27:00,-8.116812755931868,114.051960260017,0,-8.116812755931868,31.103302344914365,-0.801758645766073
2022-12-15 20:19:00,-8.17799702562909,112.9781728850939,0,-8.17799702562909,310.21728357744325,1.9496142145120237
2022-12-16 06:52:00,-8.085473973036196,112.9830150483917,0,-8.085473973036196,29.244710242297884,-0.8880469164251406
2022-12-17 11:59:00,-7.969019392441977,112.319758518514,0,-7.969019392441977,431.16332562738876,2.0303550654448546
2022-12-17 12:19:00,-8.05719292550835,112.8846537386929,0,-8.05719292550835,78.5165713810759,-0.02493663781772663
2022-12-17 13:35:00,-8.054392941748072,112.9668315390026,0,-8.054392941748072,45.28787275671216,-0.6528622299470408
2022-12-17 14:40:00,-8.150728270695263,114.1113258305063,0,-8.150728270695263,158.36358644770493,0.6420420670205398
2022-12-17 21:23:00,-8.152362455965262,112.9605198234528,0,-8.152362455965262,61.123313083121346,-0.3862500581380537
2022-12-18 01:22:00,-8.156610627784293,112.9064919990321,0,-8.156610627784293,54.62194418084736,-0.5343055244934416
2022-12-18 01:46:00,-7.941951060576068,112.9692548961832,0,-7.941951060576068,28.761401863698648,-0.9884336564258897
2022-12-20 14:51:00,-7.888269173331378,112.3244600727147,0,-7.888269173331378,63.03601519318055,-0.3142809850272103
2022-12-21 05:50:00,-7.936879583782253,112.9604487393465,0,-7.936879583782253,28.274333882308138,-1.6533095603458974
2022-12-21 09:19:00,-8.066347934740596,114.2327668222108,0,-8.066347934740596,697.1158756830832,1.8429771675047637
2022-12-21 09:32:00,-8.04520323357718,114.2504364293111,0,-8.04520323357718,53.9490649617627,-0.5400240394746089
2022-12-22 15:48:00,-8.084687061148209,114.2707420923038,0,-8.084687061148209,144.87788185017723,0.5595296751257905
2022-12-23 02:48:00,-8.059843818025794,114.2933151938012,0,-8.059843818025794,296.6664741045597,1.3395565730972627
2022-12-23 15:37:00,-8.052665159671639,112.8533254039449,0,-8.052665159671639,144.63753902922065,0.4317051784675325
2022-12-23 22:55:00,-7.914596592457943,113.0010542273865,0,-7.914596592457943,28.274333882308138,-1.2681466072325636
2022-12-24 00:51:00,-7.961772272389719,112.3075213499101,0,-7.961772272389719,91.49113674136888,-0.18109313111696626
2022-12-24 09:14:00,-8.062170593597271,114.2864570895154,0,-8.062170593597271,292.0340603944084,1.281514333772366
2022-12-25 07:43:00,-8.200434687869832,114.01238539379,0,-8.200434687869832,312.25380940890784,1.5291233598838816
2022-12-25 16:43:00,-7.863529530678292,112.2447161187513,0,-7.863529530678292,615.1699762550469,1.637499608359129
2022-12-25 17:46:00,-8.005799811976894,112.9504384266205,0,-8.005799811976894,75.04603405199161,-0.34573827503654897
2022-12-26 00:54:00,-8.08246301775853,112.8726549906327,0,-8.08246301775853,58.45029596118132,-0.6463027233511027
2022-12-26 08:11:00,-8.132271730502964,114.0244370428504,0,-8.132271730502964,46.96064056912248,-0.7291268707263212
2022-12-27 11:44:00,-7.87925594506626,112.3212866050442,0,-7.87925594506626,98.43332620392623,0.08924433618841815
2022-12-28 15:13:00,-8.11766209827469,112.9481726654465,0,-8.11766209827469,28.274333882308138,-1.2327974289786066
2022-12-29 13:33:00,-8.027597806863978,114.2060597677773,0,-8.027597806863978,136.76040682151157,0.5226193226031466
2022-12-29 21:48:00,-7.878120527296293,112.8998450255178,0,-7.878120527296293,28.274333882308138,-1.011861281348769
2022-12-30 01:08:00,-7.951346082211142,112.9624151121951,0,-7.951346082211142,28.274333882308138,-1.472016371047493
2022-12-30 16:40:00,-7.975208220891299,112.3051497317104,0,-7.975208220891299,404.4194485704354,1.8668497971992062
2022-12-30 18:34:00,-8.196921154037401,114.0526751866695,0,-8.196921154037401,69.48685178824212,-0.10641267720555474
2022-12-31 22:36:00,-7.921037226607004,112.2969335690573,0,-7.921037226607004,119.33181945379664,0.17751573688530756
2023-01-01 01:41:00,-8.062805930203682,114.2334565264673,0,-8.062805930203682,30.59694785846095,-0.9503490137503738
2023-01-01 20:33:00,-7.933097997868748,112.3045871595133,0,-7.933097997868748,228.45540500016745,0.30431891940905226
2023-01-02 10:01:00,-7.961737589078757,112.3227400106372,0,-7.961737589078757,204.28349214056652,0.8632573547386327
2023-01-02 12:56:00,-7.967316261632204,112.9156216941466,0,-7.967316261632204,193.6400044152858,0.9650677413776223
2023-01-02 18:11:00,-8.080182448284257,113.9967946239974,0,-8.080182448284257,28.274333882308138,-1.2677099407202326
2023-01-02 19:44:00,-8.144631038988072,112.9857949508013,0,-8.144631038988072,129.8920854226483,0.20256915566996508
2023-01-03 03:47:00,-8.040347945099462,114.2357970636804,0,-8.040347945099462,52.88677003236507,-0.6550491357746572
2023-01-03 15:55:00,-8.069902776836065,114.2482775476614,0,-8.069902776836065,111.55776309769006,-0.2348156884970705
2023-01-03 17:31:00,-8.125102711609278,112.9074389965364,0,-8.125102711609278,136.7891038346629,0.09849206345679881
2023-01-04 14:32:00,-8.079438271716592,113.9956030945789,0,-8.079438271716592,45.71534941080493,-0.5711645062884797
2023-01-05 09:05:00,-7.939570036555462,112.9548927790628,0,-7.939570036555462,31.27019365619284,-0.9640843990351067
2023-01-05 12:01:00,-7.923955189158407,112.9675009307056,0,-7.923955189158407,50.66627270356065,-0.7038770123638648
2023-01-05 14:06:00,-8.13952990467762,114.0987329891958,0,-8.13952990467762,28.274333882308138,-1.0990611716672043
2023-01-06 19:36:00,-7.935361500969635,112.9612523425547,0,-7.935361500969635,35.063056037202124,-1.0052395309505138
2023-01-07 19:05:00,-8.071178902009141,114.2081478428332,0,-8.071178902009141,102.94957430291637,0.03466149155734555
2023-01-07 21:34:00,-8.1662661660408,112.9367299666397,0,-8.1662661660408,266.17571611614153,1.165967029080403
2023-01-08 00:44:00,-7.96931412028455,112.9020300304654,0,-7.96931412028455,236.68576899783966,1.0870796206645017
2023-01-08 17:47:00,-8.11110122657799,114.1997444381436,0,-8.11110122657799,238.45252761293074,1.1243756157606852
2023-01-09 17:49:00,-7.948414825063804,112.2883310561734,0,-7.948414825063804,85.92720053921052,-0.005437570703677587
2023-01-11 07:54:00,-8.148088708846021,113.9847441417136,0,-8.148088708846021,29.700440327505582,-1.0542478986639703
2023-01-12 01:06:00,-8.078326049956864,114.2941421156039,0,-8.078326049956864,42.87950941501961,-0.7031568067184253
2023-01-12 18:39:00,-7.971774103865976,112.3224092550433,0,-7.971774103865976,141.07531958601405,0.623361344870497
2023-01-12 23:59:00,-8.113402675127318,114.059027982777,0,-8.113402675127318,28.274333882308138,-1.366764670632045
2023-01-13 02:19:00,-8.112552923107694,114.0280420889146,0,-8.112552923107694,40.15812952409112,-0.8034163173753486
2023-01-13 10:05:00,-8.13033465426592,114.0385095132189,0,-8.13033465426592,48.880526738955005,-0.5459932636091174
2023-01-14 00:55:00,-7.905280155484253,112.9696651653178,0,-7.905280155484253,225.9028103017195,1.0564486383501832
2023-01-14 02:45:00,-8.179814192476037,114.0249850026129,0,-8.179814192476037,180.21778897384834,0.7366288924667092
2023-01-14 13:00:00,-8.100048779629471,112.9131802677504,0,-8.100048779629471,58.06602165854313,-0.7590507027486956
2023-01-15 15:40:00,-7.991493117708663,112.8925628743455,0,-7.991493117708663,85.82258387511116,-0.18949652150388946
2023-01-16 02:16:00,-8.10704042730679,112.9185943102451,0,-8.10704042730679,43.54762177603789,-0.915635075966323
2023-01-16 18:47:00,-8.134721842258031,112.9375979441264,0,-8.134721842258031,192.81164343723867,1.0165306151780553
2023-01-18 10:43:00,-7.940390326146277,112.9697344971878,0,-7.940390326146277,28.274333882308138,-1.8735188596959298
2023-01-19 06:48:00,-7.94448858918601,112.9587330903261,0,-7.94448858918601,28.274333882308138,-1.6553022874288703
2023-01-20 04:01:00,-7.948820168144801,112.3692116588604,0,-7.948820168144801,48.27752386354127,-0.49956806063284764
2023-01-21 09:14:00,-8.092002853721429,112.9048746849041,0,-8.092002853721429,45.667295325920044,-0.6377234822957805
2023-01-21 12:23:00,-7.996134867449146,114.2745483610056,0,-7.996134867449146,152.8972195662187,0.6319675204957385
2023-01-21 15:34:00,-7.923539565359265,112.3247604360756,0,-7.923539565359265,28.274333882308138,-1.8458025856372622
2023-01-23 00:00:00,-7.991553063145576,114.2413569581884,0,-7.991553063145576,34.74039140031716,-0.7561401214715336
2023-01-23 16:00:00,-7.863418455355519,112.2774760930109,0,-7.863418455355519,253.6694277296419,1.2834820709851258
2023-01-24 06:55:00,-8.063081449499263,112.9571292415429,0,-8.063081449499263,356.7550413464792,2.161481081668088
2023-01-24 08:09:00,-7.934141856532235,112.319096103741,0,-7.934141856532235,28.274333882308138,-0.9957665882965643
2023-01-25 10:12:00,-7.963421575316459,112.2780435711628,0,-7.963421575316459,28.274333882308138,-0.9363187679231105
2023-01-26 01:17:00,-7.883476615824455,112.2648072326428,0,-7.883476615824455,167.5850765063835,0.72052749930133
2023-01-26 04:12:00,-8.064335716594403,114.29082860947,0,-8.064335716594403,114.43356623407516,0.443511233879711
2023-01-27 08:01:00,-7.942791156721676,112.2944228631602,0,-7.942791156721676,61.71071589467318,-0.33369579012315675
2023-01-27 17:45:00,-8.12005247618483,114.0419041917966,0,-8.12005247618483,47.42364136579046,-0.45161968454451235
2023-01-29 10:43:00,-8.138806428683788,114.0187076031325,0,-8.138806428683788,346.18646407009845,1.2779476663772171
2023-01-30 10:56:00,-8.09935473862563,114.028763798544,0,-8.09935473862563,324.29300130679377,1.836121890285152
2023-01-30 19:04:00,-8.092750037528255,112.9382658308763,0,-8.092750037528255,115.2663039350399,0.17788460714236728
2023-01-30 20:12:00,-8.078800156401542,114.2364739677538,0,-8.078800156401542,91.1732192774886,-0.028057832946998897
2023-01-31 04:39:00,-8.118119327093227,112.904650855472,0,-8.118119327093227,56.40569066790395,-0.477408761194441
2023-01-31 09:25:00,-7.947420348004572,112.9935676072494,0,-7.947420348004572,577.6255999667167,1.9587134395293508
2023-02-01 04:39:00,-7.921547082814932,112.2931591190499,0,-7.921547082814932,34.77462355227834,-0.7318362608441359
2023-02-01 19:37:00,-7.909467106458559,112.8991604130075,0,-7.909467106458559,244.235695985899,1.146708823083745
2023-02-02 00:40:00,-8.02620669453503,114.1745271484799,0,-8.02620669453503,237.66646279277253,1.171281404807279
2023-02-02 14:23:00,-7.923664734107154,112.2390985768657,0,-7.923664734107154,147.09606456403054,0.5929093649792725
2023-02-03 08:16:00,-7.912781711140471,112.3221911552893,0,-7.912781711140471,30.455845133305722,-1.072528229178072
2023-02-03 23:42:00,-8.052030346702354,114.2211558167155,0,-8.052030346702354,28.274333882308138,-1.3938994928903128
2023-02-04 10:27:00,-8.120705139154689,112.9004886844543,0,-8.120705139154689,95.51002537396019,-0.15541909638738466
2023-02-04 13:59:00,-8.117213273379011,114.0329094217553,0,-8.117213273379011,44.84456033308147,-0.5506949478028766
2023-02-04 18:35:00,-8.113380204995698,114.0248137962789,0,-8.113380204995698,46.16051536525289,-0.5809043153889938
2023-02-05 06:20:00,-7.980185731352319,112.358314769575,0,-7.980185731352319,156.313870201406,0.741179478283206
2023-02-05 06:27:00,-8.110785502030163,112.9094296978397,0,-8.110785502030163,124.6303784408821,-0.1871607474768014
2023-02-06 02:29:00,-8.120512479088323,112.9025896124498,0,-8.120512479088323,137.4832343340177,0.09762656096188978
2023-02-07 10:34:00,-8.058409080822006,114.225415024826,0,-8.058409080822006,59.59774863396113,-0.5635512100309163
2023-02-07 18:50:00,-7.950543674305526,112.9692033850888,0,-7.950543674305526,96.02141497968421,0.06372890656856088
2023-02-07 23:39:00,-8.053575169036726,114.2430186735227,0,-8.053575169036726,70.88780470499965,-0.23133477373713876
2023-02-08 01:18:00,-8.078564142235265,114.1855264138557,0,-8.078564142235265,337.1641564283947,1.6699411961499557
2023-02-09 01:17:00,-8.046046854692253,114.2527912577698,0,-8.046046854692253,34.824100527750204,-0.8612487935345091
2023-02-10 22:45:00,-8.159024055786203,113.9736122326543,0,-8.159024055786203,244.37229844686104,0.9153837370872611
2023-02-11 04:47:00,-7.932885229020457,112.2735876594143,0,-7.932885229020457,45.45446627345759,-0.7471563598858206
2023-02-11 19:23:00,-8.098460943534464,114.0862517748038,0,-8.098460943534464,151.8378444111044,0.14063605313921085
2023-02-12 09:37:00,-8.167381679616671,112.9021302980953,0,-8.167381679616671,407.6393025987138,1.7907513717239685
2023-02-13 19:09:00,-7.878880588778923,113.0108810698552,0,-7.878880588778923,78.53126427358677,-0.3606805428748436
2023-02-15 03:11:00,-7.889048195552096,112.3804496527746,0,-7.889048195552096,103.36736227186047,-0.0006756333903543804
2023-02-15 18:56:00,-7.945781134066072,112.9671992896642,0,-7.945781134066072,28.274333882308138,-1.9349421539298406
2023-02-18 03:46:00,-8.010033126132335,114.2995034056087,0,-8.010033126132335,148.2272292476856,0.5522900926729292
2023-02-19 09:50:00,-8.095208817395733,112.9389282794756,0,-8.095208817395733,28.274333882308138,-1.9876161445561018
2023-02-20 09:27:00,-7.981118412245611,112.338667397083,0,-7.981118412245611,439.6103288325494,1.805518501631096
2023-02-20 14:11:00,-7.927420289946624,112.9339821657755,0,-7.927420289946624,74.48272067895807,-0.36363772605442035
2023-02-20 18:01:00,-7.928523760421678,112.2638267605246,0,-7.928523760421678,33.62760251278587,-0.8978899440549809
2023-02-20 22:05:00,-7.951837317365761,112.2981249906647,0,-7.951837317365761,119.85949549726338,0.4004332825248544
2023-02-21 09:28:00,-7.903707878009439,112.3393059854614,0,-7.903707878009439,184.5023162662524,0.6181430794602286
2023-02-21 16:20:00,-8.10937702111031,114.0226855911975,0,-8.10937702111031,56.70093737091662,-0.5401350578783229
2023-02-22 05:34:00,-7.991586166926558,112.8920886272204,0,-7.991586166926558,172.58534425769213,0.3497966857640765
2023-02-22 13:49:00,-8.044332595586615,114.2417009082493,0,-8.044332595586615,28.274333882308138,-1.5028611093888167
2023-02-22 20:00:00,-7.928297702157872,112.2849076364271,0,-7.928297702157872,412.4695095303331,1.748574973573055
2023-02-23 01:06:00,-7.920230702757982,112.2672198098801,0,-8.104939889471673,197.83474533003496,0.9132212214342842
2023-02-23 01:06:00,-8.104939889471673,113.9895042808508,0,-8.104939889471673,197.83474533003496,1.005665961112172
2023-02-23 07:31:00,-7.99262820924193,112.9738024059729,0,-7.99262820924193,283.48863302492265,1.0182270811515173
2023-02-23 08:20:00,-7.899101099656788,112.2454223475867,0,-7.899101099656788,146.12890185114796,0.441474709860205
2023-02-23 09:49:00,-7.886711600500708,112.2715225669001,0,-7.886711600500708,28.274333882308138,-1.322442519564833
2023-02-23 16:45:00,-7.922066797072336,112.9520112772907,0,-7.922066797072336,28.274333882308138,-1.6187361295105618
2023-02-24 02:18:00,-7.955800584571474,112.9374364400462,0,-7.955800584571474,32.38881376609334,-0.8280728449835355
2023-02-24 09:12:00,-8.104000713094964,114.0902689116643,0,-8.104000713094964,28.274333882308138,-1.0202251742140753
2023-02-24 15:19:00,-7.876520426429004,113.0027433580338,0,-7.876520426429004,28.274333882308138,-1.109329787726912
2023-02-25 00:22:00,-7.946725798797375,112.3556259985178,0,-7.946725798797375,246.56849113588171,1.4565402713113527
2023-02-25 00:48:00,-8.032250174400717,114.186938540722,0,-8.032250174400717,28.274333882308138,-1.1118299779713186
2023-02-25 11:07:00,-8.059196383930717,114.296994529745,0,-8.059196383930717,132.2537755996467,0.3287511876958614
2023-02-25 20:58:00,-8.085315019410393,114.1938006877822,0,-8.085315019410393,28.65197280806912,-0.9391043615299997
2023-02-26 00:07:00,-8.092512277301235,114.198705738266,0,-8.092512277301235,28.33470501802561,-1.0701668310979107
2023-02-26 09:47:00,-8.123309770770414,112.9218118516736,0,-8.123309770770414,52.24426688827198,-0.5396634978969799
2023-02-27 15:21:00,-8.056820996274942,114.2382523018741,0,-8.056820996274942,28.274333882308138,-1.4367664874361648
2023-02-27 16:09:00,-8.139471744259279,112.8579194690643,0,-8.139471744259279,196.73771010507983,0.9374898264761724
2023-02-27 19:50:00,-8.124345274630736,112.9828503068154,0,-8.124345274630736,80.41284636128147,-0.018975767270132924
2023-02-28 03:40:00,-8.086843592160676,112.9495770774506,0,-8.086843592160676,686.6128045574667,1.8831123360376703
2023-02-28 05:52:00,-8.083556219241332,114.0337075023191,0,-8.083556219241332,60.2194248194378,-0.2952347474665959
2023-02-28 21:48:00,-7.948537839911605,112.9551366039225,0,-7.948537839911605,28.274333882308138,-2.0696637417253325
2023-03-01 02:48:00,-8.109648246476196,114.2161752269457,0,-8.109648246476196,272.5030446631353,1.5164191291057716
2023-03-02 04:26:00,-7.92710068451753,112.2944560078736,0,-7.92710068451753,40.34426612619553,-0.7706996034330981
2023-03-02 15:41:00,-8.082638320599505,112.9744294127431,0,-8.082638320599505,286.5733726761575,0.8290238056809947
2023-03-04 03:00:00,-7.997439911934482,112.8914132757279,0,-7.997439911934482,234.04375359840435,0.7482556906330732
2023-03-04 09:38:00,-8.104469481163887,114.0239220646352,0,-8.104469481163887,116.26731113326699,0.08940596851541877
2023-03-04 21:28:00,-8.114408285752258,114.0382641183164,0,-8.114408285752258,89.87013290327133,-0.5472361528046265
2023-03-04 23:09:00,-8.14851808077555,112.9726490918752,0,-8.14851808077555,49.68609967790792,-0.33367083090830796
2023-03-05 08:04:00,-8.129859588972066,114.0164649877049,0,-8.129859588972066,446.72286220801976,1.4258430523334482
2023-03-05 16:17:00,-7.992308647627647,114.2373666362328,0,-7.992308647627647,83.22573827046395,0.10567653714350599
2023-03-07 13:27:00,-8.110408340292818,112.8584880336243,0,-8.110408340292818,89.29570467025947,0.061954001180352776
2023-03-08 18:33:00,-8.174648006520812,114.0675160050529,0,-8.174648006520812,369.9137410649738,1.9122004970670308
2023-03-09 05:06:00,-8.112410645318084,114.0364503794798,0,-8.112410645318084,28.274333882308138,-1.9447452931821625
2023-03-09 20:43:00,-8.089477750900244,112.9766029792157,0,-8.089477750900244,468.98835077041446,1.099357071285437
2023-03-10 01:06:00,-7.931605779340077,112.3508741582732,0,-7.931605779340077,86.25931103726892,0.043378009252314685
2023-03-11 02:49:00,-8.035598509073113,114.3003815897669,0,-8.035598509073113,47.83480772481985,-0.5087610929824996
2023-03-11 05:51:00,-8.196036552458587,114.0655301280697,0,-8.196036552458587,97.80190596213048,0.11839950984528642
2023-03-11 07:09:00,-8.135383703254382,114.0405821254522,0,-8.135383703254382,98.6744932645539,0.10579376325859756
2023-03-12 08:11:00,-7.987653728293147,112.9763633219851,0,-7.987653728293147,557.3965958967476,2.0655417204502706
2023-03-12 19:14:00,-7.938036923844946,112.3818013519415,0,-7.938036923844946,232.57710808094933,1.3896969169803315
2023-03-13 01:38:00,-7.868214729289993,112.3605573979041,0,-7.868214729289993,200.2157750615685,1.0204572608585043
2023-03-13 07:31:00,-8.164689331140766,114.0971342104754,0,-8.164689331140766,398.8004502438108,2.039363744094289
2023-03-13 22:34:00,-8.098431467979625,114.2084712934678,0,-8.098431467979625,127.75445225620038,0.2036586492518097
2023-03-15 01:53:00,-7.910460093867668,112.2945565542785,0,-7.910460093867668,72.74821761685557,-0.1133808907051431
2023-03-15 06:06:00,-8.151280558943151,114.028040861678,0,-8.151280558943151,38.0591092903947,-0.7042167140412934
2023-03-15 11:01:00,-8.048148891756885,114.3053810807538,0,-8.048148891756885,286.39314461529267,1.6530705985703842
2023-03-16 09:57:00,-8.122427834456511,112.9287468413189,0,-8.122427834456511,84.1110017963104,-0.042933576727662535
2023-03-17 19:13:00,-8.115659534834489,114.2911969176499,0,-8.115659534834489,122.90702528338672,0.3050532188584703
2023-03-18 13:10:00,-8.090412003902934,114.0060032368373,0,-8.090412003902934,28.274333882308138,-0.895163354361539
2023-03-20 08:18:00,-8.098922813056854,112.9255101838941,0,-8.098922813056854,125.59317110772761,0.31509470165634695
2023-03-21 03:50:00,-8.104544001503893,114.0565187014035,0,-8.104544001503893,47.59842980769062,-0.4071657556437186
2023-03-22 08:15:00,-7.920166508660455,112.2967004275749,0,-7.920166508660455,28.274333882308138,-1.1976729832882218
2023-03-22 22:18:00,-7.989450741624658,114.1790614214465,0,-7.989450741624658,48.6327924772624,-0.4704392812450934
2023-03-23 15:57:00,-8.126658541522616,112.8543241049793,0,-8.126658541522616,356.24448491489284,2.0610467089782807
2023-03-23 23:28:00,-8.065927097975289,112.8932907248148,0,-8.065927097975289,74.02012798102552,-0.1286614079229577
2023-03-24 19:09:00,-7.86972251220103,112.3373213369606,0,-7.86972251220103,360.0062227415995,1.1074412454424765
2023-03-25 00:44:00,-7.91541003766745,112.9393866372464,0,-7.91541003766745,658.5095317911827,2.0313018697992
2023-03-25 04:57:00,-8.127293641160804,114.1689858204592,0,-8.127293641160804,28.274333882308138,-1.06392573602853
2023-03-25 07:23:00,-8.098075409852836,112.9244165516508,0,-8.098075409852836,53.24524887652122,-0.43920827189525125
2023-03-25 10:20:00,-7.980451654232278,112.9987116493757,0,-7.980451654232278,29.03616519676453,-1.0080362926900004
2023-03-26 02:01:00,-8.050656883530568,114.187290421014,0,-8.050656883530568,28.274333882308138,-1.1176300649623252
2023-03-28 00:34:00,-7.894859428274992,112.3616848059838,0,-7.894859428274992,416.83668122650045,1.8613418194317377
2023-03-29 16:27:00,-8.131205829675501,112.8862455824826,0,-8.131205829675501,159.5869280149854,0.868689629082666
2023-03-29 21:42:00,-8.148957343591915,112.8582272639055,0,-8.148957343591915,28.274333882308138,-0.8434184818600801
2023-04-02 07:59:00,-8.12429269620722,112.8563779390882,0,-8.12429269620722,67.18075596279412,-0.3562356490924226
2023-04-02 10:50:00,-8.121672853823087,114.0306470709587,0,-8.121672853823087,84.00464494148632,-0.328258597509029
2023-04-02 11:46:00,-8.091708464334888,112.9594008539992,0,-8.091708464334888,442.0704801825326,1.0872731211591986
2023-04-02 12:26:00,-8.07249702285416,114.0777670064169,0,-8.07249702285416,118.51597651198658,0.5024054720113115
2023-04-02 13:15:00,-8.042996743667837,114.2307932666195,0,-8.042996743667837,468.98835077041446,1.2354653104417062
2023-04-02 17:51:00,-8.097513310905015,112.9184892911559,0,-8.097513310905015,28.274333882308138,-0.9713084717893267
2023-04-02 18:19:00,-7.887505866898461,112.3071757593362,0,-7.887505866898461,34.741776760013195,-0.6956647984117923
2023-04-04 07:29:00,-7.882283591185645,112.368564412069,0,-7.882283591185645,28.274333882308138,-1.0270385321382496
2023-04-05 03:12:00,-7.945605799500154,112.9594138657089,0,-7.945605799500154,28.274333882308138,-1.1117824602398794
2023-04-05 03:42:00,-8.17292921400069,113.97490295597,0,-8.17292921400069,82.35562431710375,0.06944773193529688
2023-04-06 19:30:00,-8.058074712995344,114.2224275209119,0,-8.058074712995344,493.2405106887348,1.8115175208642547
2023-04-06 20:44:00,-8.048704554224923,114.2543771839848,0,-8.048704554224923,97.70787387622246,0.15852530550039723
2023-04-08 08:02:00,-8.051674954177736,112.9626374357545,0,-8.051674954177736,162.65175226972482,0.7211540547231886
2023-04-08 23:50:00,-8.061946675926189,113.9922455597234,0,-8.061946675926189,202.3426362239966,0.9624325142511612
2023-04-09 11:51:00,-8.078351607508205,112.8665510701054,0,-8.078351607508205,136.72404901065826,0.2087338901415266
2023-04-10 08:18:00,-7.938919939935706,112.9158639285236,0,-7.938919939935706,81.62525747808132,-0.1008507785673186
2023-04-10 23:02:00,-8.110893405956103,112.9315253187775,0,-8.110893405956103,76.95607017756151,-0.1767185492456924
2023-04-11 01:07:00,-8.082079532904707,114.2867897720882,0,-8.082079532904707,395.6217880258242,1.7531146824829198
2023-04-14 16:15:00,-8.117733114063924,113.9945547938077,0,-8.117733114063924,70.03732410008786,-0.14981740900156618
2023-04-15 13:45:00,-8.074442116637725,114.1062152480909,0,-8.074442116637725,28.274333882308138,-1.0022041152799028
2023-04-15 22:55:00,-7.978592035549783,112.3322146473859,0,-7.978592035549783,132.85903176157586,0.45732224594946713
2023-04-18 03:27:00,-8.101766464167529,112.9089980480212,0,-8.101766464167529,28.274333882308138,-1.1941732863694539
2023-04-18 10:51:00,-8.009857797573462,112.9870533399455,0,-8.009857797573462,147.09606456403054,0.7410124736035192
2023-04-18 13:07:00,-8.068141226477042,114.2425508540174,0,-8.068141226477042,28.274333882308138,-2.0995138092760963
2023-04-19 05:41:00,-7.88526722418021,112.3617796322017,0,-7.88526722418021,38.12780322203881,-0.9136821223032505
2023-04-19 06:42:00,-7.977206508536895,112.9178956487119,0,-7.977206508536895,297.3217666188198,1.4445926666680546
2023-04-20 04:21:00,-7.934586010131069,112.9404097602859,0,-7.934586010131069,109.92424790987886,-0.11763436089383392
2023-04-20 04:46:00,-8.111853268283905,114.270279253947,0,-8.111853268283905,294.40123005374903,1.2020937097726179
2023-04-20 16:47:00,-8.13788323625607,114.0214934213549,0,-8.13788323625607,31.03952070891145,-1.0467851068359761
2023-04-20 21:00:00,-7.94043808936457,112.9678143232667,0,-7.94043808936457,49.449236199348434,-0.9950650805077077
2023-04-21 20:00:00,-8.114241583302606,114.2940027048282,0,-8.114241583302606,384.73560928167655,1.6816924474336676
2023-04-22 16:25:00,-7.960050251546686,112.8976381966184,0,-7.960050251546686,33.04982071042618,-0.7917521139160172
2023-04-23 14:19:00,-8.046072354841218,114.248171840611,0,-8.046072354841218,126.58787412995913,0.1668324207981268
2023-04-23 18:53:00,-8.127077170647365,112.9319389967006,0,-8.127077170647365,55.70038442893577,-0.32022260592165397
2023-04-25 14:27:00,-7.931279556055966,112.9452119115866,0,-7.931279556055966,42.71463015570073,-0.4443266161438723
2023-04-26 01:40:00,-8.120234749179927,112.917393099545,0,-8.120234749179927,28.274333882308138,-1.9276062657324207
2023-04-26 05:02:00,-8.104997417141918,112.9260853404047,0,-8.104997417141918,28.274333882308138,-1.1037102780783679
2023-04-26 08:01:00,-7.98939019546385,112.303197950293,0,-7.98939019546385,380.4160881785958,1.3027715761092702
2023-04-29 00:47:00,-8.139044507940543,112.9495055798942,0,-8.139044507940543,271.76109847651367,1.439137670950805
2023-04-29 06:41:00,-8.123412627988104,112.9294656607069,0,-8.123412627988104,28.274333882308138,-1.6240625470479335
2023-04-29 10:02:00,-8.093465054504543,114.2552310201333,0,-8.093465054504543,28.274333882308138,-1.1527721279076826
2023-04-30 00:16:00,-7.870801278032162,112.373018854719,0,-7.870801278032162,194.74856555790225,0.7767439874835353
2023-05-01 03:48:00,-7.921085923241636,112.9573253569097,0,-7.921085923241636,28.274333882308138,-1.1454798776220914
2023-05-01 07:36:00,-8.09363417205896,114.2612043963876,0,-8.09363417205896,42.790934964586945,-0.6096023428338677
2023-05-02 18:37:00,-8.105325745722418,112.9229582516212,0,-8.105325745722418,44.96408821684376,-0.8057680417719472
2023-05-02 21:18:00,-8.086749902043652,114.2936958738063,0,-8.086749902043652,100.24030959884863,0.27313330299067456
2023-05-04 14:14:00,-7.936238276582847,112.3002155825124,0,-7.936238276582847,28.274333882308138,-1.7101260487401828
2023-05-04 14:20:00,-7.959772835551831,112.9859702775955,0,-7.959772835551831,471.84194411270283,2.0009235604975317
2023-05-05 00:49:00,-7.960833648023222,112.3155913079938,0,-7.960833648023222,65.24094582787124,-0.4516779872164889
2023-05-06 14:16:00,-8.084295716091082,112.9511707459142,0,-8.084295716091082,84.3854970085681,-0.18754868920270312
2023-05-06 15:32:00,-7.992340021824019,114.2999677906675,0,-7.992340021824019,158.89341506294687,0.7407899578060156
2023-05-06 20:24:00,-8.024709080058711,114.2836992235907,0,-8.024709080058711,404.37244938468024,1.6904027727449427
2023-05-07 10:28:00,-8.196157080318539,114.0099014243416,0,-8.196157080318539,244.23569877146184,1.2811749539762685
2023-05-07 18:42:00,-8.093714241447858,114.0111143649537,0,-8.093714241447858,151.43482841565796,0.5558830432114955
2023-05-08 07:46:00,-7.918230056552371,112.3108764103947,0,-7.918230056552371,28.274333882308138,-1.440353887437737
2023-05-09 02:33:00,-8.071852085607173,114.2522587353169,0,-8.071852085607173,43.45078616806434,-0.6840363218642045
2023-05-09 07:35:00,-7.893546912916058,112.9766211475651,0,-7.893546912916058,287.3773244555519,1.5303465319319276
2023-05-09 22:59:00,-7.9198013057418,112.2736845338885,0,-7.9198013057418,180.70728412840825,0.4126806564009764
2023-05-10 19:10:00,-7.998278529635376,114.213136519281,0,-7.998278529635376,241.98368570873734,1.3419204887492606
2023-05-10 20:38:00,-7.959492874403963,112.9615027816912,0,-7.959492874403963,44.074081818517676,-0.7802266834613287
2023-05-11 00:45:00,-8.100295685715748,114.0327752056878,0,-8.100295685715748,66.79132708683882,-0.2944088996020485
2023-05-11 07:58:00,-8.015710835960865,114.2109197957987,0,-8.015710835960865,435.276521541616,1.473983045527504
2023-05-12 10:44:00,-8.094442580098644,114.0510456464759,0,-8.094442580098644,251.51033741242045,1.100803228541261
2023-05-12 11:29:00,-8.009409976570982,112.9017607249276,0,-8.009409976570982,119.23860222649283,0.286861392298579
2023-05-13 15:16:00,-8.13811605225733,114.0266634810732,0,-8.13811605225733,28.274333882308138,-1.4334000762117358
2023-05-15 06:17:00,-7.885945967096621,112.2933962835747,0,-7.885945967096621,208.3144469929271,1.0273456937711356
2023-05-16 08:06:00,-7.933367215480911,112.2977817957221,0,-7.933367215480911,94.66860889256381,0.1142442843529791
2023-05-16 08:27:00,-7.878219402965875,112.3771104134181,0,-7.878219402965875,28.274333882308138,-0.9957713264663898
2023-05-16 12:56:00,-8.070409153704173,114.2153838074425,0,-8.070409153704173,28.274333882308138,-0.9835579493898595
2023-05-17 09:16:00,-8.070202356392434,114.241252319556,0,-8.070202356392434,244.27715471168213,0.940564718592837
2023-05-17 10:07:00,-8.064148311859558,114.2277372353614,0,-8.064148311859558,168.97359314568988,0.058451970621937625
2023-05-17 17:07:00,-8.040147993549533,114.2200826006775,0,-8.040147993549533,45.17149435096198,-0.4606048888483323
2023-05-18 17:57:00,-8.073028166174094,114.2305476902215,0,-8.073028166174094,53.41400766457855,-0.5591924846470983
2023-05-18 22:58:00,-7.936031600416379,112.9631313622139,0,-7.936031600416379,164.27673022893126,0.48580979940733326
2023-05-20 01:08:00,-8.120792794620368,114.2923585053747,0,-8.120792794620368,388.6191018368138,1.8808295977076896
2023-05-20 09:33:00,-8.195113117183508,114.0884234420292,0,-8.195113117183508,193.4724115733371,0.8564661453155453
2023-05-20 11:19:00,-8.094922704749186,114.1939056132155,0,-8.094922704749186,454.18874364761643,1.6858151686594591
2023-05-20 16:34:00,-8.149918770671853,112.9245388778269,0,-8.149918770671853,370.51449173975453,1.9276105389491123
2023-05-22 08:24:00,-7.938488305056209,112.9547295661516,0,-7.938488305056209,62.96298938049348,-0.3600510081347155
2023-05-22 17:01:00,-8.070124052553412,114.2480491798203,0,-8.070124052553412,349.289027159696,0.9440581809767837
2023-05-22 19:08:00,-8.040651455485301,114.2963227459289,0,-8.040651455485301,87.36449903147951,0.13477989173805818
2023-05-23 04:19:00,-7.946449297259931,112.2924159019079,0,-7.946449297259931,166.6659604006617,0.3472505297160748
2023-05-23 16:20:00,-8.084307042169975,113.9926203612561,0,-8.084307042169975,38.0591092903947,-0.6685462752278103
2023-05-23 19:51:00,-7.91669860703499,112.2964255373329,0,-7.91669860703499,28.274333882308138,-1.8590340465392379
2023-05-24 03:17:00,-7.943710003596709,112.3170208888265,0,-7.943710003596709,82.63666855584168,-0.025361567157249958
2023-05-25 10:09:00,-8.160213457619216,112.879094566072,0,-8.160213457619216,321.72777040209655,1.7267449893912825
2023-05-25 18:15:00,-8.041969716431538,114.2960810482613,0,-8.041969716431538,51.45825170022947,-0.4671040714341755
2023-05-25 21:59:00,-8.102166159761861,114.0255040388698,0,-8.102166159761861,428.16586990212824,1.7814206642149262
2023-05-26 03:17:00,-7.979434006109526,112.8941803206075,0,-7.979434006109526,322.7578713917682,1.5953895081825318
2023-05-27 09:31:00,-8.090111676490695,114.176983588999,0,-8.090111676490695,386.288830877809,1.7204194886067763
2023-05-27 13:46:00,-7.931854312032678,112.879864994265,0,-7.931854312032678,179.31264927976596,0.7583923736664144
2023-05-27 19:40:00,-8.144692701963503,113.9823981511619,0,-8.144692701963503,455.9483512850186,1.753189094549112
2023-05-28 11:22:00,-7.917291594924634,112.3010338914632,0,-7.917291594924634,28.274333882308138,-1.52714937601532
2023-05-28 15:49:00,-7.915481398606932,112.3234420827194,0,-7.915481398606932,28.274333882308138,-1.4359546452414218
2023-05-29 08:16:00,-8.15555291551463,112.9405418649607,0,-8.15555291551463,28.274333882308138,-1.1382233235928787
2023-05-29 09:18:00,-8.15815555334945,112.8551665690534,0,-8.15815555334945,265.2698379993332,1.2797159042235753
2023-05-29 13:23:00,-8.167982609946439,112.9627581650362,0,-8.167982609946439,36.30405465700149,-0.8523631272002762
2023-05-31 02:11:00,-8.088156861167198,114.245016777476,0,-8.088156861167198,89.57783524015923,-0.40897840736582786
2023-05-31 21:05:00,-8.067088866106308,114.2354886544614,0,-8.067088866106308,80.40801394850894,0.049271696651933775
2023-06-01 06:18:00,-7.886161128257364,112.9519481926507,0,-7.886161128257364,105.98576726250887,0.12095363628814261
2023-06-01 22:21:00,-8.12308109912742,114.0534101314993,0,-8.12308109912742,49.67903908120915,-0.40386589146844415
2023-06-02 07:21:00,-8.013560890505863,114.2595333597331,0,-8.013560890505863,432.1120748444204,1.8744653926091317
2023-06-03 11:47:00,-7.982372891989708,112.9505698071172,0,-7.982372891989708,40.457254125125104,-0.6599273776261664
2023-06-04 15:23:00,-8.003633178016965,112.9430824820572,0,-8.003633178016965,221.19087750112718,1.2828814289263453
2023-06-04 20:17:00,-8.047504739488765,114.2590764477649,0,-8.047504739488765,157.32696523572568,0.09358754804167432
2023-06-05 02:11:00,-8.068760807996084,114.2578789329176,0,-8.068760807996084,52.9083890577688,-0.45849378415812714
2023-06-05 20:47:00,-7.956692374405145,112.3636869272235,0,-7.956692374405145,307.6901354478723,1.7012206639677447
2023-06-06 01:21:00,-8.09899087269711,114.2375696190164,0,-8.09899087269711,216.6437152624513,1.0406939075460075
2023-06-06 12:56:00,-8.152287653996005,114.0243533525709,0,-8.152287653996005,157.49869505064459,0.5280662214721621
2023-06-07 04:20:00,-7.934186750604621,112.9562886139061,0,-7.934186750604621,43.67220643337759,-0.6455709778767668
2023-06-07 08:40:00,-8.105276754812243,114.0974048293024,0,-8.105276754812243,48.27752386354127,-0.6369245000265819
2023-06-07 15:26:00,-8.065958952306707,114.228754625913,0,-8.065958952306707,94.7335213493956,0.01711756230111252
2023-06-07 17:39:00,-7.956805276478421,112.9363148077081,0,-7.956805276478421,60.43936950198095,-0.36615906466863596
2023-06-08 17:25:00,-8.17016318418077,114.0021711760669,0,-8.17016318418077,245.1360402373264,1.2037328808692211
2023-06-09 09:40:00,-7.901578937688655,112.9953617120858,0,-7.901578937688655,161.34482691524983,0.7997505111555744
2023-06-10 02:38:00,-8.133929257613483,112.8776848006062,0,-8.133929257613483,34.03280276228861,-0.7751803275891186
2023-06-10 06:07:00,-8.137018935621425,114.0365070428752,0,-8.137018935621425,90.50641759916434,-0.49654148711902857
2023-06-10 23:24:00,-8.089302540068383,112.9000212127889,0,-8.089302540068383,256.07818770816544,1.499242995252869
2023-06-11 00:36:00,-7.906640012695973,112.9665310443364,0,-7.906640012695973,71.8036656331019,-0.24619057237106312
2023-06-11 14:42:00,-8.131476593977396,112.9212269538379,0,-8.131476593977396,58.41166372457084,-0.49676232453530794
2023-06-11 18:04:00,-8.009654510256118,112.9580363505543,0,-8.009654510256118,235.76650525841447,1.1721178900834206
2023-06-12 02:01:00,-7.945366591242352,112.902883301644,0,-7.945366591242352,58.22108608001764,-0.5264174450413474
2023-06-13 19:43:00,-8.061728434137786,112.9132255540662,0,-8.061728434137786,176.22741011780545,0.49801123047138335
2023-06-14 03:45:00,-7.935391057351108,112.9672623940201,0,-7.935391057351108,28.274333882308138,-1.3594423531814412
2023-06-14 17:57:00,-8.12627702035104,112.9275626777691,0,-8.12627702035104,28.274333882308138,-1.271010653665921
2023-06-15 05:06:00,-7.931699903049408,112.9566041762951,0,-7.931699903049408,28.274333882308138,-1.7441333516256106
2023-06-15 06:21:00,-7.953559179922196,112.9604410624079,0,-7.953559179922196,119.64747947195794,-0.041631269771280954
2023-06-15 17:22:00,-8.047371591609558,114.2387350956738,0,-8.047371591609558,48.514671436347705,-0.3752978293587062
2023-06-17 14:49:00,-8.002380501041412,112.9776328475195,0,-8.002380501041412,84.68120298531525,0.04843227229268929
2023-06-18 05:14:00,-8.135981606844304,114.0321582804713,0,-8.135981606844304,104.67406032293243,-0.039570401560183134
2023-06-18 06:21:00,-8.072909550168616,114.2259879041021,0,-8.072909550168616,28.66633834040165,-0.9335298750325823
2023-06-20 18:19:00,-7.994123523581534,114.1710226154198,0,-7.994123523581534,125.71515461761577,0.15726021607287363
2023-06-22 00:54:00,-7.958246115594838,112.9944353289299,0,-7.958246115594838,390.35669067793185,1.6747527874904538
2023-06-22 19:14:00,-8.167254090446093,112.9274865831368,0,-8.167254090446093,39.75770537373553,-0.7157559853932005
2023-06-22 19:27:00,-8.200403856572178,114.0826182357347,0,-8.200403856572178,58.20235674078022,-0.2847646547694564
2023-06-23 12:10:00,-8.11947662086569,114.0314814620501,0,-8.11947662086569,142.74942799008838,0.16196103616853702
2023-06-25 10:18:00,-8.117878443129959,114.0527513472421,0,-8.117878443129959,126.92547595808016,0.19861103650964168
2023-06-25 21:05:00,-8.119315668604392,114.0320740760339,0,-8.119315668604392,281.05903684975004,1.1515989304774015
2023-06-26 11:03:00,-7.934455333337961,112.3014499649091,0,-7.934455333337961,48.29682430483373,-0.5907209813210448
2023-06-26 22:04:00,-8.049733845222484,114.2263648659714,0,-8.049733845222484,59.380466672715464,-0.5739186858102644
2023-06-27 20:04:00,-7.900326864107259,112.3484974280847,0,-7.900326864107259,70.59047185008555,-0.3006563575755906
2023-06-28 01:57:00,-8.0578073814888,114.2937494258785,0,-8.0578073814888,53.72242245269729,-0.5500479663282425
2023-06-30 08:13:00,-7.923298056103848,112.3234647914798,0,-7.923298056103848,28.274333882308138,-2.0722303583133947
2023-06-30 15:21:00,-8.069533882230461,114.1919755447683,0,-8.069533882230461,28.274333882308138,-1.1031327789040701
2023-06-30 20:15:00,-8.098837037871379,112.9387630256722,0,-8.098837037871379,159.3521691512205,0.41202122310034184
2023-07-01 03:12:00,-8.040336971682844,112.8901110041826,0,-8.040336971682844,87.34900289225489,-0.2039116109492469
2023-07-01 16:35:00,-8.068332820178993,114.2418587140553,0,-8.068332820178993,28.274333882308138,-1.9202176426436608
2023-07-02 01:39:00,-7.904814749656783,112.3659911326598,0,-7.904814749656783,121.71689393755918,0.37442597224869584
2023-07-02 03:56:00,-8.173445336217059,114.0361043811759,0,-8.173445336217059,28.97141738537513,-1.0381272654252425
2023-07-02 10:41:00,-7.897726800059544,112.2778857443992,0,-7.897726800059544,215.3031408815735,0.8646516316214106
2023-07-02 17:31:00,-8.109573857135437,112.9135144767498,0,-8.109573857135437,138.5677181508529,0.15220511384188679
2023-07-03 21:10:00,-8.0428484234336,114.2535272359965,0,-8.0428484234336,92.05202720211902,-0.32149720426015405
2023-07-04 01:26:00,-8.086789953394556,112.8555360662833,0,-8.086789953394556,144.7553209328154,0.641257977510765
2023-07-04 10:11:00,-8.160592990281195,112.8567757425087,0,-8.160592990281195,366.4344376586565,1.6878610732206016
2023-07-05 22:46:00,-7.975515659943204,112.9999582689253,0,-7.975515659943204,46.42218263835755,-0.8605753660598324
2023-07-06 07:29:00,-8.077559400849289,112.9761535369862,0,-8.077559400849289,416.7662961636085,1.0388548462271021
2023-07-10 13:44:00,-8.111263608486322,112.9204409497237,0,-8.111263608486322,147.1262077827159,0.21322419218309438
2023-07-10 18:08:00,-8.074371794648885,114.2454027097925,0,-8.074371794648885,41.174411857973666,-0.8464081616423319
2023-07-11 11:24:00,-7.951800333962264,112.939114632715,0,-7.951800333962264,64.1500917003924,-0.5312395703315842
2023-07-11 21:27:00,-7.931839109862218,112.3282736588067,0,-7.931839109862218,28.274333882308138,-1.2614363433002962
2023-07-12 06:31:00,-8.091893174518697,112.9310553404775,0,-8.091893174518697,360.6115241100552,1.2000170540486343
2023-07-12 15:30:00,-7.923145553520517,112.9128517293119,0,-7.923145553520517,70.88181386467589,-0.14144934892260366
2023-07-12 18:10:00,-8.18103729972954,114.0579560510015,0,-8.18103729972954,100.59355919658941,0.0656258011491698
2023-07-13 06:51:00,-8.170406756697941,114.0184222439677,0,-8.170406756697941,237.54365951215436,1.1891938096327495
2023-07-13 12:01:00,-8.067740671272176,114.2381057883665,0,-8.067740671272176,170.34665508153844,-0.058361450452270786
2023-07-14 07:53:00,-8.0762690600608,114.2341727875626,0,-8.0762690600608,28.274333882308138,-2.0433038564344788
2023-07-14 21:06:00,-8.127444051096008,114.2042318817372,0,-8.127444051096008,245.8460494090238,1.2995169362609533
2023-07-14 23:47:00,-7.924494324804962,112.9505318997192,0,-7.924494324804962,28.274333882308138,-1.3358934843747183
2023-07-15 01:12:00,-7.886206775838631,112.2452839688067,0,-7.886206775838631,130.20814130278345,0.31521699548643606
2023-07-15 04:20:00,-7.979563301402837,112.9419219397912,0,-7.979563301402837,30.2900858244837,-1.0337070645391884
2023-07-15 13:43:00,-7.918873302678998,112.2689520154163,0,-7.918873302678998,301.9670659939705,1.0675019436152398
2023-07-17 00:08:00,-7.940691818139473,112.9494765668848,0,-7.940691818139473,174.1989846647219,0.04168416239658515
2023-07-17 00:49:00,-8.17663629799947,114.0708438919175,0,-8.17663629799947,28.274333882308138,-1.3171003432539812
2023-07-18 06:46:00,-8.031288115499581,114.2007773567569,0,-8.031288115499581,321.71659383182373,1.4729987247544931
2023-07-18 08:44:00,-8.083308683306212,114.0001541681124,0,-8.083308683306212,176.13831977702938,0.347629460680678
2023-07-18 10:43:00,-8.123441860696698,112.9049224966833,0,-8.123441860696698,28.759651847481717,-1.0997935091732733
2023-07-18 13:50:00,-7.989047088141844,114.2683510705637,0,-7.989047088141844,214.79477303261194,0.9174384109987046
2023-07-18 23:58:00,-7.875243417807907,112.9937494488744,0,-7.875243417807907,406.75309427301147,1.8487085309157139
2023-07-19 16:50:00,-8.051027329343592,114.227364815996,0,-8.051027329343592,30.810234619801832,-1.0450748172089388
2023-07-20 00:46:00,-8.079684547964725,112.8644453877518,0,-8.079684547964725,283.9825891339642,1.1660889991132006
2023-07-20 03:03:00,-8.096175991371618,112.9585608476703,0,-8.096175991371618,70.44621010974454,-0.2842918762373616
2023-07-20 09:51:00,-8.052527439365395,114.2361444404345,0,-8.052527439365395,77.37521650418005,-0.4315199600440003
2023-07-21 01:47:00,-7.863232686898913,112.3232010548482,0,-7.863232686898913,487.7345500213106,1.6386844784447865
2023-07-21 04:26:00,-7.905814572497405,112.3076251625591,0,-7.905814572497405,124.56571691160087,0.3355250538462995
2023-07-21 11:03:00,-7.880052814788327,112.3362878532149,0,-7.880052814788327,28.274333882308138,-1.1233914533871607
2023-07-21 23:21:00,-8.105190240437596,112.9698554053785,0,-8.105190240437596,438.57584370055366,1.7287102224439275
2023-07-22 11:29:00,-8.077619013028752,112.9554101688871,0,-8.077619013028752,530.0460337465846,1.9303770649190803
2023-07-23 04:25:00,-8.178540668848735,114.0455098153603,0,-8.178540668848735,28.274333882308138,-1.2395440137703104
2023-07-23 04:47:00,-7.882895652459474,112.3477741069565,0,-7.882895652459474,416.5121578873785,1.7519032993386097
2023-07-23 21:23:00,-7.934835017911292,112.954428715455,0,-7.934835017911292,41.920532255859136,-0.8205376720072687
2023-07-24 09:19:00,-8.070874006103674,114.228098919449,0,-8.070874006103674,28.274333882308138,-1.1918908756686852
2023-07-24 10:00:00,-8.044628070880387,114.2910706082781,0,-8.044628070880387,28.274333882308138,-0.9553026218163059
2023-07-25 13:56:00,-8.112065361803769,114.0276573547146,0,-8.112065361803769,71.26339478774858,-0.22672016993908575
2023-07-25 20:53:00,-7.977390609844084,113.0124600983847,0,-7.977390609844084,101.23545199336849,0.3776463106597333
2023-07-26 01:33:00,-8.118057957185927,112.9142487823772,0,-8.118057957185927,28.274333882308138,-1.7533220424092186
2023-07-26 08:39:00,-8.123134154689016,112.9228433382913,0,-8.123134154689016,97.0162316812353,0.14736193023197575
2023-07-26 08:41:00,-7.893316336730768,112.2647588985071,0,-7.893316336730768,116.8084006950847,0.36711852073407225
2023-07-26 10:34:00,-7.917147068015832,112.3227311538783,0,-7.917147068015832,63.15579470277259,-0.36592178831296895
2023-07-26 17:45:00,-7.991129726013341,112.2970810711294,0,-7.991129726013341,254.3069382765546,1.1463360308559476
2023-07-27 14:39:00,-7.995557152942983,112.253809861331,0,-7.995557152942983,156.87214569816626,0.8529922947012453
2023-07-27 23:48:00,-8.200824569956701,114.0129990669001,0,-8.200824569956701,86.8939134536774,0.005957398182156771
2023-07-28 20:14:00,-7.927206733656733,112.9272605911843,0,-7.927206733656733,46.971889810864425,-0.48034951693039235
2023-07-29 02:24:00,-7.883550321161729,112.3144462318726,0,-7.883550321161729,33.67531009066952,-0.9705226904866056
2023-07-29 06:21:00,-7.963422601941877,112.8870058515354,0,-7.963422601941877,76.00238538337646,-0.2081772915529397
2023-07-29 10:17:00,-8.003189153103905,114.2320448826874,0,-8.003189153103905,28.274333882308138,-1.0814156160446557
2023-07-30 01:40:00,-7.999484688447965,112.3377979503851,0,-7.999484688447965,157.0991466166229,0.42946629072097414
2023-07-30 07:09:00,-7.987295231994938,112.3090229720368,0,-7.987295231994938,308.2324965326191,1.0484245467922406
2023-07-30 07:45:00,-8.052768922422455,114.2371898427254,0,-8.052768922422455,28.274333882308138,-1.8636921790393826
2023-07-30 12:21:00,-7.926025987701423,112.3481396093341,0,-7.926025987701423,28.274333882308138,-1.192217491337254
2023-07-31 03:11:00,-7.942640015316868,112.9504872732749,0,-7.942640015316868,149.1713012045005,0.24775511743913972
2023-07-31 04:43:00,-8.103725636486445,113.9764383969917,0,-8.103725636486445,424.9819965530183,1.485806321590873
2023-07-31 09:35:00,-8.181593425719417,114.0732216643603,0,-8.181593425719417,175.30745012148677,0.6780264129379112
2023-07-31 21:39:00,-8.105905153303304,112.9056417213709,0,-8.105905153303304,47.483716499415046,-0.6134016058936672
2023-07-31 22:52:00,-7.946752300181931,112.2847639513593,0,-7.946752300181931,28.65311537689865,-1.0503286830775707
2023-08-04 05:57:00,-7.99009740573159,114.2240381986261,0,-7.99009740573159,116.13098726260391,0.14488458781416486
2023-08-05 11:12:00,-8.09891544718624,112.8594848250778,0,-8.09891544718624,28.274333882308138,-0.9977857039007703
2023-08-06 13:52:00,-8.117155941603192,112.9217062974576,0,-8.117155941603192,28.274333882308138,-1.3810604551453838
2023-08-06 22:47:00,-7.926545915117581,112.3029736656933,0,-7.926545915117581,90.33929953952436,-0.27520135351172437
2023-08-06 23:37:00,-7.97515812017552,112.3415292383154,0,-7.97515812017552,238.4588644908983,1.0636230858166322
2023-08-06 23:38:00,-8.105546881467296,112.937424197963,0,-8.105546881467296,47.54533929965836,-0.6187828448031477
2023-08-07 02:13:00,-8.143428109112403,114.0394680190786,0,-8.143428109112403,121.64731132655636,0.27322056731856964
2023-08-09 10:47:00,-8.015423864388666,114.2782089557524,0,-8.015423864388666,431.2980531542205,1.8022334880641189
2023-08-11 06:49:00,-8.133397015562148,114.0252554615343,0,-8.133397015562148,28.274333882308138,-1.421616644458798
2023-08-11 07:02:00,-8.107079584083735,112.9565490954753,0,-8.107079584083735,144.17586479381615,0.33327502862250796
2023-08-12 01:47:00,-7.940948332475025,112.3010954011631,0,-7.940948332475025,135.4052223306523,-0.11249975589013357
2023-08-12 18:39:00,-8.181523401528487,114.0527444360527,0,-8.181523401528487,292.9732396182067,1.4724573701712846
2023-08-13 07:06:00,-7.963266833400588,112.9309655107158,0,-7.963266833400588,337.22080547314476,1.3795954301377298
2023-08-13 18:21:00,-7.93110027689236,112.3434603320241,0,-7.93110027689236,28.274333882308138,-1.381248322716794
2023-08-14 13:18:00,-8.116229660204892,112.9664812562412,0,-8.116229660204892,296.1428084833955,1.0611496462099559
2023-08-14 22:09:00,-8.146725174165093,112.9854759529362,0,-8.146725174165093,30.873490886827916,-0.9414473912987495
2023-08-15 09:08:00,-7.955597039184743,112.9420444805212,0,-7.955597039184743,28.97779521411517,-1.0417385631996563
2023-08-15 15:31:00,-7.91281967684753,112.3297765655583,0,-7.91281967684753,85.75093860318303,-0.10008267008241928
2023-08-15 18:56:00,-8.128644964084296,112.857978097647,0,-8.128644964084296,163.48558682831043,0.5494164855976673
2023-08-16 09:44:00,-8.169047833837798,112.8699828891009,0,-8.169047833837798,51.86762474542221,-0.5463399432139642
2023-08-17 06:48:00,-8.083533926883288,114.0571646000208,0,-8.083533926883288,397.95303548173354,0.9351158117974253
2023-08-17 16:16:00,-7.923778269960352,112.9585830435084,0,-7.923778269960352,47.44066489714652,-0.46313106143038885
2023-08-17 20:20:00,-8.117874738178859,112.9103496591753,0,-8.117874738178859,28.274333882308138,-1.5464822182455256
2023-08-17 21:29:00,-8.12014370576885,112.920391153361,0,-8.12014370576885,41.70771253118258,-0.7077650265367534
2023-08-18 04:52:00,-7.890683715987935,112.342805763248,0,-7.890683715987935,119.94339178235529,-0.08069939977707666
2023-08-18 10:59:00,-7.871888131331882,112.2498041244827,0,-7.871888131331882,293.26990076436886,1.4834161227954588
2023-08-19 02:40:00,-8.009296768133684,112.926836342637,0,-8.009296768133684,78.77728622622529,0.044097320144293434
2023-08-19 07:45:00,-8.106097922985844,112.9173083720025,0,-8.106097922985844,28.274333882308138,-1.736682231827773
2023-08-19 07:47:00,-7.903931676780297,113.0075188496709,0,-7.903931676780297,110.1324765311461,0.22695774006189806
2023-08-20 02:40:00,-7.947584242105604,112.2927724100215,0,-7.947584242105604,312.1839872754603,1.3131607213996286
2023-08-20 18:48:00,-7.89596757539308,112.9853582956438,0,-7.89596757539308,54.86564481891656,-0.40426392072533335
2023-08-21 17:56:00,-8.131239971117195,112.9859486197,0,-8.131239971117195,71.14629989972718,-0.24068837313986394
2023-08-21 22:15:00,-8.0283634183437,114.2409770045739,0,-8.0283634183437,111.68761243728433,0.13623023536714063
2023-08-23 04:38:00,-8.14057548143029,112.9760027282937,0,-8.14057548143029,310.39138726722535,1.6699441045776935
2023-08-24 01:48:00,-7.924762433122462,112.9442025355494,0,-7.924762433122462,28.274333882308138,-1.1000930331631777
2023-08-24 15:45:00,-7.875997934795366,112.2446750101532,0,-7.875997934795366,211.39140728584417,0.6540855252417648
2023-08-25 11:04:00,-8.12278056598787,112.9051837243731,0,-8.12278056598787,198.98651530072235,0.24057670776678675
2023-08-25 13:46:00,-7.948479348577058,113.0154141386437,0,-7.948479348577058,42.44040738001665,-0.7431938780838909
2023-08-26 20:50:00,-8.146798403726404,112.9375583862857,0,-8.146798403726404,94.30132254796487,0.053616161543227354
2023-08-28 12:24:00,-8.07886492480125,114.2317599758633,0,-8.07886492480125,79.66850330146067,-0.21678923421868876
2023-08-28 15:21:00,-8.088957980713607,112.9838048291502,0,-8.088957980713607,230.19642823656122,1.151853548189758
2023-08-29 00:45:00,-7.937917995673694,112.2971958591695,0,-7.937917995673694,101.63448413651764,0.07426962347837679
2023-08-29 12:27:00,-8.080571987045134,113.9680335399013,0,-8.080571987045134,355.32758659101665,1.9145002050574018
2023-08-29 13:37:00,-8.113529572589318,114.2023942179873,0,-8.113529572589318,54.74026191407851,-0.5258285842224616
2023-08-29 23:28:00,-8.113086310825505,112.9164627779619,0,-8.113086310825505,88.1095625212111,-0.24715334242260192
2023-08-30 15:28:00,-8.121779308605296,112.9054612893897,0,-8.121779308605296,63.15800923127569,-0.5637043948889473
2023-08-30 16:07:00,-8.028245104298929,114.2891524971837,0,-8.028245104298929,119.59418035277592,-0.11397752457497244
2023-08-30 17:04:00,-8.033614856982908,114.2207976076214,0,-8.033614856982908,72.34044077176988,-0.11914294971608408
2023-09-01 03:49:00,-7.915965597145406,112.9189100887898,0,-7.915965597145406,28.274333882308138,-1.0363125751213726
2023-09-02 02:55:00,-7.882593363289142,112.941728971007,0,-7.882593363289142,53.281661775987246,-0.3905438956943382
2023-09-02 09:05:00,-8.0435382151659,112.9821663959665,0,-8.0435382151659,197.01429534468213,1.2214574736861301
2023-09-02 09:29:00,-8.044502883555326,112.9643019762156,0,-8.044502883555326,47.527794625557135,-0.7199804977578936
2023-09-04 08:28:00,-7.942775752681698,112.3119909941517,0,-7.942775752681698,147.2243726770374,-0.13947128468381867
2023-09-04 09:50:00,-8.091673135596247,112.9210423854274,0,-8.091673135596247,93.86095245176337,0.000665421947166191
2023-09-04 13:53:00,-8.006428465301763,112.957571268445,0,-8.006428465301763,76.54164367888168,-0.021335939135701153
2023-09-04 23:55:00,-7.98603707747391,112.9695787543388,0,-7.98603707747391,265.49918865532646,1.15692812040933
2023-09-05 00:02:00,-8.169883056981202,112.8520255584627,0,-8.169883056981202,89.7326567256067,0.0646882029840728
2023-09-05 02:59:00,-8.120521150096739,113.9687432121937,0,-8.120521150096739,119.84074257917389,0.29973304543572155
2023-09-05 13:27:00,-8.067393295627957,114.0094319425791,0,-8.067393295627957,281.72781612395687,1.3780737399789378
2023-09-05 18:16:00,-7.958817518568557,112.302005849796,0,-7.958817518568557,350.7127457487512,1.734941364099542
2023-09-06 00:08:00,-8.070984033972547,112.9276738871569,0,-8.070984033972547,426.17765358736034,1.5243525670020448
2023-09-06 04:09:00,-7.929489174697716,112.9404130186434,0,-7.929489174697716,28.274333882308138,-1.3395635925505889
2023-09-06 16:29:00,-8.091891542325243,112.9104977000266,0,-8.091891542325243,64.11996865219409,-0.42687899838007887
2023-09-07 02:48:00,-8.116440865170155,112.9295468483948,0,-8.116440865170155,37.046098469246616,-0.7358579630630268
2023-09-07 11:12:00,-8.110185860752212,112.9381550410808,0,-8.110185860752212,240.49393548864768,1.107173246663374
2023-09-08 05:24:00,-8.105868585809777,114.0497739646609,0,-8.105868585809777,28.274333882308138,-1.53873809447069
2023-09-08 15:44:00,-7.953108116697713,112.9688514545096,0,-7.953108116697713,47.424376751403166,-0.5542646021801356
2023-09-09 03:26:00,-8.127717695159207,114.0639856169581,0,-8.127717695159207,165.28330814924212,0.6311664670734538
2023-09-09 08:01:00,-7.975973742793712,113.0199667711377,0,-7.975973742793712,116.5649848519199,0.39632690252447556
2023-09-09 10:00:00,-8.116630846295099,112.9157900552392,0,-8.116630846295099,79.78836669387701,-0.2500828725471465
2023-09-10 01:14:00,-8.173133363895317,113.9916130181271,0,-8.173133363895317,240.93469258769463,1.2447491458979307
2023-09-10 03:07:00,-8.152343742552777,112.975942668403,0,-8.152343742552777,371.6817038371539,1.85515252426507
2023-09-10 19:25:00,-7.989125792582779,112.340131977984,0,-7.989125792582779,44.437661679394964,-0.5889673641677476
2023-09-11 00:01:00,-8.1283654965939,114.027117852202,0,-8.1283654965939,61.005342275688044,-0.506157442797768
2023-09-11 08:01:00,-8.041278441507204,114.2244628474143,0,-8.041278441507204,28.274333882308138,-0.9996281967045766
2023-09-11 16:14:00,-8.136081623872638,114.0583202398284,0,-8.136081623872638,41.90953350155387,-0.7262852965913409
2023-09-13 08:14:00,-7.990750499941494,114.235999456013,0,-7.990750499941494,136.0373798869163,0.7021173739725586
2023-09-14 04:36:00,-8.073230885653992,114.2333873168821,0,-8.073230885653992,52.629315743320134,-0.6701924108401099
2023-09-14 06:39:00,-8.139349446243015,114.067638376584,0,-8.139349446243015,320.4559729021473,1.6440194833162296
2023-09-14 17:41:00,-7.942030598767865,112.2718832975855,0,-7.942030598767865,203.34730473594215,1.0358947680315091
2023-09-15 04:23:00,-8.102972859905464,114.3105391457039,0,-8.102972859905464,128.67854735314296,0.4117091591502638
2023-09-16 13:08:00,-8.069535760266332,112.9843737123966,0,-8.069535760266332,50.77715250483972,-0.6555940655397885
2023-09-17 17:45:00,-8.001030286469513,112.3082173440433,0,-8.001030286469513,372.2083256184913,1.5966971779117975
2023-09-17 20:50:00,-8.127827087809788,112.9278492052643,0,-8.127827087809788,96.63245233817754,-0.012161731096012101
2023-09-17 22:53:00,-8.122823922074229,112.9428988173651,0,-8.122823922074229,149.77195513575964,0.5400630528834882
2023-09-18 04:01:00,-8.067267177004444,114.3072187898002,0,-8.067267177004444,94.27050346009464,-0.19492249808641166
2023-09-18 11:28:00,-8.13458112514338,114.1019186004407,0,-8.13458112514338,28.274333882308138,-1.3236515326662504
2023-09-18 14:37:00,-7.95089035301153,112.2860438727606,0,-7.95089035301153,72.26186480883086,-0.31939529617939644
2023-09-18 22:42:00,-7.992854813720615,114.304588624011,0,-7.992854813720615,109.19159532942184,0.05782656286029936
2023-09-19 01:33:00,-7.93519133072628,112.2969650972955,0,-7.93519133072628,28.274333882308138,-1.243063065720045
2023-09-19 23:16:00,-7.913623786495513,112.3191316657571,0,-7.913623786495513,85.52051255013929,-0.16339053735623982
2023-09-20 14:49:00,-8.0919243735594,112.9445481635108,0,-8.0919243735594,166.0098264666223,0.4480409127373969
2023-09-22 04:56:00,-8.04759782213999,114.2468491988804,0,-8.04759782213999,101.80030036536375,-0.15185912144156918
2023-09-22 06:58:00,-7.889786242464448,112.3733278139252,0,-7.889786242464448,82.08561868018467,-0.5410310203101064
2023-09-22 08:17:00,-8.080946556398919,114.0607347513885,0,-8.080946556398919,417.7545917419377,1.9693339159505607
2023-09-23 11:59:00,-8.189561259947165,113.9681109169951,0,-8.189561259947165,104.02969291478588,0.17610849661512964
2023-09-23 22:33:00,-7.964736297353748,112.9478467986654,0,-7.964736297353748,62.6058956284394,-0.39934298936234475
2023-09-23 23:25:00,-8.000328175675955,112.9987535452062,0,-8.000328175675955,103.25979315977088,-0.0489673361530088
2023-09-24 01:31:00,-8.011018530230556,112.8795169216987,0,-8.011018530230556,28.274333882308138,-1.2169163386765824
2023-09-24 15:02:00,-8.077213699264796,114.0961518040749,0,-8.077213699264796,39.206990812932915,-0.7701499623215853
2023-09-25 02:44:00,-8.102949595529338,114.054174475978,0,-8.102949595529338,28.274333882308138,-0.9081481181310449
2023-09-25 12:07:00,-8.11027492214739,112.9018935354634,0,-8.11027492214739,139.88441726258486,0.23776126158243913
2023-09-25 15:20:00,-8.113815739990246,114.2794305779331,0,-8.113815739990246,322.9100502126488,1.3503632827757457
2023-09-25 16:25:00,-7.944094846129069,113.002913430839,0,-7.944094846129069,316.85558415275284,0.9439507396709527
2023-09-25 18:35:00,-7.95634288503753,112.9490653359312,0,-7.95634288503753,28.274333882308138,-1.166755365648947
2023-09-27 03:29:00,-8.128705676487652,114.0322799073334,0,-8.128705676487652,47.55055212878304,-0.560255934580564
2023-09-27 04:50:00,-8.055855677408962,112.9515778555585,0,-8.055855677408962,111.4602312153562,0.2606447614435137
2023-09-27 11:02:00,-8.133902872075476,114.0323504529577,0,-8.133902872075476,58.48459242753539,-0.7822934279226718
2023-09-27 16:07:00,-7.908549554978082,112.9496954997622,0,-7.908549554978082,28.274333882308138,-0.9537959240468732
2023-09-29 12:39:00,-8.109136058591616,114.0502192014228,0,-8.109136058591616,28.274333882308138,-1.5561377365885323
2023-09-30 03:11:00,-8.090387583449242,112.9299068428859,0,-8.090387583449242,28.274333882308138,-1.8850075822672006
2023-09-30 06:57:00,-7.964371486481253,112.8907791989941,0,-7.964371486481253,116.50779011935137,0.49326064905476746
2023-09-30 08:10:00,-8.062843313432436,114.0322796839189,0,-8.062843313432436,207.40558433328476,1.0422078304017373
2023-09-30 11:48:00,-7.958102859170921,112.931334522648,0,-7.958102859170921,30.757872475442927,-0.9649004525105925
2023-09-30 14:25:00,-8.100908580246303,114.0909665740156,0,-8.100908580246303,378.5242195128656,1.580835323851201
2023-09-30 19:43:00,-8.014009680000504,114.2323313605326,0,-8.014009680000504,42.572982880844656,-0.6984435137211987
2023-10-01 01:16:00,-8.129819445093995,114.0478514145236,0,-8.129819445093995,109.60575286772973,-0.10307124243961702
2023-10-01 13:54:00,-7.936623599412356,112.3152470988132,0,-7.936623599412356,35.80155104923195,-0.849958901659494
2023-10-02 05:34:00,-7.993678389255098,113.0087255751833,0,-7.993678389255098,627.7015579652942,1.9029439851206675
2023-10-02 10:29:00,-7.978577073163244,112.3158221797952,0,-7.978577073163244,609.7699080665657,1.9640449132859576
2023-10-02 10:40:00,-8.03810313417788,112.9870649094409,0,-8.03810313417788,34.623478607036326,-0.7390655775817014
2023-10-02 10:42:00,-8.07375306277177,114.2330153979766,0,-8.07375306277177,33.42618864810729,-1.0019344975143456
2023-10-02 14:09:00,-7.954753819850638,112.9438227544734,0,-7.954753819850638,99.9871843355735,0.28670903896731886
2023-10-02 18:39:00,-8.158878294224259,114.0351296200723,0,-8.158878294224259,104.09704889421721,0.7254801283115473
2023-10-03 11:48:00,-7.87486593028457,112.3471955875328,0,-7.87486593028457,150.60624800132308,1.160475896435905
2023-10-04 11:17:00,-7.893087327036595,112.9175924664149,0,-7.893087327036595,402.27559835190493,1.8156959026527668
2023-10-04 13:30:00,-8.06142482167475,114.0818516039977,0,-8.06142482167475,66.46408239699718,-0.19496683532374995
2023-10-05 10:36:00,-8.133868021950395,114.034173299323,0,-8.133868021950395,28.274333882308138,-1.020422949216205
2023-10-05 11:05:00,-8.06436541832822,114.2241622070602,0,-8.06436541832822,28.274333882308138,-1.121505577494246
2023-10-05 16:36:00,-7.92604244955402,112.3028025964638,0,-7.92604244955402,28.274333882308138,-1.829009846936466
2023-10-06 21:15:00,-7.947539429550331,112.2972369564996,0,-7.947539429550331,28.274333882308138,-0.987113971709573
2023-10-06 23:55:00,-7.992345360665358,113.0134757480393,0,-7.992345360665358,99.18514315413859,0.153516205476251
2023-10-07 05:07:00,-7.926762504998033,112.3274154650017,0,-7.926762504998033,83.07752460550978,0.1107606336017365
2023-10-07 17:28:00,-8.130187758034442,114.2134847200228,0,-8.130187758034442,31.60600557779452,-0.6211338200592681
2023-10-07 20:16:00,-7.923149945920946,112.9424547703195,0,-7.923149945920946,105.27542947451724,0.08584474053156589
2023-10-09 00:05:00,-7.944369321974327,112.8909131353232,0,-7.944369321974327,241.80916794869924,1.3153695381492532
2023-10-09 03:51:00,-8.041352903252541,114.2411902385016,0,-8.041352903252541,28.274333882308138,-1.7863682133891654
2023-10-09 11:24:00,-7.871540247970325,112.9689831061727,0,-7.871540247970325,216.69099822457628,1.2128307742941382
2023-10-10 08:34:00,-8.12672652379632,112.9417885385852,0,-8.12672652379632,228.4948031392182,1.2257662691444895
2023-10-10 20:29:00,-8.045611132320435,112.9542102109755,0,-8.045611132320435,36.59884707133099,-0.9629237620153438
2023-10-10 22:05:00,-8.090731496988115,112.9287664732772,0,-8.090731496988115,82.00734479204371,-0.2832685005295635
2023-10-12 21:41:00,-7.942829466297347,112.3292459154893,0,-7.942829466297347,64.30765082998099,-0.40894452169193407
2023-10-13 04:01:00,-7.960950774825569,112.2627524034571,0,-7.960950774825569,222.62144107449348,0.9232957315558395
2023-10-13 07:47:00,-8.0606547649181,114.1943711049462,0,-8.0606547649181,28.97141738537513,-1.1204869265445516
2023-10-14 21:51:00,-8.156570025040427,112.9298409775282,0,-8.156570025040427,66.26395927621792,-0.3644255171994978
2023-10-15 02:30:00,-7.919841478836442,112.9912680604986,0,-7.919841478836442,275.0756891626842,1.3338027603794602
2023-10-15 07:55:00,-8.11576303214161,112.9033351974665,0,-8.11576303214161,354.8631386283196,1.3929342288836803
2023-10-15 12:24:00,-8.049530234263104,114.2096195539031,0,-8.049530234263104,143.21717664145334,0.4326292691125034
2023-10-16 14:45:00,-7.907307113583498,112.2392754651428,0,-7.907307113583498,80.40801394850894,-0.005965151448278031
2023-10-17 01:28:00,-7.862717659093015,112.2836789975312,0,-7.862717659093015,124.45785526924071,0.17570157347052057
2023-10-17 07:23:00,-8.120168298795328,114.2009513204055,0,-8.120168298795328,150.72321162749614,0.6767559549896224
2023-10-18 09:24:00,-7.922152613123786,112.9491939990846,0,-7.922152613123786,141.94024435137752,0.2951511873151827
2023-10-21 02:26:00,-7.937797851496122,112.9353192809986,0,-7.937797851496122,96.30833177787707,-0.12720304600001325
2023-10-22 01:17:00,-8.138572516208328,114.0573786055357,0,-8.138572516208328,38.14293699754815,-0.7789719766226796
2023-10-22 17:36:00,-8.001293979955683,114.2764180662798,0,-8.001293979955683,32.630563936090255,-0.9336742464732262
2023-10-23 17:38:00,-8.076934832072329,113.9948762971834,0,-8.076934832072329,117.27464127793483,0.16826047031313993
2023-10-24 12:43:00,-7.860422416158372,112.340517190047,0,-7.860422416158372,214.49380955077632,0.9857533492947114
2023-10-24 16:26:00,-8.156315440971985,114.0525621312129,0,-8.156315440971985,90.8000475664035,-0.043814280451604196
2023-10-24 17:38:00,-8.089452218759126,114.0007338200335,0,-8.089452218759126,41.62843481280031,-0.8129606602058963
2023-10-24 23:35:00,-8.105899447186294,114.0044505624461,0,-8.105899447186294,37.847958188535,-0.9074729509644144
2023-10-28 00:24:00,-7.896103899971886,112.3762290986324,0,-7.896103899971886,184.1572262415954,0.5516145231546358
2023-10-28 07:40:00,-7.878468701475899,113.0143963497908,0,-7.878468701475899,53.29985958301555,-0.6181037786573033
2023-10-28 09:35:00,-8.145965119886696,112.9709185390551,0,-8.145965119886696,77.74065447747788,-0.15399349546963678
2023-10-28 09:37:00,-8.043106377095773,114.2471903937878,0,-8.043106377095773,41.6581567387082,-0.6722143122505946
2023-10-28 11:34:00,-8.041540973178893,114.2355912022855,0,-8.041540973178893,92.13416448123051,-0.1623428806835398
2023-10-28 17:03:00,-8.06969410219013,114.2294162640203,0,-8.06969410219013,209.68837899472527,1.1049869290355698
2023-10-30 05:04:00,-8.065607315917655,114.2328939030299,0,-8.065607315917655,34.058338505390125,-0.906939647246393
2023-10-30 05:56:00,-8.05037066932942,114.2298473529618,0,-8.05037066932942,32.87106434501705,-1.0308331470783574
2023-10-31 06:27:00,-8.05583299772353,114.2365991964547,0,-8.05583299772353,28.274333882308138,-1.9383088487163942
2023-10-31 15:40:00,-8.115842641796778,114.0536664727023,0,-8.115842641796778,59.76456824124395,-0.3707743965316037
2023-10-31 23:14:00,-7.9426747470138,112.93875607913,0,-7.9426747470138,229.32476815705567,0.8786706690809096
2023-11-01 06:03:00,-8.110263926172331,114.0639038862468,0,-8.110263926172331,172.2304230449219,0.6525687226977023
2023-11-01 18:49:00,-7.945599738276383,112.9346800231455,0,-7.945599738276383,49.076925537324634,-0.5427413022733026
2023-11-02 19:42:00,-7.936395528679542,112.95554991891,0,-7.936395528679542,28.274333882308138,-1.3296376038396904
2023-11-02 20:55:00,-8.075589145849362,114.2934469172383,0,-8.075589145849362,39.59429124326211,-0.8066724210173354
2023-11-02 21:04:00,-7.934411621034083,112.3142821225179,0,-7.934411621034083,28.274333882308138,-1.3176940342087873
2023-11-03 16:47:00,-8.070306252456987,114.2424891052844,0,-8.070306252456987,182.00459592016716,0.3012231030899348
2023-11-03 22:02:00,-7.995224684212083,112.3672499414483,0,-7.995224684212083,379.2243616776419,1.9844737882705175
2023-11-04 08:44:00,-7.966222747478197,112.3807867545518,0,-7.966222747478197,39.74313415343244,-0.7577951720471167
2023-11-05 05:31:00,-8.093312953188155,114.0928197180545,0,-8.093312953188155,335.2075100940132,1.5275027103755134
2023-11-06 01:27:00,-8.100308067043757,112.901045370016,0,-8.100308067043757,28.274333882308138,-1.7387017038005956
2023-11-07 00:38:00,-7.916051929074068,112.29195495967,0,-7.916051929074068,270.2229337330288,1.3897337934682554
2023-11-09 01:13:00,-8.108727894568853,112.9366767411304,0,-8.108727894568853,58.97099686869923,-0.566328992267656
2023-11-09 07:10:00,-8.001157019062925,112.32486982437,0,-8.001157019062925,192.68008026923508,0.8113057137173887
2023-11-11 12:08:00,-7.900471613775336,112.9538677890463,0,-7.900471613775336,246.19936336906656,0.8587628280046002
2023-11-11 14:21:00,-8.088628497483136,112.8781675199808,0,-8.088628497483136,40.835580284890966,-0.7880894032628711
2023-11-11 14:47:00,-8.161284831795289,114.1033458406287,0,-8.161284831795289,252.76106525069116,0.8910059682912304
2023-11-12 02:50:00,-7.928887293721031,112.3024715924822,0,-7.928887293721031,28.274333882308138,-1.9310370800464267
2023-11-12 03:18:00,-7.93139693536498,112.3183363506216,0,-7.93139693536498,60.6073441867174,-0.5116727816847157
2023-11-12 04:50:00,-8.124755781246392,112.9575868888153,0,-8.124755781246392,412.08990401933835,1.7079912365824246
2023-11-12 07:14:00,-8.174795300545838,112.9526219703483,0,-8.174795300545838,170.83268962824562,0.9335651025039062
2023-11-12 09:58:00,-8.061296952537685,112.8662884100527,0,-8.061296952537685,314.11071538426114,1.704920316251466
2023-11-13 10:42:00,-7.895016096156276,112.2420427274525,0,-7.895016096156276,57.20068960617766,-0.5756644436944043
2023-11-13 12:26:00,-8.048537237661174,114.2430255557184,0,-8.048537237661174,91.87191636597537,-0.21468234464114702
2023-11-13 20:07:00,-8.161065287794083,112.8586662726423,0,-8.161065287794083,38.26763015929252,-0.7451388556042279
2023-11-14 06:59:00,-8.119370667149495,112.9051392297635,0,-8.119370667149495,43.22369206897555,-0.8406567036397395
2023-11-16 18:52:00,-7.996449367855092,114.2197641131221,0,-7.996449367855092,248.4304804122412,1.353426286358739
2023-11-17 15:42:00,-7.969091336349816,112.991874986706,0,-7.969091336349816,190.607927420354,0.7055960796302627
2023-11-19 10:26:00,-8.124321520239079,114.2747630155571,0,-8.124321520239079,428.7345285990061,1.7271379298576106
2023-11-19 18:26:00,-8.072572875484688,112.9065097492385,0,-8.072572875484688,28.274333882308138,-1.2469516527650637
2023-11-20 00:19:00,-7.928691151945165,112.2922632206221,0,-7.928691151945165,28.274333882308138,-2.0160062541889903
2023-11-20 12:10:00,-8.0887885131934,112.9729339975469,0,-8.0887885131934,41.41789945072807,-0.7179343287942288
2023-11-21 01:31:00,-8.054149198186398,114.2219034489493,0,-8.054149198186398,105.3584231222799,-0.07865833684761565
2023-11-22 12:20:00,-8.102183003518986,114.2099673032447,0,-8.102183003518986,35.777022789703445,-0.834147111641578
2023-11-22 20:59:00,-8.131538050138044,114.2044363258604,0,-8.131538050138044,51.96120818480083,-0.5594118850931518
2023-11-23 07:22:00,-7.961569822515895,112.9276022790793,0,-7.961569822515895,216.9930221259209,0.8951251871415903
2023-11-25 02:20:00,-8.060053007434375,114.2226234028518,0,-8.060053007434375,28.274333882308138,-1.1954477486747728
2023-11-25 07:22:00,-8.09990782380442,114.2177587801008,0,-8.09990782380442,124.81106411271574,0.16765955044011613
2023-11-26 12:37:00,-8.094924272601888,112.9062120939328,0,-8.094924272601888,45.63368305440725,-0.7226174396688249
2023-11-27 06:50:00,-8.039996540357896,112.887353084493,0,-8.039996540357896,394.7801238794907,2.126811205223092
2023-11-27 12:37:00,-8.07759149092285,114.1906149957449,0,-8.07759149092285,227.77920504359682,1.1610146089098579
2023-11-28 07:32:00,-7.887055035681761,112.8840299950636,0,-7.887055035681761,34.0280704757581,-0.788993443383286
2023-11-28 18:55:00,-7.954092279819037,112.966793923014,0,-7.954092279819037,28.274333882308138,-2.0606846493348745
2023-11-29 06:40:00,-7.997597791043876,112.2900062836074,0,-7.997597791043876,65.39379954433873,-0.3188019788368492
2023-11-29 10:25:00,-7.948104465223988,112.3460035272395,0,-7.948104465223988,125.34128527775832,0.4736642300818355
2023-11-29 18:02:00,-8.086108597650632,112.8724806575466,0,-8.086108597650632,38.822030560447196,-0.7435011655449376
2023-12-01 07:00:00,-7.892038843946471,112.3476514317925,0,-7.892038843946471,284.57750877412514,1.256652212128059
2023-12-01 07:37:00,-8.045862104730237,112.8883364889722,0,-8.045862104730237,183.79628314716143,0.6299204146274862
2023-12-01 16:09:00,-8.14993137858856,112.9794434534682,0,-8.14993137858856,211.2370194001582,0.963748071988988
2023-12-01 19:00:00,-7.936351622169817,112.3159569335642,0,-7.936351622169817,50.40202405526293,-0.6200973545106899
2023-12-02 12:17:00,-7.923871224857676,112.3295028789582,0,-7.923871224857676,28.274333882308138,-1.6138980595986956
2023-12-02 16:11:00,-8.061102664215191,112.9110333710753,0,-8.061102664215191,459.3340939234954,1.1499919436819444
2023-12-02 17:42:00,-8.080457742260869,112.9431577065503,0,-8.080457742260869,58.05741398366657,-0.3742074774266464
2023-12-04 21:18:00,-7.915394453080051,112.3590594735387,0,-7.915394453080051,28.274333882308138,-1.1103502396792895
2023-12-04 23:04:00,-8.125570186686359,114.039503448289,0,-8.125570186686359,155.69132821828535,0.14379240422405665
2023-12-04 23:47:00,-8.091419058875395,112.911689189568,0,-8.091419058875395,28.274333882308138,-1.053930973922607
2023-12-05 04:15:00,-8.054859771847442,112.9779541029637,0,-8.054859771847442,72.84613855879716,-0.0006974140270625686
2023-12-05 06:31:00,-8.13435255505528,112.9230334128677,0,-8.13435255505528,213.1261290306999,1.1020673810641968
2023-12-05 09:50:00,-7.927652955567554,112.9134293445472,0,-7.927652955567554,133.11006620120415,0.5833174929215236
2023-12-06 00:05:00,-7.979743665841252,112.905004276206,0,-7.979743665841252,61.21542066995061,-0.4018473314927253
2023-12-07 10:53:00,-8.058871949066901,114.2288635129799,0,-8.058871949066901,152.8911295354207,-0.10453697506184173
2023-12-08 01:12:00,-8.071020048924158,114.2434447125469,0,-8.071020048924158,32.200659594883284,-0.810040983865183
2023-12-09 05:18:00,-7.92449342934198,112.9537770071534,0,-7.92449342934198,28.274333882308138,-1.682398248264341
2023-12-09 17:31:00,-7.887401947384934,112.9592845608456,0,-7.887401947384934,83.48444428893377,-0.12811052910108986
2023-12-10 05:10:00,-7.990177205921935,112.3463591019696,0,-7.990177205921935,236.316499864844,1.261622887568357
2023-12-11 01:27:00,-8.108040791413316,114.0010289120376,0,-8.108040791413316,28.274333882308138,-1.1122619408011092
2023-12-11 02:12:00,-8.15825691576693,112.8532960600004,0,-8.15825691576693,368.91293928053506,1.756579066337369
2023-12-11 20:36:00,-8.137322375388711,114.0506365542116,0,-8.137322375388711,117.22262766266707,0.1785172035870573
2023-12-12 02:21:00,-8.101678265530204,112.9241676511685,0,-8.101678265530204,43.45077131889855,-0.7559599618084166
2023-12-12 07:04:00,-8.19668056056398,113.9719908725456,0,-8.19668056056398,205.5875346047538,1.1410725813538876
2023-12-13 22:19:00,-7.983862935427092,112.3673372944133,0,-7.983862935427092,60.599522808867235,-0.3965537650106843
2023-12-15 00:59:00,-7.980718258431934,112.3769171514725,0,-7.980718258431934,42.419828052185416,-0.7957299425599628
2023-12-15 15:20:00,-7.875732220506533,112.3271519194768,0,-7.875732220506533,61.55679049725281,-0.4511593846618615
2023-12-15 16:26:00,-7.90361829476105,112.348828362264,0,-7.90361829476105,191.54906329204724,0.851676844257195
2023-12-15 17:26:00,-8.027861495206015,114.2394226925475,0,-8.027861495206015,96.07708078925651,0.017713661618017903
2023-12-15 23:25:00,-7.897677378700191,112.2569146977836,0,-7.897677378700191,159.19270176884677,0.6679075272598106
2023-12-16 01:41:00,-8.168523268616433,114.0528753022318,0,-8.168523268616433,39.297915866161304,-0.8074517531976814
2023-12-17 07:33:00,-8.115064742078465,114.0245003267416,0,-8.115064742078465,81.38636915501519,-0.27569461940732376
2023-12-17 08:39:00,-8.093134962479068,114.2050841161975,0,-8.093134962479068,91.7964377450235,0.1045958109960013
2023-12-18 10:52:00,-7.935726949749022,112.301423694135,0,-7.935726949749022,83.55173925675578,-0.08704718701181048
2023-12-19 13:16:00,-8.125658814323552,114.0491554046427,0,-8.125658814323552,128.87424480091778,0.20388017449783769
2023-12-20 01:06:00,-8.004512236994344,114.2407720233445,0,-8.004512236994344,586.4810374381885,1.866061960071082
2023-12-20 07:24:00,-7.999963653470974,112.3265106279094,0,-7.999963653470974,144.496781289021,0.7081629280495217
2023-12-20 11:12:00,-7.942599080904619,112.3065276774968,0,-7.942599080904619,137.20416026988153,0.24212830223396575
2023-12-20 23:36:00,-8.165266690338244,112.863173419836,0,-8.165266690338244,123.93159466638235,0.4253838563924444
2023-12-22 00:28:00,-7.959099948481636,112.958479110783,0,-7.959099948481636,46.91439408404306,-0.7153323857301264
2023-12-22 18:43:00,-7.935715543908277,112.252499667205,0,-7.935715543908277,301.2595269126588,1.1835822205640918
2023-12-23 07:56:00,-8.007461076793811,114.1994583234434,0,-8.007461076793811,70.59047185008555,-0.2073894697524974
2023-12-23 16:33:00,-8.123482074185292,112.90861515252,0,-8.123482074185292,28.274333882308138,-1.3860268924814951
2023-12-23 23:27:00,-8.067210607113653,114.1708272052379,0,-8.067210607113653,107.011193026438,0.21145057048828855
2023-12-24 06:45:00,-8.138086159124969,114.0381047455887,0,-8.138086159124969,28.274333882308138,-1.8986997090002447
2023-12-24 20:37:00,-7.934908555451367,112.2732254266223,0,-7.934908555451367,162.84185603555096,0.6541511430501731
2023-12-25 10:52:00,-8.19083061158148,114.0190313648933,0,-8.19083061158148,47.63968031882666,-0.5999846800344996
2023-12-25 13:04:00,-8.010990166426973,113.0067192410976,0,-8.010990166426973,320.56905166429874,1.3522472427083587
2023-12-25 23:34:00,-7.940098792280267,112.9556833990751,0,-7.940098792280267,67.25636386658432,-0.21291156623142868
2023-12-28 05:42:00,-7.963748109446183,112.2806573741816,0,-7.963748109446183,273.90905450641276,1.5538841559676406
2023-12-28 20:04:00,-7.997145404215435,114.1682790397961,0,-7.997145404215435,392.0765554884024,1.7316842679901185
2023-12-28 20:15:00,-8.112790741665147,112.9592668867001,0,-8.112790741665147,401.7643121800914,0.8475220690155588
2023-12-28 23:42:00,-7.932836112408781,112.9380773887675,0,-7.932836112408781,151.16861582172152,0.3042661193750616
2023-12-29 22:02:00,-7.869674282207169,112.2779726945518,0,-7.869674282207169,52.790010673478044,-0.49381718125026625
2023-12-30 00:22:00,-8.150100077499612,113.9715836185563,0,-8.150100077499612,422.19873457902656,1.8486635384199517
2023-12-30 00:30:00,-7.946023289833241,112.9300705972829,0,-7.946023289833241,28.274333882308138,-1.128575411612269
2023-12-31 15:30:00,-8.079037670488905,112.9014995625627,0,-8.079037670488905,139.58746817136162,0.3703072381362924
2023-12-31 16:20:00,-8.167440543526839,112.9600869448433,0,-8.167440543526839,63.01393104723019,-0.5534273447719923
2023-12-31 22:04:00,-8.140959663292477,112.9490358238947,0,-8.140959663292477,361.35190918846763,1.6823928918645565
2024-01-01 06:30:00,-8.171100439510294,113.992620273323,0,-8.171100439510294,323.47845147114583,1.4160755135394898
2024-01-01 15:30:00,-7.937514494643739,112.3071906257434,0,-7.937514494643739,28.274333882308138,-2.074520233595498
2024-01-02 12:08:00,-8.038703233216937,114.2025979161866,0,-8.038703233216937,389.8684527718703,1.7179871693400923
2024-01-02 22:17:00,-8.052196152326117,112.9756147942452,0,-8.052196152326117,294.85553529213547,1.4353675170758673
2024-01-03 04:36:00,-7.88777437761002,113.0202211455498,0,-7.88777437761002,201.13260635194607,0.8625283644152109
2024-01-03 10:50:00,-8.134189213215306,114.0169053009773,0,-8.134189213215306,344.6546420067272,1.0557738792830966
2024-01-03 15:42:00,-7.913683733223755,112.3027811180049,0,-7.913683733223755,28.274333882308138,-1.0427020038373007
2024-01-04 11:40:00,-7.928182583229932,112.9751035035539,0,-7.928182583229932,457.5252578867986,1.9386205550071156
2024-01-05 20:42:00,-7.990460546655592,114.2506800972694,0,-7.990460546655592,124.71711692345033,0.38028517619480756
2024-01-06 22:05:00,-8.132415270182635,114.0337594564434,0,-8.132415270182635,130.82870507085056,-0.05750055200996664
2024-01-07 12:53:00,-7.995608560136224,112.9999744324958,0,-7.995608560136224,276.5831656639191,1.2513673077025411
2024-01-08 12:59:00,-8.106953539967042,112.9164933687603,0,-8.106953539967042,28.274333882308138,-1.7619718387026462
2024-01-08 18:55:00,-7.981639707300221,112.2604296339365,0,-7.981639707300221,319.0742842964339,1.6460071024490388
2024-01-10 16:24:00,-8.045472143618042,114.1853669905355,0,-8.045472143618042,311.23856327903167,1.0905472252482182
2024-01-11 22:50:00,-8.07557816346099,112.9149024950838,0,-8.07557816346099,31.67088714652518,-0.8586753925310188
2024-01-12 07:34:00,-8.030432008982052,114.304966117434,0,-8.030432008982052,28.274333882308138,-1.1346301220635133
2024-01-12 09:00:00,-7.958204808689944,112.948087423416,0,-7.958204808689944,149.0507827225634,0.2841458749397198
2024-01-13 07:23:00,-7.964934638135204,112.9903573059222,0,-7.964934638135204,38.61498470394622,-0.8379745239901277
2024-01-13 09:16:00,-8.128086789338145,114.0577744340945,0,-8.128086789338145,28.274333882308138,-1.826484032638986
2024-01-13 15:23:00,-8.137310206331538,114.0298284497992,0,-8.137310206331538,34.10397547785737,-0.7485183183502312
2024-01-13 19:03:00,-7.890387086212896,112.2631048655049,0,-7.890387086212896,120.76685242848168,0.5013562193436807
2024-01-14 20:15:00,-7.994784921678414,112.2481582115849,0,-7.994784921678414,307.9553579355839,1.5851681435357818
2024-01-15 12:59:00,-8.138395410959308,112.9566381767244,0,-8.138395410959308,33.056975159871385,-0.5806678456526135
2024-01-15 21:00:00,-8.159758721447322,114.0947334147504,0,-8.159758721447322,162.45785362217717,0.6172635732114751
2024-01-16 19:15:00,-8.024030840678696,114.2562449881175,0,-8.024030840678696,201.79149250915594,0.38940955968685415
2024-01-19 17:01:00,-8.046129514850707,112.873983674759,0,-8.046129514850707,35.418462404762444,-0.6714234383253923
2024-01-20 16:50:00,-7.934680911837654,112.3210967382184,0,-7.934680911837654,45.58209182495904,-0.6382640858225508
2024-01-21 07:15:00,-7.894282120361193,112.9078206833022,0,-7.894282120361193,376.5460705915384,2.0888676711078267
2024-01-21 12:42:00,-8.025003174426054,114.2235688465428,0,-8.025003174426054,28.274333882308138,-1.1816267736114485
2024-01-21 20:00:00,-8.16698111884755,114.0311127617248,0,-8.16698111884755,109.7779207240951,0.2888499387561737
2024-01-22 03:15:00,-8.095252406141917,114.0386300433476,0,-8.095252406141917,59.25973386120057,-0.2651587632887932
2024-01-23 08:01:00,-7.901644092606124,112.2898986179164,0,-7.901644092606124,403.9764785696188,0.9592153295107801
2024-01-24 16:58:00,-7.878430206062834,112.2479459492632,0,-7.878430206062834,28.274333882308138,-1.0272818897519138
2024-01-25 08:02:00,-8.093456884399014,114.0831435101777,0,-8.093456884399014,335.7469816442933,1.3004052271876891
2024-01-26 04:16:00,-8.047346834751684,114.2436719298213,0,-8.047346834751684,28.274333882308138,-1.6242182360660786
2024-01-26 15:05:00,-8.11791458583099,114.0312518601404,0,-8.11791458583099,92.9659605862509,-0.09039310895677445
2024-01-26 23:55:00,-7.946552328976553,112.9619872583021,0,-7.946552328976553,35.1842989610386,-0.691660711531914
2024-01-28 07:23:00,-7.884376552604631,112.2756630316723,0,-7.884376552604631,526.9223009978964,1.5429523513251078
2024-01-28 20:37:00,-7.958126386981683,112.9378375607395,0,-7.958126386981683,72.8299143735131,0.051805023429756375
2024-01-30 18:03:00,-7.931717659951139,112.3257723575325,0,-7.931717659951139,28.274333882308138,-1.2956877989229132
2024-01-31 13:11:00,-7.949729785481761,112.9328325847985,0,-7.949729785481761,28.274333882308138,-0.7110205822140938
2024-02-01 04:44:00,-7.905263915767323,112.9845424320416,0,-7.905263915767323,38.822030560447196,-0.502237696490365
2024-02-01 08:30:00,-7.957079805649379,112.8923797857494,0,-7.957079805649379,71.14629989972718,-0.0072557212318522385
2024-02-01 10:56:00,-7.938567659903926,112.9643941200087,0,-7.938567659903926,28.274333882308138,-1.0048850188999539
2024-02-01 21:14:00,-7.94158871529478,112.9803208772686,0,-7.94158871529478,310.75778726997856,0.8429040528922083
2024-02-02 01:06:00,-7.912199358679215,112.2966694936779,0,-7.912199358679215,77.89556720142667,-0.002216799285612007
2024-02-02 09:58:00,-7.896175157389825,112.3742318585954,0,-7.896175157389825,176.4982245728542,0.6879160865372537
2024-02-02 18:49:00,-7.881329623514997,113.0134860231842,0,-7.881329623514997,230.39645448293365,1.267077940764416
2024-02-03 04:29:00,-7.936634969137002,112.3163079795432,0,-7.936634969137002,28.274333882308138,-1.2979971691010852
2024-02-03 16:37:00,-7.871757349104697,112.8969040115875,0,-7.871757349104697,111.96238068560505,0.26229589579624
2024-02-04 12:58:00,-8.116053429260367,113.9812785425157,0,-8.116053429260367,53.83409618369463,-0.411118667223942
2024-02-05 14:19:00,-8.07237155503663,114.2425169783188,0,-8.07237155503663,28.274333882308138,-1.1560233975818286
2024-02-05 16:58:00,-7.868789016346565,112.3090007844827,0,-7.868789016346565,421.64614372275605,1.7266993416370977
2024-02-07 18:07:00,-7.884231960014819,112.3079188567389,0,-7.884231960014819,216.38861661716544,0.6681496414152395
2024-02-08 10:10:00,-7.983292512603521,112.9440169137739,0,-7.983292512603521,258.0616202093861,1.542782489948612
2024-02-09 05:26:00,-8.100822490391584,114.0799237306164,0,-8.100822490391584,345.44893647221824,1.220842187942765
2024-02-09 17:41:00,-8.091172967263097,112.9242253459803,0,-8.091172967263097,63.92875304881652,-0.4129635856334897
2024-02-10 02:33:00,-7.885337942919229,112.3038289193352,0,-7.885337942919229,538.5134735038622,1.732000487658091
2024-02-10 18:38:00,-7.938074741384081,112.9636255133159,0,-7.938074741384081,28.274333882308138,-1.5966045980848063
2024-02-11 04:23:00,-8.136797639206431,114.0551592990925,0,-8.136797639206431,43.82987592527584,-0.5796282130216567
2024-02-13 01:17:00,-7.972196387223932,112.2479008270727,0,-7.972196387223932,40.826492779509856,-0.538663224838498
2024-02-13 06:12:00,-7.927901623865329,112.3240145352533,0,-7.927901623865329,28.274333882308138,-0.8005186899057858
2024-02-13 06:46:00,-8.14473681230206,114.0238945495505,0,-8.14473681230206,82.29639349971568,-0.09362793969153275
2024-02-14 18:29:00,-8.141749816428668,112.9195091915999,0,-8.141749816428668,44.35439306201323,-0.5767781186112155
2024-02-15 01:29:00,-7.95064323843897,112.9309806790229,0,-7.95064323843897,28.274333882308138,-1.9239554589406285
2024-02-15 04:55:00,-8.087452446398231,114.2447060800454,0,-8.087452446398231,393.48392298107774,1.6781133128848364
2024-02-15 23:39:00,-8.095606138140687,114.2110233497633,0,-8.095606138140687,407.5393189851739,1.7671116538276255
2024-02-15 23:56:00,-8.125237237117872,112.9441462248604,0,-8.125237237117872,140.227826776,0.8395536514320591
2024-02-18 10:05:00,-8.006108434965117,114.266073760012,0,-8.006108434965117,28.274333882308138,-1.3875480806586882
2024-02-18 20:13:00,-8.044326248297214,112.8838819669636,0,-8.044326248297214,124.38016320612087,0.308629019636377
2024-02-21 15:20:00,-8.111894263212095,112.9003923968986,0,-8.111894263212095,28.274333882308138,-2.095062113834605
2024-02-23 02:50:00,-8.07786393875392,112.9671880472417,0,-8.07786393875392,260.37971414734903,0.8566307818682987
2024-02-23 04:07:00,-8.066828870649164,112.855930668785,0,-8.066828870649164,53.295415364543814,-0.5822986631623023
2024-02-23 04:11:00,-8.098402147206558,112.8928269498756,0,-8.098402147206558,185.09423990865457,0.6986643881659431
2024-02-25 06:59:00,-7.905997131311723,112.9650720051538,0,-7.905997131311723,126.22240680367565,0.2799816022828687
2024-02-26 05:22:00,-8.093968748851918,113.999525671035,0,-8.093968748851918,69.43073709387323,-0.4589236413475459
2024-02-27 00:24:00,-7.927078300332971,112.3273499347051,0,-7.927078300332971,88.89513567534622,-0.14863602021577688
2024-02-27 06:36:00,-8.131145043237971,114.0098679325914,0,-8.131145043237971,695.0335889699179,1.7056649657184326
2024-02-28 22:25:00,-7.996638559920802,114.2591389202774,0,-7.996638559920802,114.53226703716236,0.23749800863700343
2024-02-29 07:16:00,-8.070547097011906,114.0715327816923,0,-8.070547097011906,234.6759895867469,0.943837707592961
2024-02-29 07:41:00,-7.983429322617394,112.3281101206992,0,-7.983429322617394,36.5611141435669,-0.9576341558232464
2024-02-29 08:01:00,-7.879744880765375,112.9836626480533,0,-7.879744880765375,28.274333882308138,-1.2622111039993624
2024-02-29 14:43:00,-7.972047589008676,112.9296638740091,0,-7.972047589008676,63.65515720420341,-0.3031042880868117
2024-02-29 20:08:00,-8.098037309123766,114.2768033530836,0,-8.098037309123766,52.84618904155165,-0.4994393272601851
2024-03-01 01:43:00,-8.122008664446746,114.0832746772773,0,-8.122008664446746,125.10895136250274,0.3484106570903971
2024-03-01 04:28:00,-8.011470081902791,112.9760742996792,0,-8.011470081902791,49.16021450698527,-0.5613859775462315
2024-03-02 17:01:00,-7.995298309471932,112.9166522851374,0,-7.995298309471932,80.93438909019652,-0.12451247252832008
2024-03-03 18:19:00,-8.119691816917657,114.069836452562,0,-8.119691816917657,31.034637713461027,-0.8789542267484025
2024-03-03 21:05:00,-7.914951258293097,112.9004916475138,0,-7.914951258293097,310.36914705916763,1.5767158712536844
2024-03-04 00:06:00,-8.063823430533876,114.2580033237318,0,-8.063823430533876,28.274333882308138,-1.615045482240259
2024-03-04 01:06:00,-7.913908789669523,112.3178138838042,0,-7.913908789669523,57.438439867014154,-0.6487472932679548
2024-03-04 06:37:00,-7.998494662672212,114.1833782534553,0,-7.998494662672212,38.783527362025666,-0.9208236459078775
2024-03-04 23:23:00,-8.042034789585774,112.9476496505739,0,-8.042034789585774,188.10816867606033,0.9056132113111924
2024-03-05 00:10:00,-8.074128156153588,112.9454261097978,0,-8.074128156153588,28.274333882308138,-1.2593149997182391
2024-03-05 03:36:00,-8.13201671479023,114.1071615649905,0,-8.13201671479023,51.839814658551695,-0.6376221893065571
2024-03-05 14:34:00,-7.868008323575345,112.8945412875569,0,-7.868008323575345,252.28638259108956,1.415775119703608
2024-03-06 18:57:00,-8.15424622481743,114.0282327761147,0,-8.15424622481743,344.3209746297278,1.7601018467458502
2024-03-07 19:56:00,-8.117418964405903,114.055986437442,0,-8.117418964405903,45.2730584909355,-0.627393544010661
2024-03-08 07:06:00,-8.090037740054251,114.1789022004905,0,-8.090037740054251,200.68012130367504,0.7334716083091966
2024-03-08 22:46:00,-8.110731165710023,114.1813700599411,0,-8.110731165710023,252.983800054133,1.135006928853361
2024-03-09 14:24:00,-7.961493999485507,112.2578805255727,0,-7.961493999485507,75.11789439291697,-0.3693234934421132
2024-03-11 02:32:00,-7.942235453522716,112.3098221374572,0,-7.942235453522716,28.274333882308138,-1.350961521595089
2024-03-11 03:43:00,-7.953960514317633,112.9459456967298,0,-7.953960514317633,634.4942184211156,1.8804060248680603
2024-03-11 10:36:00,-7.992054423206794,112.3618841429742,0,-7.992054423206794,28.274333882308138,-1.1050534428881804
2024-03-13 01:02:00,-8.043219542640907,112.9321663848276,0,-8.043219542640907,30.633002428308693,-0.936343656247428
2024-03-13 02:10:00,-8.123228916266203,112.9158518168466,0,-8.123228916266203,116.71225446219235,0.0005045368446829029
2024-03-13 06:14:00,-8.173417859464198,112.927403613781,0,-8.173417859464198,77.29376851363544,0.04279097242763587
2024-03-13 10:32:00,-7.989814630401766,112.3382241090495,0,-7.989814630401766,123.34858181616977,0.8095157115199844
2024-03-13 18:04:00,-8.072031976277547,114.0903015250999,0,-8.072031976277547,267.8438436453881,1.4980110576864432
2024-03-13 19:58:00,-8.050121573627516,114.1848642829322,0,-8.050121573627516,69.87799362534645,-0.28838616461227734
2024-03-14 04:02:00,-8.002131828786265,114.1979268074857,0,-8.002131828786265,202.043861357777,1.1565224790421622
2024-03-14 04:25:00,-8.026384356227345,114.1848011589217,0,-8.026384356227345,63.63282513815747,-0.3785817297527483
2024-03-14 08:16:00,-8.108383801052243,112.9262772470926,0,-8.108383801052243,39.173090514986406,-0.8969504375934236
2024-03-14 16:06:00,-7.894696658809312,112.3420399531724,0,-7.894696658809312,150.93075033116702,0.377526513325917
2024-03-15 11:06:00,-7.912238173877252,112.3282374430358,0,-7.912238173877252,95.8595635075542,0.05067534641250649
2024-03-15 17:15:00,-8.160825100214128,112.8727417287645,0,-8.160825100214128,92.52153662229749,-0.04690391971470975
2024-03-17 20:02:00,-8.124505397219927,114.2111366250529,0,-8.124505397219927,125.62619712981486,0.26539668594830096
2024-03-17 23:58:00,-8.100778620765206,112.9085682676469,0,-8.100778620765206,76.11777363151461,-0.3817000950086548
2024-03-18 01:44:00,-7.914935702189705,112.3699502190884,0,-7.914935702189705,203.10467115982485,1.089694509872362
2024-03-18 07:54:00,-8.16627478134376,112.8667147018246,0,-8.16627478134376,103.09109112315592,0.03570044402239522
2024-03-20 21:15:00,-7.94037383669645,112.303336121409,0,-7.94037383669645,28.274333882308138,-1.3262382974928437
2024-03-21 04:07:00,-7.946003679812898,112.964917503773,0,-7.946003679812898,28.274333882308138,-1.9058436371350498
2024-03-21 18:23:00,-8.082268857484875,112.8870817286242,0,-8.082268857484875,131.22947493557444,0.49998289348680075
2024-03-21 21:08:00,-8.15811431284596,114.0894175351659,0,-8.15811431284596,132.58221305885598,0.3908163937734479
2024-03-22 03:41:00,-8.027061300396118,114.3116135752286,0,-8.027061300396118,69.14761617149064,-0.4224743244363085
2024-03-22 08:46:00,-7.917935718338937,112.2985032801268,0,-7.917935718338937,50.955223967962745,-0.6279050709238948
2024-03-22 09:47:00,-8.028685249905308,114.1988950208715,0,-8.028685249905308,313.1923367208548,1.3555354022821513
2024-03-23 06:42:00,-8.092360811715317,114.2508049944574,0,-8.092360811715317,56.09758110857209,-0.6141532773551396
2024-03-25 15:47:00,-7.911340632863511,112.977957935217,0,-7.911340632863511,432.9381700228013,1.3338093781063416
2024-03-29 07:48:00,-8.084711093870864,112.9646392606151,0,-8.084711093870864,284.07590844125633,0.9664258947448745
2024-03-29 13:17:00,-7.964934843807842,112.9219262035503,0,-7.964934843807842,139.87343345252606,0.4375740790887303
2024-03-29 14:08:00,-8.084975619659733,112.8703566315503,0,-8.084975619659733,358.1838201416845,1.6058367089859884
2024-03-29 17:55:00,-8.126348973703102,112.9206900291974,0,-8.126348973703102,151.9621188447524,0.5776475571138028
2024-03-30 19:32:00,-7.936814983090073,112.3113580148147,0,-7.936814983090073,76.8190272958958,-0.12535224367637926
2024-03-30 22:03:00,-7.934829215758401,112.9681923769668,0,-7.934829215758401,28.274333882308138,-1.5857692735392197
2024-03-30 22:38:00,-8.117990015925704,114.0241380069712,0,-8.117990015925704,28.274333882308138,-1.4062845515056255
2024-03-31 02:42:00,-8.172400868850584,112.9742877561908,0,-8.172400868850584,98.397445961331,0.08183342090154916
2024-03-31 05:54:00,-7.937046627552139,112.2514133620881,0,-7.937046627552139,449.8031142730826,1.1233099624728733
2024-04-01 02:37:00,-7.92391401153015,112.9717646159504,0,-7.92391401153015,55.6174858186492,-0.301207514211702
2024-04-02 19:31:00,-8.003465048279761,112.9031253110606,0,-8.003465048279761,271.37712945966666,1.3023652258367908
2024-04-02 20:45:00,-7.880637708542456,112.9579002289703,0,-7.880637708542456,54.66490067379185,-0.505485492528484
2024-04-03 04:56:00,-7.920217476128427,112.2653236197024,0,-7.920217476128427,86.68134937288407,-0.17306324186315133
2024-04-04 20:20:00,-8.074430726292487,112.8857936574801,0,-8.074430726292487,66.59216982819189,-0.38866841580202016
2024-04-05 07:26:00,-8.004064909608754,112.924334666719,0,-8.004064909608754,311.24275043826685,1.3778079311424598
2024-04-06 08:53:00,-8.100565188576057,114.0491749980033,0,-8.100565188576057,53.39209140929884,-0.5603679416197938
2024-04-07 02:30:00,-7.879116444357189,113.0031404585866,0,-7.879116444357189,114.3943402795261,0.09087968686018001
2024-04-07 08:32:00,-8.201980340099418,113.9774223139899,0,-8.201980340099418,28.33470501802561,-1.0321852172716515
2024-04-08 13:23:00,-7.875605907080275,112.3333353686779,0,-7.875605907080275,294.4252895591563,1.352258784453215
2024-04-09 07:56:00,-7.948931197079221,112.3186964125625,0,-7.948931197079221,127.51385679816741,0.266734150776216
2024-04-09 17:14:00,-8.047780712533264,114.2289997662832,0,-8.047780712533264,28.274333882308138,-1.2764332006795032
2024-04-09 17:23:00,-8.132251318981709,114.0927120277064,0,-8.132251318981709,28.274333882308138,-1.2333461772526186
2024-04-10 05:41:00,-7.944940247012797,112.9641016353146,0,-7.944940247012797,41.697403264486006,-0.6855595505391187
2024-04-10 23:08:00,-8.097614479005651,112.9321400389816,0,-8.097614479005651,79.26646330000919,-0.3161732142444846
2024-04-11 05:13:00,-7.872292679168996,112.2978776365529,0,-7.872292679168996,171.92506326237861,0.3235873968688869
2024-04-11 12:26:00,-7.926316966550684,112.3230642061195,0,-7.926316966550684,28.274333882308138,-2.0253020337417342
2024-04-11 14:28:00,-8.109786930612591,112.924852798532,0,-8.109786930612591,94.2973641765817,-0.160816109398028
2024-04-11 21:54:00,-8.164979971102557,114.1016099955,0,-8.164979971102557,140.52742796532857,0.3130244318280493
2024-04-12 19:35:00,-7.921027846746385,112.9357691384609,0,-7.921027846746385,28.274333882308138,-1.966491729999025
2024-04-13 06:43:00,-8.136458101801356,114.0490985390007,0,-8.136458101801356,120.45426281628907,0.2727432843638063
2024-04-14 03:03:00,-7.947233411518426,112.2853892843164,0,-7.947233411518426,137.9962294365977,0.38070332878274404
2024-04-14 04:14:00,-8.171780101217246,114.0886591278235,0,-8.171780101217246,28.274333882308138,-1.3215138382789797
2024-04-14 10:18:00,-8.112247473783366,114.2294785903945,0,-8.112247473783366,199.25106121004993,0.9707629621134434
2024-04-14 20:05:00,-7.972967004036333,112.9422503179212,0,-7.972967004036333,326.6960621054096,1.5825374591511951
2024-04-15 04:19:00,-8.027890132415754,114.3084280368061,0,-8.027890132415754,88.20261017692062,-0.21030760182920788
2024-04-15 16:52:00,-8.08125374689684,114.2973550913985,0,-8.08125374689684,33.81946287909994,-1.0328428591494034
2024-04-16 07:59:00,-8.024293815971111,114.2233096452518,0,-8.024293815971111,208.2730452442904,0.784204892090633
2024-04-16 09:20:00,-8.079154794793123,114.2521275742161,0,-8.079154794793123,28.274333882308138,-1.8509853789585078
2024-04-16 16:57:00,-8.112785779960278,112.9521703559173,0,-8.112785779960278,245.89614219812577,0.5901498418442068
2024-04-18 22:33:00,-8.096501744927757,114.0499303225978,0,-8.096501744927757,28.274333882308138,-1.0176983885247224
2024-04-19 08:10:00,-8.099798205098596,112.8591090918174,0,-8.099798205098596,45.74954939794582,-0.5049789298683917
2024-04-19 22:12:00,-8.078294360645764,114.2264288156464,0,-8.078294360645764,117.13720433712771,0.16545090995883888
2024-04-20 04:31:00,-8.001987449733878,114.2550902775364,0,-8.001987449733878,115.79178855568152,0.33241829164597897
2024-04-20 20:50:00,-7.922212148501583,112.9412764015212,0,-7.922212148501583,79.6216188472553,-0.23147460626782823
2024-04-21 16:59:00,-8.009859384692357,114.193623091026,0,-8.009859384692357,106.74094158216243,0.275862233987605
2024-04-22 19:13:00,-7.958820663168321,112.9309341882725,0,-7.958820663168321,91.59607710315147,-0.1729197670919286
2024-04-23 15:18:00,-8.075739180057232,112.9664858737003,0,-8.075739180057232,54.54141450962551,-0.47190542963070353
2024-04-24 03:45:00,-7.924851978313207,112.2955061349371,0,-7.924851978313207,300.7210021378404,1.467500273141644
2024-04-24 11:17:00,-7.920907457618815,112.328547003964,0,-7.920907457618815,75.74556394085525,-0.13999448171124934
2024-04-25 01:19:00,-8.055910618749222,112.9704017724066,0,-8.055910618749222,42.77757716372197,-0.7313893937591597
2024-04-25 16:24:00,-8.075671671238139,114.2842980151155,0,-8.075671671238139,405.6257024546554,1.6593216911206181
2024-04-26 08:45:00,-7.959120774309617,112.9695557383828,0,-7.959120774309617,28.274333882308138,-1.1201867492121842
2024-04-26 15:39:00,-8.100254662707517,112.9301270171204,0,-8.100254662707517,363.7334318560042,1.3493688648919455
2024-04-26 16:50:00,-7.948741491776027,112.2412100109209,0,-7.948741491776027,50.70456906634937,-0.6584911814479507
2024-04-26 18:07:00,-8.112191760914948,114.0278055703302,0,-8.112191760914948,28.274333882308138,-2.047052195185423
2024-04-26 22:20:00,-8.03319740963401,114.1849783516299,0,-8.03319740963401,323.68518174470483,1.475283308154244
2024-04-27 04:30:00,-8.128724764799877,112.9027615344591,0,-8.128724764799877,121.50486244353286,0.16825952766067157
2024-04-27 19:36:00,-8.03800408764402,112.9920671902,0,-8.03800408764402,217.88006925592114,1.2360369429455607
2024-04-28 09:07:00,-7.99034986029428,114.1743117865606,0,-7.99034986029428,48.135210389562005,-0.6740406247696542
2024-04-28 21:09:00,-7.919652020752795,112.2906646455798,0,-7.919652020752795,28.274333882308138,-1.3342871126025175
2024-04-29 17:04:00,-8.147413957830462,112.9563776219913,0,-8.147413957830462,127.0430208409543,0.2976786340108395
2024-05-01 15:23:00,-8.066268837962369,112.8871539780044,0,-8.066268837962369,127.44952903614006,0.24903611508504714
2024-05-02 04:06:00,-8.159497929570556,114.106592757697,0,-8.159497929570556,117.65250945415305,0.2730324391765588
2024-05-02 07:17:00,-8.109806573574001,114.0357659247737,0,-8.109806573574001,28.274333882308138,-1.513841728867913
2024-05-02 12:54:00,-7.945785969337181,112.3016157270545,0,-7.945785969337181,371.93214614126083,1.8478140265297194
2024-05-02 13:37:00,-7.937471372250961,112.9825023363517,0,-7.937471372250961,62.88231704518855,-0.6205222187075631
2024-05-03 04:45:00,-8.087700982434784,114.0776946546381,0,-8.087700982434784,60.724670570899534,-0.38098888671279163
2024-05-03 16:15:00,-7.905340450482418,112.9153735067264,0,-7.905340450482418,78.33121776230563,-0.1834785591712295
2024-05-03 16:25:00,-8.130767426721452,114.0288413354177,0,-8.130767426721452,28.274333882308138,-1.07192039843624
2024-05-04 07:58:00,-7.861958402787972,112.246931851275,0,-7.861958402787972,59.078996576988985,-0.6928186700391753
2024-05-04 21:46:00,-8.129742624449879,112.9351250840027,0,-8.129742624449879,100.72881581292185,0.03165320780056545
2024-05-05 07:29:00,-7.955862360936281,112.8979431436848,0,-7.955862360936281,63.495884523827414,-0.4011714745803863
2024-05-06 07:12:00,-7.899155800687413,112.9597841791072,0,-7.899155800687413,41.99178443037028,-0.6780695271673584
2024-05-06 23:20:00,-8.046312127660096,112.9729770565002,0,-8.046312127660096,46.5439402472895,-0.6269935164071774
2024-05-07 03:36:00,-7.873474404157387,112.8787159492489,0,-7.873474404157387,33.904882803628524,-0.8572458562308117
2024-05-07 13:42:00,-7.947468809443454,112.9665928581781,0,-7.947468809443454,51.89208530719398,-0.4978187026593006
2024-05-07 15:26:00,-8.072669614619906,114.2230128198184,0,-8.072669614619906,28.274333882308138,-1.0652497163278432
2024-05-07 20:41:00,-7.94482118730232,112.3020236430523,0,-7.94482118730232,74.4925083813522,-0.16580815162760915
2024-05-07 22:00:00,-8.096165177825545,114.0942221617489,0,-8.096165177825545,53.72242245269729,-0.5470674026851055
2024-05-07 22:14:00,-8.062674946323458,114.2318012315732,0,-8.062674946323458,555.577785233025,1.6409902849367977
2024-05-08 00:26:00,-8.072182623531369,114.0173456246041,0,-8.072182623531369,176.90802573683686,1.0016414903306452
2024-05-08 02:42:00,-8.129115185572246,114.0276323217901,0,-8.129115185572246,62.394198898556226,-0.3923657938408628
2024-05-11 17:59:00,-8.120151300793035,112.9147306772958,0,-8.120151300793035,28.274333882308138,-1.0240394756462818
2024-05-11 20:28:00,-8.128788746177582,112.9347465233263,0,-8.128788746177582,28.274333882308138,-1.2473594189322057
2024-05-13 05:24:00,-8.099955584916094,112.9389008690462,0,-8.099955584916094,227.08904615181658,0.8270673917936174
2024-05-14 19:05:00,-8.067548399478074,114.0876529191336,0,-8.067548399478074,48.673503391309275,-0.5776928651177954
2024-05-16 02:55:00,-8.18062266002017,114.1079545324886,0,-8.18062266002017,371.91269112013936,1.7304944796343675
2024-05-16 08:29:00,-8.116057460702393,114.1804314810056,0,-8.116057460702393,28.274333882308138,-1.0119154666220578
2024-05-16 09:53:00,-8.023329413704682,114.2084848495601,0,-8.023329413704682,164.17842247175898,0.43585427097091417
2024-05-17 09:25:00,-8.053351607897838,114.2265856552159,0,-8.053351607897838,40.77028670696225,-0.8403954068897715
2024-05-18 07:38:00,-8.12669258458684,112.966691106499,0,-8.12669258458684,42.77757716372197,-0.8060053181276141
2024-05-18 20:49:00,-8.077830970827636,114.2995171683403,0,-8.077830970827636,508.84998510769435,1.2076808952549136
2024-05-19 14:01:00,-8.070079275498996,112.8951946676659,0,-8.070079275498996,41.93516859678363,-0.5703316383453872
2024-05-20 06:25:00,-8.093363017460616,112.938876382889,0,-8.093363017460616,50.2460502613107,-0.5126618693669568
2024-05-20 07:51:00,-7.904653367044809,112.3416509921944,0,-7.904653367044809,40.93882883101162,-0.6305470288188956
2024-05-21 06:39:00,-8.111892567669685,112.9277702386258,0,-8.111892567669685,204.78297049152047,0.046725419898432895
2024-05-23 02:41:00,-8.114094703182728,114.0452618414541,0,-8.114094703182728,111.4448923953369,0.2811351368377937
2024-05-23 14:56:00,-8.060459245253357,112.9478543489349,0,-8.060459245253357,252.3412525012999,1.4796392266562202
2024-05-23 19:41:00,-7.910057047578094,112.2927189123224,0,-7.910057047578094,28.274333882308138,-1.7286541799798876
2024-05-23 20:14:00,-7.913223990677418,112.3012121094604,0,-7.913223990677418,35.62236775228888,-0.8519167180298121
2024-05-24 10:03:00,-7.959229078386335,112.9599866960979,0,-7.959229078386335,28.274333882308138,-1.0428361191424502
2024-05-24 11:01:00,-8.091677097120117,114.1793256426941,0,-8.091677097120117,28.274333882308138,-1.0407656040712339
2024-05-25 03:50:00,-7.912021296086352,112.3268577630436,0,-7.912021296086352,63.535143949314225,-0.3301941695802459
2024-05-25 07:49:00,-8.06344012353196,114.226404200811,0,-8.06344012353196,96.08052764860976,-0.11945182167630007
2024-05-25 19:47:00,-8.11689178214973,114.0108843131055,0,-8.11689178214973,196.64714001478572,1.0116670227590119
2024-05-26 14:13:00,-7.881503011702928,112.2681013490672,0,-7.881503011702928,28.862248226020704,-1.0680545557559613
2024-05-26 22:51:00,-7.893165085498577,112.3024764331453,0,-7.893165085498577,32.97656227412064,-0.9529603431039938
2024-05-28 13:04:00,-8.12538335934307,112.923577444916,0,-8.12538335934307,28.274333882308138,-1.1467577714123103
2024-05-30 12:43:00,-8.126989578216739,112.9629266236573,0,-8.126989578216739,28.590939667422983,-1.0763646101367934
2024-05-30 18:09:00,-7.930679530137441,112.3211024839971,0,-7.930679530137441,43.27463768686206,-0.6437036427316903
2024-06-01 05:31:00,-8.148127515256773,113.9860418318124,0,-8.148127515256773,28.274333882308138,-1.2129372493307584
2024-06-01 13:12:00,-7.873646567842082,112.9336596524013,0,-7.873646567842082,57.223100798118594,-0.47552002668875676
2024-06-02 06:54:00,-8.072510266173921,114.2497949240682,0,-8.072510266173921,246.53362698109575,0.18130928846744793
2024-06-02 09:36:00,-8.047225075442757,114.2877632761703,0,-8.047225075442757,265.39598614612373,1.3881680879534553
2024-06-03 05:06:00,-8.062978945859559,114.2250049756851,0,-8.062978945859559,80.40515155162755,-0.06288532586620342
2024-06-03 18:31:00,-8.060559582218202,114.0186173289354,0,-8.060559582218202,129.27259126140885,0.4139937444659745
2024-06-04 05:25:00,-8.0367461636294,114.2991272079383,0,-8.0367461636294,46.70880878330171,-0.5913958534297891
2024-06-04 11:42:00,-8.001262211134685,114.2034991190737,0,-8.001262211134685,28.274333882308138,-1.2616835251707221
2024-06-04 12:40:00,-8.049574188978164,114.2392203020902,0,-8.049574188978164,73.87701081739593,-0.4203109197777512
2024-06-04 18:25:00,-8.074279989496546,114.1978814972027,0,-8.074279989496546,126.64682194476794,0.33806410168158246
2024-06-05 04:20:00,-8.11110219183253,114.0391433962711,0,-8.11110219183253,453.5066389134436,1.8340514901715534
2024-06-07 02:30:00,-8.046916950975346,112.9032427633338,0,-8.046916950975346,93.36044200023319,0.2636250990033352
2024-06-07 20:43:00,-8.176035215148927,112.9385116293222,0,-8.176035215148927,170.87183483201923,0.8477552605438625
2024-06-08 18:28:00,-8.183328074961782,114.0674857249646,0,-8.183328074961782,104.56616918149375,0.22786395671321547
2024-06-10 02:16:00,-8.149601258688193,112.9415622400083,0,-8.149601258688193,256.2878235367079,1.3593433465580769
2024-06-10 05:45:00,-7.879660092946885,112.9395682228048,0,-7.879660092946885,87.18441691568943,0.22646740558555986
2024-06-10 18:16:00,-7.860693496740352,112.3112468685284,0,-7.860693496740352,80.4539565237517,-0.19927842233626866
2024-06-11 01:10:00,-8.094513347391068,114.1842956049391,0,-8.094513347391068,364.6333423426376,1.2818959547452329
2024-06-11 07:35:00,-8.134050823519653,114.0573953649162,0,-8.134050823519653,28.274333882308138,-1.9667320853028967
2024-06-12 13:47:00,-7.89014217196479,112.3707819686921,0,-7.89014217196479,74.72305147588094,-0.34945513839165876
2024-06-12 19:27:00,-8.09469886203837,114.2346524240599,0,-8.09469886203837,102.74426872203559,0.010181462212139013
2024-06-14 06:50:00,-8.143770065105114,112.9342461036346,0,-8.143770065105114,301.0855537684492,1.4445324997667042
2024-06-15 20:14:00,-7.934784834789852,112.2649160644458,0,-7.934784834789852,35.02095643486118,-0.9364669253013101
2024-06-17 12:07:00,-8.017638355486703,114.1690450853572,0,-8.017638355486703,220.77257029655266,0.9481325606082058
2024-06-19 08:11:00,-7.949604013505034,112.9504687094647,0,-7.949604013505034,28.274333882308138,-1.2045811774154032
2024-06-19 22:23:00,-7.913116749318477,112.2952194328462,0,-7.913116749318477,28.274333882308138,-1.95055402690201
2024-06-21 07:05:00,-7.990642908600839,112.2819003809069,0,-7.990642908600839,365.9587189609489,1.6630651269291508
2024-06-21 16:04:00,-7.952686186737453,112.9698308262186,0,-7.952686186737453,78.71653350220708,-0.23371716882624494
2024-06-21 16:14:00,-8.095690641970156,112.9385533217151,0,-8.095690641970156,28.274333882308138,-1.6517199551422954
2024-06-24 08:12:00,-8.033062005454784,114.2180774492786,0,-8.033062005454784,121.99859973943362,0.36472932206993486
2024-06-24 09:36:00,-8.099263659251655,112.9537309545089,0,-8.099263659251655,192.14430565652094,0.7330971204565326
2024-06-24 23:20:00,-8.006743516456769,114.2972176692483,0,-8.006743516456769,106.46386932995375,0.13516351872136087
2024-06-27 12:18:00,-8.182400163997764,113.9865391797266,0,-8.182400163997764,103.19945410715631,0.28507605259056873
2024-06-27 18:29:00,-8.06842125153152,114.2466732928785,0,-8.06842125153152,95.68301052467807,0.10318484801495752
2024-06-29 01:20:00,-8.133440523046824,114.052701998785,0,-8.133440523046824,51.053119889685,-0.5822671839345477
2024-06-29 04:13:00,-8.06759459576874,114.0352624609373,0,-8.06759459576874,79.7657446992311,-0.1317494933422584
2024-06-30 18:04:00,-8.076339870052886,114.2458010076805,0,-8.076339870052886,119.28239800548351,0.32025808629973734
2024-06-30 18:08:00,-7.945690191579476,112.3010072121224,0,-7.945690191579476,28.274333882308138,-1.3889890782334195
2024-06-30 20:07:00,-8.086363745067828,114.1869775431236,0,-8.086363745067828,31.60600557779452,-0.9588473054829544
2024-07-01 07:22:00,-8.080880282935295,114.2986315235317,0,-8.080880282935295,120.13387020920922,0.12798376787679677
2024-07-01 20:18:00,-8.162677996034947,114.0431695447198,0,-8.162677996034947,144.8260700635988,0.658991579173012
2024-07-02 12:38:00,-8.100219396753372,114.0504285498141,0,-8.100219396753372,256.4844493734798,1.2303578756710425
2024-07-03 08:54:00,-8.157806450861123,114.0981533961888,0,-8.157806450861123,144.0887206955262,0.4511612265249301
2024-07-03 11:19:00,-7.968127499550682,112.3090064031606,0,-7.968127499550682,453.5448001253112,1.77848229193359
2024-07-04 00:48:00,-8.137488152584062,114.0521471480761,0,-8.137488152584062,190.56206130254492,0.6424998723228776
2024-07-04 16:46:00,-7.897678664395259,112.3100301334627,0,-7.897678664395259,230.66613108770892,1.1156673386109734
2024-07-04 22:03:00,-8.024959842315578,114.2371072727017,0,-8.024959842315578,40.77028670696225,-0.7313488137199723
2024-07-05 03:39:00,-8.078093275306403,113.9782563164193,0,-8.078093275306403,119.48955362599884,0.4871169058442701
2024-07-06 09:17:00,-8.101218714956152,114.2410959880928,0,-8.101218714956152,101.2755262914671,0.028983244313836327
2024-07-06 13:02:00,-7.946448430837619,112.9133778900966,0,-7.946448430837619,30.708225119280318,-0.9712136221745976
2024-07-06 16:08:00,-7.926634661970374,112.9345097825733,0,-7.926634661970374,117.16116462172567,0.07225490308710211
2024-07-06 19:49:00,-7.877976530045132,112.2809379079026,0,-7.877976530045132,394.25033204568064,1.4986517950464546
2024-07-09 03:25:00,-8.135402495772396,114.0857222751594,0,-8.135402495772396,123.65827628517896,0.47496592584688097
2024-07-10 01:45:00,-7.947869395800644,112.9017259205199,0,-7.947869395800644,36.19238564567895,-0.8006411427605795
2024-07-11 19:28:00,-8.01255777666911,114.2281372592777,0,-8.01255777666911,369.07216522286075,1.6743824304482005
2024-07-12 00:14:00,-8.005853476080816,112.9094742580085,0,-8.005853476080816,28.274333882308138,-1.0541842006477844
2024-07-13 02:21:00,-7.988135546316331,114.2910112486612,0,-7.988135546316331,181.9168277702198,0.6719985086872463
2024-07-13 17:58:00,-8.04106809012931,114.2417240454588,0,-8.04106809012931,65.40938177984509,-0.5281341665471175
2024-07-13 19:42:00,-7.969836858372675,112.3507342140385,0,-7.969836858372675,28.274333882308138,-1.2594588960007285
2024-07-14 05:31:00,-8.0076845050296,114.1820343571985,0,-8.0076845050296,138.54225772149042,0.5882023486679941
2024-07-14 10:28:00,-7.895754739320076,112.281605433756,0,-7.895754739320076,47.003631372956,-0.5841585452218054
2024-07-16 06:22:00,-7.929927699483631,112.3030950582752,0,-7.929927699483631,126.12081114776493,0.025275495181881154
2024-07-16 13:07:00,-7.987245318782929,112.8831297074931,0,-7.987245318782929,188.43302810495712,0.7831015595275297
2024-07-17 01:44:00,-7.944459557460276,112.3071843093117,0,-7.944459557460276,64.24627713034758,-0.346776008950847
2024-07-17 08:11:00,-7.893896335609565,112.2960033342779,0,-7.893896335609565,360.83661517889175,1.610097053640241
2024-07-17 11:59:00,-7.94663593958086,112.943090794355,0,-7.94663593958086,79.73015088202699,-0.5652153939892569
2024-07-19 02:36:00,-7.940520246813125,112.2902683802964,0,-7.940520246813125,28.274333882308138,-1.485612895193409
2024-07-20 08:35:00,-8.082255449665062,114.073996906303,0,-8.082255449665062,262.4629185846631,1.4191084940245575
2024-07-21 08:06:00,-7.928279557679426,112.2799561892378,0,-7.928279557679426,67.25704915233892,-0.44700292720708035
2024-07-21 16:02:00,-7.92756052269848,112.3278688003036,0,-7.92756052269848,28.274333882308138,-1.358848528109414
2024-07-21 18:32:00,-8.194866894505262,114.0252015753266,0,-8.194866894505262,130.55332410783706,0.3800562419302938
2024-07-22 02:25:00,-8.108585371241487,112.9485043581618,0,-8.108585371241487,38.42533876095678,-0.8512371997173365
2024-07-22 06:03:00,-7.913340130558596,112.2597808315951,0,-7.913340130558596,212.40453901004452,0.9605929662783386
2024-07-22 06:12:00,-8.165845025655015,112.8830845909744,0,-8.165845025655015,28.66476480132659,-1.0777019504272891
2024-07-22 13:14:00,-7.963307591513786,112.2414067158619,0,-7.963307591513786,80.38732949970587,-0.16474817341421
2024-07-22 18:14:00,-8.005260170614788,114.1737834442046,0,-8.005260170614788,140.44846566718914,0.36517438432030747
2024-07-23 11:29:00,-7.926660283749196,112.9218704115211,0,-7.926660283749196,44.22601806702113,-0.6815124120312642
2024-07-23 13:05:00,-8.036654707432318,114.1995042334042,0,-8.036654707432318,38.44632508097897,-0.8071382139581704
2024-07-23 23:45:00,-8.098463821859653,114.0288598263011,0,-8.098463821859653,131.09048763011631,0.2813663683387087
2024-07-24 00:58:00,-7.933858015303232,112.3090277305809,0,-7.933858015303232,28.274333882308138,-1.7163915473959246
2024-07-24 21:50:00,-7.920780334201297,112.9347375623313,0,-7.920780334201297,28.274333882308138,-1.8981038472624163
2024-07-25 09:13:00,-7.941041004332058,112.9404090957866,0,-7.941041004332058,48.821042221362994,-0.5869325204454258
2024-07-25 18:02:00,-8.160923900207472,112.8660263571771,0,-8.160923900207472,47.64696029154436,-0.5545259602408333
2024-07-26 20:22:00,-8.099090541360015,114.0149293546247,0,-8.099090541360015,308.46020153209906,1.4472016298107022
2024-07-27 14:12:00,-8.12268559063162,112.9078584770938,0,-8.12268559063162,83.67646659468362,-0.2707386815336653
2024-07-28 12:26:00,-8.123224419999877,114.2532486075143,0,-8.123224419999877,368.679210609073,1.8771291043173968
2024-07-28 19:24:00,-8.043239580646208,114.2308018832442,0,-8.043239580646208,110.93941635654502,-0.1335142920398754
2024-07-28 21:42:00,-8.086724381102263,112.8683921956926,0,-8.086724381102263,119.81791197097522,0.3442031373776192
2024-07-30 12:45:00,-8.051831910078265,114.2516189562421,0,-8.051831910078265,87.66032940490003,-0.27888108364022934
2024-07-31 03:35:00,-7.950036782647888,112.373854339969,0,-7.950036782647888,154.33754766240838,0.7246131601070075
2024-07-31 20:02:00,-7.924712838329512,112.301622531212,0,-7.924712838329512,32.97656227412064,-0.9454416358905585
2024-08-01 17:42:00,-8.101142374362261,114.0500610744853,0,-8.101142374362261,28.274333882308138,-1.5346295168638449
2024-08-01 21:52:00,-8.096135061005768,114.3107190997701,0,-8.096135061005768,92.98173156009022,0.05619957918717409
2024-08-02 18:27:00,-8.150904273668813,112.9326995650902,0,-8.150904273668813,127.1443275578206,0.39197773011872133
2024-08-03 09:53:00,-8.045121035454324,114.1891470906485,0,-8.045121035454324,190.8352993862811,0.7990664807565885
2024-08-04 22:02:00,-8.137549281316113,112.86153844192,0,-8.137549281316113,193.34406411862068,1.055869997263546
2024-08-05 07:16:00,-8.111058122088533,114.0234304885134,0,-8.111058122088533,28.274333882308138,-1.9188420214663395
2024-08-05 09:41:00,-7.878281842139875,113.0170090836256,0,-7.878281842139875,92.686506349642,0.011363082829124642
2024-08-06 16:57:00,-7.932569683625116,112.963273985968,0,-7.932569683625116,91.5742430223617,-0.10565086648216686
2024-08-07 11:12:00,-8.067721992407515,114.2430138602275,0,-8.067721992407515,138.38328116835942,0.14094671269038822
2024-08-08 19:32:00,-8.13182232197717,112.9423259587683,0,-8.13182232197717,184.22341889411487,0.9894653097074094
2024-08-09 16:58:00,-7.931876398301521,112.310313491477,0,-7.931876398301521,80.16689863737278,-0.33153061703324105
2024-08-11 02:57:00,-8.13763875369338,114.0252082783279,0,-8.13763875369338,37.7795182512498,-0.7574388417502306
2024-08-11 03:36:00,-7.936044375576748,112.2963364254259,0,-7.936044375576748,41.30620895455567,-0.8150901197957906
2024-08-12 00:33:00,-7.933562856492894,112.9456454024512,0,-7.933562856492894,69.56377624604244,-0.476016011332024
2024-08-12 04:18:00,-8.100202039144852,112.8586354761092,0,-8.100202039144852,73.96581438519767,-0.17134757605150772
2024-08-12 12:32:00,-8.096500313631637,112.9268176901937,0,-8.096500313631637,28.274333882308138,-1.9638116080907773
2024-08-13 07:21:00,-8.12339174909804,112.9192237416423,0,-8.12339174909804,409.13238945294046,1.108599058336755
2024-08-13 07:25:00,-8.106633731819418,114.0278056504598,0,-8.106633731819418,126.32528680491275,0.3816529093635669
2024-08-13 16:18:00,-7.956398571343331,112.9610596225098,0,-7.956398571343331,28.274333882308138,-1.9275844467765066
2024-08-13 23:54:00,-7.898575621161071,112.3004729319158,0,-7.898575621161071,246.2122622596088,1.1163576610235897
2024-08-15 03:44:00,-8.151410067292263,112.9296506310815,0,-8.151410067292263,29.41110998311106,-0.9886860439604553
2024-08-15 08:55:00,-8.051220593927415,114.1922191171184,0,-8.051220593927415,354.3173118678293,1.5429028697343592
2024-08-15 23:00:00,-8.125191537907712,114.0577677041416,0,-8.125191537907712,28.274333882308138,-1.4639181375737609
2024-08-16 00:40:00,-7.928639208595404,112.9667347408987,0,-7.928639208595404,71.41452850179435,-0.5398958789740765
2024-08-16 06:51:00,-7.932929447624375,112.9358052639717,0,-7.932929447624375,241.87433414183818,0.8183368071181145
2024-08-16 12:10:00,-8.194383106071573,114.0823563501388,0,-8.194383106071573,356.14936076214195,1.6193672168037532
2024-08-18 09:41:00,-7.938351096747209,112.9294268481334,0,-7.938351096747209,121.27221995090979,0.09139477745957461
2024-08-19 02:08:00,-8.101844876553018,114.0309650645752,0,-8.101844876553018,28.274333882308138,-1.510202502140183
2024-08-19 11:23:00,-7.941636973171216,112.3057141946273,0,-7.941636973171216,60.35158942984387,-0.5769297630371643
2024-08-19 14:49:00,-7.897769599248816,112.2605016933998,0,-7.897769599248816,246.6563649171543,1.03755145675315
2024-08-19 23:07:00,-8.018707359038098,114.2556870086417,0,-8.018707359038098,324.4887344141309,1.4158777212937177
2024-08-21 19:29:00,-8.082861663559864,114.3103450588725,0,-8.082861663559864,89.09135914913495,-0.09920870095893769
2024-08-24 15:11:00,-8.12952100880229,114.2711128475882,0,-8.12952100880229,48.29686038978743,-0.7092607190302136
2024-08-25 03:41:00,-7.894011087112993,112.3432563209985,0,-7.894011087112993,296.40987126661406,1.1574217580012278
2024-08-25 11:29:00,-8.114178181428793,114.3040321907625,0,-8.114178181428793,267.36449839134383,0.7108067904090621
2024-08-25 11:48:00,-7.927803460122517,113.0009865098477,0,-7.927803460122517,46.19363611151785,-0.8989430612145404
2024-08-27 08:46:00,-7.924177133866078,112.3482872465397,0,-7.924177133866078,338.4850666098102,1.4634473101144723
2024-08-27 15:36:00,-7.906392994989011,112.3574633879456,0,-7.906392994989011,89.43302108540935,-0.13210334438651403
2024-08-28 12:08:00,-7.955057497022664,112.9580873375109,0,-7.955057497022664,46.91502094164476,-0.7122445781250691
2024-08-29 01:15:00,-8.010352942636779,114.3001288049243,0,-8.010352942636779,104.32530537372683,0.03269175791395187
2024-08-29 07:33:00,-7.99317714667953,114.259162198482,0,-7.99317714667953,76.91886498017006,-0.2971543998236667
2024-08-29 11:47:00,-7.927449821430088,112.9641033058116,0,-7.927449821430088,146.8532598367017,0.14976322435349637
2024-08-30 21:14:00,-8.068942222923473,114.2587631012799,0,-8.068942222923473,28.274333882308138,-1.7315372365713575
2024-08-30 22:14:00,-8.135542926549713,114.0846486210207,0,-8.135542926549713,254.842482970946,1.3967507681575189
2024-08-31 10:23:00,-7.888337758639099,112.9405463292779,0,-7.888337758639099,61.27676498854813,-0.37461239456081963
2024-08-31 14:45:00,-8.173113518552938,112.911261293359,0,-8.173113518552938,28.274333882308138,-1.01803935281999
2024-09-01 06:12:00,-7.924184434260269,112.3106381888045,0,-7.924184434260269,51.47956543429097,-0.5798258270831209
2024-09-01 15:46:00,-7.925127826323042,112.9682034143291,0,-7.925127826323042,51.849857968535424,-0.45576392966833124
2024-09-01 23:29:00,-8.093599518159092,112.920963867647,0,-8.093599518159092,28.274333882308138,-1.8973288279087093
2024-09-02 01:26:00,-8.104540443764295,114.037395294935,0,-8.104540443764295,121.71628164228542,0.3625218790638464
2024-09-02 12:27:00,-7.974299819835839,112.9333170298067,0,-7.974299819835839,142.88820475429108,0.727578440134819
2024-09-03 04:17:00,-8.052676796889335,114.2575212648742,0,-8.052676796889335,56.024093838621035,-0.4504048239322547
2024-09-04 01:54:00,-8.144638903307536,112.9797245694543,0,-8.144638903307536,183.2629559159785,0.811362226882444
2024-09-04 03:25:00,-8.073824886621953,114.0842586167959,0,-8.073824886621953,81.69909620809324,-0.039270034547745566
2024-09-04 04:55:00,-8.00847029556742,114.2071911455769,0,-8.00847029556742,157.2939961916729,0.7588913414598712
2024-09-04 15:45:00,-8.131073633563181,112.9070300732996,0,-8.131073633563181,95.0450194569021,0.009336102207880535
2024-09-04 16:40:00,-8.145672308721814,113.9707869754268,0,-8.145672308721814,285.87446617667683,1.0253861185492608
2024-09-04 20:31:00,-8.095769597333193,112.9184063613099,0,-8.095769597333193,86.12013635167597,-0.11724544011221819
2024-09-04 21:42:00,-8.011506469459205,114.2133454920934,0,-8.011506469459205,146.920139419469,0.5696305852643417
2024-09-05 04:44:00,-7.962350267875129,112.3650087570924,0,-7.962350267875129,167.10502582802815,0.6761958067518158
2024-09-06 15:12:00,-8.069400891353414,114.2943091527408,0,-8.069400891353414,109.10653697922353,0.26320293247856674
2024-09-07 01:19:00,-8.000314867971154,114.303165866955,0,-8.000314867971154,43.71949187411297,-0.7995498079408848
2024-09-07 01:55:00,-8.065418991587762,114.2555962968477,0,-8.065418991587762,28.274333882308138,-1.5604796225972597
2024-09-07 20:19:00,-8.076211513634252,114.238696106826,0,-8.076211513634252,28.274333882308138,-1.5745168616796237
2024-09-07 20:27:00,-8.079276170890983,114.2219399283242,0,-8.079276170890983,28.274333882308138,-1.1220348615275546
2024-09-08 23:58:00,-8.040929271399138,112.916436420612,0,-8.040929271399138,474.2390298483578,1.9584715112220712
2024-09-09 03:00:00,-7.921000347759239,112.9587789271939,0,-7.921000347759239,28.274333882308138,-1.6358850471473807
2024-09-09 11:53:00,-7.97423898768311,112.9776286917035,0,-7.97423898768311,464.33712272989806,1.8712022880482035
2024-09-09 18:33:00,-8.127766587758245,112.9319718849788,0,-8.127766587758245,116.23319878054282,0.17395870293855492
2024-09-09 20:25:00,-7.923581519732746,112.3206222390443,0,-7.923581519732746,28.274333882308138,-1.3716427975259362
2024-09-10 14:49:00,-7.941618347078297,112.3041802176549,0,-7.941618347078297,28.274333882308138,-1.743518104201451
2024-09-10 15:25:00,-8.162203270064913,112.9695262042517,0,-8.162203270064913,330.92275989798634,1.4529084976691964
2024-09-10 21:26:00,-8.151050502635536,112.9198020522503,0,-8.151050502635536,132.10053700632866,0.553847682179892
2024-09-11 06:28:00,-8.103661798037695,112.8851851208942,0,-8.103661798037695,188.72204643395983,0.7614971260243786
2024-09-11 08:18:00,-7.914721729240541,112.9131931742408,0,-7.914721729240541,39.98393716600376,-0.8403512593325029
2024-09-11 10:51:00,-7.967657959204327,112.8898172272295,0,-7.967657959204327,187.10289711408427,0.8193468803135382
2024-09-12 00:48:00,-7.886682765038281,113.01977307933,0,-7.886682765038281,345.9963466491391,1.254681911360416
2024-09-12 05:52:00,-8.104266392029789,114.2043402969399,0,-8.104266392029789,188.23130656432713,0.6544584975698302
2024-09-12 19:56:00,-8.092062379387132,114.2284373373697,0,-8.092062379387132,133.77529049894676,0.2975136449213906
2024-09-13 08:17:00,-8.060867649307689,112.9519107845549,0,-8.060867649307689,191.15101133777074,0.7974827345595887
2024-09-13 18:21:00,-8.047291208851552,114.2034750937584,0,-8.047291208851552,233.94984892054006,0.9000263477102275
2024-09-13 20:46:00,-8.069772053118308,114.1715827182915,0,-8.069772053118308,71.70481310463336,-0.2683515271991701
2024-09-14 20:30:00,-8.127587456897988,114.2385402619018,0,-8.127587456897988,105.27379843390749,0.23111989941453667
2024-09-16 18:41:00,-7.97040845199472,112.3633673456488,0,-7.97040845199472,97.0029760158559,0.0811848012808573
2024-09-16 23:54:00,-8.168117816797619,113.9932532919714,0,-8.168117816797619,166.00888619449526,0.6182789478690535
2024-09-19 18:49:00,-7.924558631453565,112.3091397017617,0,-7.924558631453565,28.274333882308138,-2.040571288944896
2024-09-21 11:40:00,-8.031298472805625,114.2647336673782,0,-8.031298472805625,105.39784568054691,0.23513637489372496
2024-09-22 17:57:00,-7.911717626093851,112.3099236679248,0,-7.911717626093851,79.87652722595845,-0.3522710616501215
2024-09-22 18:22:00,-7.936112941724258,112.9624057149931,0,-7.936112941724258,178.20925213649062,-0.0325613302071638
2024-09-23 05:27:00,-7.999616766596962,114.3081969489616,0,-7.999616766596962,50.502755261483436,-0.47798563959760093
2024-09-23 22:17:00,-8.105631475151776,114.0416373852623,0,-8.105631475151776,62.92498052029728,-0.6231393572528174
2024-09-24 04:07:00,-8.095670213051097,112.9726369347944,0,-8.095670213051097,136.15188610031922,0.3881668869948589
2024-09-24 22:10:00,-7.957679832535637,112.339201436417,0,-7.957679832535637,212.718146836358,0.9494241956657075
2024-09-25 11:18:00,-7.933170521189357,112.950098705582,0,-7.933170521189357,61.33446502342585,-0.5445113028031385
2024-09-27 02:52:00,-7.93412753327287,112.3164046937518,0,-7.93412753327287,30.03588971638458,-0.9536411508577524
2024-09-28 03:25:00,-8.134912233778566,114.0481531517816,0,-8.134912233778566,28.274333882308138,-1.3821584249356031
2024-09-28 07:20:00,-8.119017875577633,114.0375326559379,0,-8.119017875577633,88.28667176025101,-0.04055767482801849
2024-09-28 16:13:00,-8.084769553605868,114.0511060386325,0,-8.084769553605868,407.8989356807939,1.8546260471136033
2024-09-28 18:44:00,-8.12733600186888,114.2239111147382,0,-8.12733600186888,321.63593146122116,1.8945050210988243
2024-09-28 18:57:00,-7.992756344152398,112.9062514582383,0,-7.992756344152398,69.36463910959218,-0.34090294686387435
2024-09-29 01:22:00,-7.930452074027289,112.3228251103251,0,-7.930452074027289,28.274333882308138,-1.8301215024311195
2024-09-29 05:45:00,-7.930045153959231,112.9548938784763,0,-7.930045153959231,93.83145525040362,-0.32836610395751065
2024-09-29 11:50:00,-7.933588823225515,112.9369093941838,0,-7.933588823225515,28.274333882308138,-1.5026504016546516
2024-09-30 00:03:00,-7.952737645321747,112.9324287544127,0,-7.952737645321747,348.6181575929632,1.7084127344370477
2024-10-01 07:50:00,-8.05789618347148,114.2442270613288,0,-8.05789618347148,82.04832358818273,-0.04118504453300561
2024-10-01 08:26:00,-7.956157652836473,112.9667415914607,0,-7.956157652836473,110.81426849038364,0.03161989308284159
2024-10-01 16:38:00,-7.954222533007372,112.9371901595134,0,-7.954222533007372,59.07096512745137,-0.36117682640791793
2024-10-01 19:51:00,-8.105102068961225,112.8616104178472,0,-8.105102068961225,61.57581205364166,-0.3495585485170151
2024-10-03 07:20:00,-7.969191184928155,112.9070154341995,0,-7.969191184928155,153.52168064023186,0.47747622661379935
2024-10-03 14:51:00,-8.119726049206081,114.0854431053157,0,-8.119726049206081,28.274333882308138,-1.2534563571484962
2024-10-04 04:10:00,-8.071388075825343,114.0856305826011,0,-8.071388075825343,223.62315977382696,1.0603992948451313
2024-10-04 05:47:00,-8.069347354394878,114.2287125726956,0,-8.069347354394878,128.04171819310483,0.05335567141254651
2024-10-04 15:11:00,-8.159259405776965,112.8817848212889,0,-8.159259405776965,28.274333882308138,-1.184532258434208
2024-10-05 18:50:00,-8.139932802609385,114.0330135952841,0,-8.139932802609385,109.24038666506863,0.18591281801495774
2024-10-06 07:45:00,-8.08402094259261,114.2161857960338,0,-8.08402094259261,352.2277581241592,1.5701051797782895
2024-10-07 14:34:00,-8.067582094871291,114.2581050512219,0,-8.067582094871291,28.274333882308138,-1.4088397183149257
2024-10-07 17:38:00,-8.0593358670953,112.8809903511922,0,-8.0593358670953,91.03782612215659,-0.03295277239253642
2024-10-08 06:54:00,-8.14558864295448,112.8480074729467,0,-8.14558864295448,275.7294904212311,1.3569749552228152
2024-10-08 11:08:00,-8.100072399010175,114.0222542990544,0,-8.100072399010175,55.71327886896803,-0.3689445126625422
2024-10-08 16:06:00,-8.071451248948225,114.2890713855478,0,-8.071451248948225,92.0370380585905,0.0004853542501437432
2024-10-08 22:44:00,-7.998800135649009,112.9863374173984,0,-7.998800135649009,154.78552968820594,0.3463173650831161
2024-10-09 12:39:00,-8.124399601630033,114.0765572877509,0,-8.124399601630033,237.24104094370264,0.9138538926014257
2024-10-09 23:00:00,-7.974077416787543,112.3185748980541,0,-7.974077416787543,68.3336403427905,-0.2850721184988508
2024-10-10 09:00:00,-7.991319403405152,113.011182034609,0,-7.991319403405152,28.274333882308138,-1.2139053304242533
2024-10-10 14:09:00,-7.89871369448147,112.2527026531779,0,-7.89871369448147,28.274333882308138,-1.196011625371326
2024-10-10 22:37:00,-8.103156098922122,114.0563206412779,0,-8.103156098922122,91.01596269516595,-0.0155110117193846
2024-10-10 23:42:00,-8.114084222840567,114.2653511463235,0,-8.114084222840567,245.3353138896131,1.077104177186299
2024-10-11 16:06:00,-8.05504669627384,114.2864502479379,0,-8.05504669627384,94.27050346009517,-0.057753918600246305
2024-10-12 20:58:00,-7.952410046208722,112.9460603770946,0,-7.952410046208722,150.72909972958593,0.21838377747720675
2024-10-13 00:37:00,-8.124940767139979,112.9323446765769,0,-8.124940767139979,177.73926875072277,0.6753772510321767
2024-10-13 10:11:00,-8.142405759995418,114.05643419661,0,-8.142405759995418,234.33093922663377,0.6978518370658884
2024-10-13 23:09:00,-7.879732488892812,113.0151410408861,0,-7.879732488892812,58.215415259750074,-0.6128374877861156
2024-10-14 15:10:00,-8.068652385413515,114.2353884954295,0,-8.068652385413515,108.01551297156237,0.04807628686865762
2024-10-14 18:09:00,-7.962159930586506,112.9770580027509,0,-7.962159930586506,98.46321052116518,0.12740687989383515
2024-10-14 22:20:00,-8.099786330246966,114.2226644043905,0,-8.099786330246966,95.33246522850463,-0.02686603283293087
2024-10-15 07:18:00,-8.143686809390958,114.0320411514628,0,-8.143686809390958,174.319623333802,0.6386197538223913
2024-10-15 11:56:00,-8.114852799293429,114.0855919550165,0,-8.114852799293429,181.52157778106798,0.8300090691064737
2024-10-15 21:23:00,-8.101697961457209,112.8852718399219,0,-8.101697961457209,145.68359754177771,0.5360954612154343
2024-10-16 13:36:00,-8.1807503129757,114.0615340334134,0,-8.1807503129757,52.790010673478044,-0.5331118026711912
2024-10-17 11:53:00,-8.039131896919821,114.2946219630347,0,-8.039131896919821,59.527055892807354,-0.4326144274587883
2024-10-19 06:06:00,-8.050321495008289,114.2286757247803,0,-8.050321495008289,320.59582986823875,0.6828430873210896
2024-10-19 17:45:00,-8.091824280715235,114.204204681495,0,-8.091824280715235,40.78338920766908,-0.6307574491590154
2024-10-20 13:08:00,-8.098685541447136,112.8660129136716,0,-8.098685541447136,83.44638650123302,-0.040921617235182804
2024-10-21 01:54:00,-8.077071919168105,114.3108956707757,0,-8.077071919168105,78.02706150971932,-0.08535994255528032
2024-10-22 10:15:00,-8.109834370667905,112.9305145853691,0,-8.109834370667905,31.232202911670278,-0.9432503578415343
2024-10-23 01:01:00,-8.09138432651079,112.9318192529021,0,-8.09138432651079,71.78802109335433,-0.41884114256333
2024-10-23 10:45:00,-7.999205171459081,112.3603922682326,0,-7.999205171459081,131.3677939743306,0.2999620735822901
2024-10-24 07:04:00,-8.1406171576467,113.9753498116418,0,-8.1406171576467,100.58046970865318,-0.18996219182326549
2024-10-26 06:00:00,-8.191429155045727,114.0349738405191,0,-8.191429155045727,216.1704035282362,1.1911809593552842
2024-10-26 06:28:00,-8.098433916893388,114.186615038327,0,-8.098433916893388,229.21434539344514,0.8976266955666846
2024-10-26 17:53:00,-8.107506351230272,112.9251598507767,0,-8.107506351230272,119.1021676647363,0.002360175052118098
2024-10-28 19:10:00,-8.058611695038556,114.0138226454556,0,-8.058611695038556,104.05140353250682,0.08505655469866623
2024-10-29 10:36:00,-7.983105765947715,113.0210996243705,0,-7.983105765947715,141.92595707874074,0.4358502934373285
2024-10-30 13:33:00,-7.910451023646811,112.3682985480434,0,-7.910451023646811,94.0339181080798,-0.10013645108808455
2024-10-30 17:00:00,-7.981680378798574,112.9239894777108,0,-7.981680378798574,51.95973168136502,-0.7959539298149781
2024-10-31 07:20:00,-8.122283746786938,112.9043935912293,0,-8.122283746786938,28.274333882308138,-1.8962255240850108
2024-10-31 15:32:00,-7.920906448679151,112.9865302805078,0,-7.920906448679151,28.274333882308138,-1.1830837138918489
2024-10-31 20:53:00,-8.18021874520367,112.9319663427489,0,-8.18021874520367,158.88213081488232,0.6953503861196032
2024-11-01 00:05:00,-8.000325151151841,112.3036940556044,0,-8.000325151151841,588.1996112377067,1.904476808924772
2024-11-02 08:43:00,-8.086818645972926,114.1946727349782,0,-8.086818645972926,92.77600890727228,0.12570034554898885
2024-11-03 12:45:00,-8.058724251884671,114.2554432308049,0,-8.058724251884671,28.274333882308138,-1.6230112117314546
2024-11-04 14:13:00,-8.078280918827485,114.2353450047363,0,-8.078280918827485,295.5974543909678,1.4121475765017972
2024-11-04 16:17:00,-7.920705829825472,112.3058587007871,0,-7.920705829825472,28.274333882308138,-1.7855376867495614
2024-11-05 03:31:00,-8.188254559640386,114.0175573079618,0,-8.188254559640386,65.05127960821585,-0.31330206726224963
2024-11-05 11:37:00,-7.996032531365852,112.2397307233648,0,-7.996032531365852,239.56516512298862,1.157466039675717
2024-11-06 01:52:00,-7.885421309541607,112.9413922352967,0,-7.885421309541607,57.57518508951429,-0.4522693617752906
2024-11-06 04:02:00,-8.027350091812577,114.2647081725157,0,-8.027350091812577,86.16366642742027,-0.06753025165198903
2024-11-06 16:35:00,-7.936451415086966,112.3312659874719,0,-7.936451415086966,43.844545628496526,-0.7170503391983699
2024-11-07 02:44:00,-7.913524714996233,112.9653567788554,0,-7.913524714996233,246.5284319730619,1.0871641719926102
2024-11-07 15:27:00,-8.111257687938608,114.0575254583296,0,-8.111257687938608,32.630563936090255,-0.9166036149743297
2024-11-07 16:41:00,-8.155361561797658,112.8831020212976,0,-8.155361561797658,345.4741016033249,1.8499031130041392
2024-11-08 07:39:00,-7.995205698144722,114.261421812293,0,-7.995205698144722,290.9178411404194,1.7115034217304388
2024-11-09 02:29:00,-8.088278877832206,114.0450897161878,0,-8.088278877832206,505.9006702995694,1.8129404106981755
2024-11-10 04:10:00,-7.932990214751879,112.9470637364164,0,-7.932990214751879,103.63208923237025,-0.14708511932622687
2024-11-11 07:03:00,-8.176448615573065,114.0604606105172,0,-8.176448615573065,80.41961085805333,-0.21639604467752127
2024-11-11 13:11:00,-8.11888388651333,112.8695337660423,0,-8.11888388651333,165.83409040028127,0.529663883288832
2024-11-12 18:14:00,-8.085360732477488,112.9718647374404,0,-8.085360732477488,477.59079879144815,1.5848062933572664
2024-11-12 23:34:00,-8.110386213317657,114.2795346908806,0,-8.110386213317657,179.89379546788817,0.7474317932161127
2024-11-13 04:01:00,-8.10435521565182,112.9120756532322,0,-8.10435521565182,28.274333882308138,-1.5596902565328143
2024-11-14 10:12:00,-8.198229577566085,114.018765931129,0,-8.198229577566085,93.64009660498316,0.1549223153298509
2024-11-15 10:52:00,-8.194780222991453,114.0788092167515,0,-8.194780222991453,293.3786404195912,1.4957320842184556
2024-11-15 16:02:00,-8.045949545164028,114.2530714653916,0,-8.045949545164028,297.88759368766546,1.3434589761320164
2024-11-15 19:29:00,-8.077997303425365,114.2525045489648,0,-8.077997303425365,146.1352169203243,0.13566692962675694
2024-11-15 21:15:00,-8.049006529444563,112.9762551297919,0,-8.049006529444563,155.2008586944163,0.6670124442538059
2024-11-16 20:57:00,-7.945291001905017,112.9476282743001,0,-7.945291001905017,64.03897486932958,-0.5572381399968468
2024-11-16 22:44:00,-8.112032148563276,112.9274998378625,0,-8.112032148563276,55.5256539807531,-0.5677765654181423
2024-11-17 11:22:00,-8.11683902886174,112.960478382463,0,-8.11683902886174,64.06953579180764,-0.2781267336662557
2024-11-17 16:14:00,-8.044842561341914,114.2403427198587,0,-8.044842561341914,29.942867561018176,-0.8526917910304075
2024-11-18 02:58:00,-8.13980909897733,114.0577955989141,0,-8.13980909897733,124.25521163375132,0.37478554243445195
2024-11-19 04:06:00,-7.872561889260039,112.3148681788223,0,-7.872561889260039,128.0597144228574,0.5625412428385276
2024-11-19 07:58:00,-8.103605726965858,114.245449580425,0,-8.103605726965858,28.274333882308138,-1.0480691451108821
2024-11-20 00:59:00,-8.080674168590589,112.8815100529499,0,-8.080674168590589,96.76248140825459,0.2345846166460791
2024-11-20 09:07:00,-7.92441713527517,112.3779917241345,0,-7.92441713527517,225.55381455868476,1.3153079936724463
2024-11-20 17:41:00,-7.905703327339682,112.9597534621092,0,-7.905703327339682,28.274333882308138,-1.14606983628623
2024-11-20 18:15:00,-7.888550277426519,112.8841316112639,0,-7.888550277426519,94.91458120746601,0.1166881855996862
2024-11-21 05:04:00,-7.958710779150459,112.8885467669147,0,-7.958710779150459,64.16035660421628,-0.32578331091662216
2024-11-21 15:54:00,-8.072631315317118,112.9194022807249,0,-8.072631315317118,123.65077383790828,0.24125750019286255
2024-11-21 17:56:00,-8.071138229309753,114.2398309165393,0,-8.071138229309753,484.23749417634485,1.7256468682401993
2024-11-21 18:33:00,-8.084023362533406,114.0393350349855,0,-8.084023362533406,28.274333882308138,-1.0497361129595408
2024-11-22 19:00:00,-8.1114329849164,112.8607368710397,0,-8.1114329849164,87.05645555383715,-0.14695861996327633
2024-11-23 20:11:00,-7.999201899956481,112.9045248506271,0,-7.999201899956481,149.99618861414604,0.5370273364071103
2024-11-24 05:32:00,-7.937107458768575,112.2954473358299,0,-7.937107458768575,154.3111716670366,0.24388506156215753
2024-11-24 23:18:00,-8.122582036402601,114.0474809650702,0,-8.122582036402601,134.74070658791217,0.17112610699354763
2024-11-25 11:16:00,-7.92851652819184,112.3103765992972,0,-7.92851652819184,28.274333882308138,-2.004975641557745
2024-11-25 14:43:00,-7.944213728066757,112.3048885224643,0,-7.944213728066757,29.03648182745329,-1.0958921733284077
2024-11-25 21:57:00,-8.041832166101079,114.2548467658002,0,-8.041832166101079,28.274333882308138,-2.024896560979073
2024-11-26 06:25:00,-7.929868225137292,112.9685857719822,0,-7.929868225137292,137.91026363825932,0.19783205686599153
2024-11-27 04:41:00,-7.992764611572363,114.2873486558825,0,-7.992764611572363,151.42391486432481,0.6730232619705016
2024-11-28 08:08:00,-8.136277650616675,112.9266666516395,0,-8.136277650616675,223.49817593932192,1.0070465484585946
2024-11-30 16:20:00,-8.061683387659953,114.2602789685675,0,-8.061683387659953,52.7039970148089,-0.6359116850919658
2024-12-01 16:37:00,-8.140193286155393,112.8883885132782,0,-8.140193286155393,186.4961220916399,0.8748137183723903
2024-12-04 00:46:00,-8.086614254967753,114.0533131367238,0,-8.086614254967753,256.3519160410171,0.9239433376335316
2024-12-04 01:04:00,-8.185698614705805,114.0441615868923,0,-8.185698614705805,64.12820399140888,-0.36318553834768663
2024-12-04 07:48:00,-8.023803246885523,114.2750934554324,0,-8.023803246885523,368.60395759979787,1.6879014405881956
2024-12-04 10:11:00,-8.061606008368768,114.249179533029,0,-8.061606008368768,28.274333882308138,-1.85063234028142
2024-12-05 08:39:00,-7.929929389869893,112.9692968413557,0,-7.929929389869893,54.34435408685757,-0.6791291394323399
2024-12-05 11:37:00,-8.011184542270176,114.1681073527441,0,-8.011184542270176,301.11107663079224,1.6439032784079797
2024-12-06 02:16:00,-8.155369549627311,114.1041956880467,0,-8.155369549627311,29.600131200655948,-1.0088023989963848
2024-12-06 03:02:00,-8.075986677827622,112.8648803712101,0,-8.075986677827622,393.61351533214554,1.858816279116581
2024-12-06 06:30:00,-8.105948799311058,112.9101831978182,0,-8.105948799311058,85.45511472708738,-0.1014127948664196
2024-12-06 07:23:00,-8.13903778003452,114.0255506984048,0,-8.13903778003452,101.00770886254283,-0.02282470926459162
2024-12-06 22:00:00,-8.201362375260475,113.973619993669,0,-8.201362375260475,62.161753966584676,-0.30415224556527914
2024-12-07 16:00:00,-8.11130445938937,112.8589477541441,0,-8.11130445938937,28.274333882308138,-0.9871992032035882
2024-12-07 22:58:00,-8.00140034035918,114.1844617068325,0,-8.00140034035918,277.84363903872924,1.3084394963267532
2024-12-09 08:19:00,-8.05176283277207,114.2294873376876,0,-8.05176283277207,115.91501988076985,-0.1330689098241328
2024-12-09 20:06:00,-7.929009491618226,112.3225610524937,0,-7.929009491618226,218.1075785324744,1.1994240375118543
2024-12-10 02:53:00,-7.964033515959083,112.2503958543974,0,-7.964033515959083,441.49331417527713,1.8570573854086128
2024-12-10 17:04:00,-8.129932306917866,114.0274353552108,0,-8.129932306917866,28.274333882308138,-1.5108185542676689
2024-12-11 17:34:00,-8.133600040478994,113.9806187404996,0,-8.133600040478994,340.14100272600746,0.7855293954471082
2024-12-11 22:01:00,-7.987957483790622,112.9723837585582,0,-7.987957483790622,229.82261967005482,0.8937962253454934
2024-12-12 21:49:00,-7.92094616110435,113.0081047115193,0,-7.92094616110435,40.58739385973146,-0.6664687113386442
2024-12-13 00:12:00,-8.030960328293043,114.2929523775949,0,-8.030960328293043,28.274333882308138,-0.9646997997360898
2024-12-13 10:21:00,-7.872305349919857,112.2868896536822,0,-7.872305349919857,84.94048267305233,0.004594504729118821
2024-12-16 22:13:00,-8.070736972180336,114.1805774579405,0,-8.070736972180336,32.28680869246652,-0.9000742499244679
2024-12-17 10:08:00,-8.117623308791343,114.2326393383509,0,-8.117623308791343,236.20343654589556,1.3264791439077717
2024-12-17 13:03:00,-8.046998730886923,112.9531521195887,0,-8.046998730886923,80.46449907816145,-0.06455240675651981
2024-12-18 04:59:00,-8.003665077278717,112.9114276750404,0,-8.003665077278717,92.98173156009022,0.1505630189898632
2024-12-18 07:07:00,-7.929445451121148,112.2953200979983,0,-7.929445451121148,91.34543069902774,0.038221514402168554
2024-12-20 03:25:00,-7.932690578153833,112.9425306858805,0,-7.932690578153833,28.274333882308138,-0.9814956959394632
2024-12-20 23:03:00,-8.128833209431308,114.0232769951585,0,-8.128833209431308,42.77757716372197,-0.6133560366938547
2024-12-21 08:29:00,-7.963502982110443,112.9364342452135,0,-7.963502982110443,448.99572739841125,2.038267462265096
2024-12-21 12:08:00,-8.061873488495396,114.2496931639358,0,-8.061873488495396,49.16021450698527,-0.38503634518601676
2024-12-22 06:55:00,-8.12792971181715,114.0670060259845,0,-8.12792971181715,148.83661355724632,0.6573546727414847
2024-12-23 02:20:00,-7.956133003447512,112.9521364822721,0,-7.956133003447512,453.59468949271246,1.476047935339275
2024-12-23 08:27:00,-8.106751724827891,112.9015178135898,0,-8.106751724827891,28.274333882308138,-1.083910675347375
2024-12-23 09:34:00,-7.940660978459965,112.2900778599157,0,-7.940660978459965,28.274333882308138,-0.9198564384922802
2024-12-23 10:46:00,-7.875040435980634,112.3760437157027,0,-7.875040435980634,431.1472142068404,2.0423295816665483
2024-12-23 11:53:00,-8.052073640061934,114.2249179372025,0,-8.052073640061934,392.6891120757275,1.5454305616729347
2024-12-23 14:54:00,-8.003638790282894,112.9541684639073,0,-8.003638790282894,101.31549089359571,0.28386312709821565
2024-12-24 09:57:00,-7.9969767549905,112.8987166263653,0,-7.9969767549905,188.43049013478478,0.7320113208461493
2024-12-24 11:24:00,-8.1854991793235,114.0115621378089,0,-8.1854991793235,158.03528912036083,0.6955611762400612
2024-12-25 11:13:00,-8.119321243188523,114.040388309356,0,-8.119321243188523,97.22299326671799,-0.022116698706471618
2024-12-25 14:41:00,-8.076085716802568,114.3072110457359,0,-8.076085716802568,164.7583480922595,0.6164513784800363
2024-12-26 15:55:00,-7.946853260414324,112.959518607158,0,-7.946853260414324,97.16641585355083,-0.23822463787211506
2024-12-27 17:14:00,-7.976851527809038,112.9732706535821,0,-7.976851527809038,131.80649533364223,0.1447195163384231
2024-12-29 16:07:00,-7.969887214512007,113.0006979899435,0,-7.969887214512007,140.62333492538318,0.4342594926744983
2024-12-29 23:16:00,-8.000666103714634,112.9148243902182,0,-8.000666103714634,440.2670173756446,1.7842146918790627
2024-12-30 02:44:00,-7.968814089073542,112.3771109259309,0,-7.968814089073542,31.268946729005506,-0.9976599268548534
2024-12-30 14:09:00,-7.934790749050698,112.3286611945381,0,-7.934790749050698,38.099178090897375,-0.6814195645950502
2025-12-09 22:47:00,-8.01,114.18,0,-8.01,55.69302271906695,-0.5482882660009879
2025-12-09 23:16:00,-7.96,112.77,0,-7.96,28.274333882308138,-1.207453131016925
2025-12-11 03:22:00,-7.98,114.15,0,-7.98,28.274333882308138,-1.1103545812453328
2025-12-11 22:02:00,-7.92,114.16,0,-7.92,28.274333882308138,-1.078465481683028
2025-12-12 03:22:00,-8.0,114.19,0,-8.0,28.274333882308138,-1.1983587859504863
2025-12-12 05:19:00,-7.98,114.18,0,-7.98,54.66490067379185,-0.4824279161782499
2025-12-12 05:41:00,-7.97,114.13,0,-7.97,28.274333882308138,-1.1749792516311763
2025-12-12 18:16:00,-7.91,114.14,0,-7.91,28.274333882308138,-1.3781115278387464
2025-12-13 15:03:00,-7.98,114.24,0,-7.98,59.776520168462056,-0.5068682602377299
2025-12-13 15:07:00,-7.99,114.21,0,-7.99,50.14429778684926,-0.6786892426109409
2025-12-13 23:27:00,-7.99,114.22,0,-7.99,50.0664061411878,-0.669768627244847
2025-12-13 23:54:00,-7.97,114.16,0,-7.97,28.274333882308138,-1.1392970967204494
2025-12-15 00:12:00,-7.97,114.15,0,-7.97,28.274333882308138,-1.2891824603566207
2025-12-15 11:35:00,-7.99,114.19,0,-7.99,37.83665573837387,-0.9103329049065676
2025-12-15 20:39:00,-7.96,114.15,0,-7.96,34.0280704757581,-0.9389099126349535
2026-06-16 08:36:00,-7.89,114.34,0,-7.89,41.5735645794868,-0.9019788581612509
