Waktu,ACO_Pusat_Lat,ACO_Pusat_Lon,ACO_Area,GA_Sudut,GA_Arah,GA_Arah_Jarak,Anomali
2022-01-01 07:57:00,-7.916717236926822,112.3061172305354,92.78819917355193,180,Selatan,6.042813882135055,Normal
2022-01-03 12:48:00,-7.868128963606708,112.369014268496,109.15218251760177,232,Barat Daya,11.25307501777125,Normal
2022-01-03 13:56:00,-8.141551831137674,114.0651860489784,42.048630903417376,288,Barat,7.063723721816991,Normal
2022-01-03 19:35:00,-8.133701421527677,114.0581574221127,28.274333882308138,276,Barat,6.134360640687841,Normal
2022-01-04 13:41:00,-7.910047776492585,112.310988665706,318.60587762834734,196,Selatan,6.214813596599742,Normal
2022-01-06 21:43:00,-7.951727155089354,112.9363494824208,58.04343116452408,49,Timur Laut,6.625609733735496,Normal
2022-01-07 07:34:00,-8.12147034680821,114.0222914500236,134.9525613145812,126,Tenggara,6.905956194546934,Normal
2022-01-12 02:21:00,-7.950031055581993,112.9512794539355,36.21053179183325,187,Selatan,11.49556098885096,Normal
2022-01-12 09:01:00,-8.059007362301589,113.997373075901,48.373937531502456,151,Tenggara,10.51992579643476,Normal
2022-01-14 00:42:00,-8.116487702886182,114.053251378076,40.819463337750015,242,Barat Daya,6.902400301769307,Normal
2022-01-14 10:05:00,-7.910022494225677,112.2991975743061,63.82229617337562,163,Selatan,6.681594138392224,Normal
2022-01-14 12:19:00,-8.100086118922372,112.9382496730046,92.10848068615216,232,Barat Daya,6.326935396750358,Normal
2022-01-14 20:50:00,-7.94212865402597,112.9748334446094,220.43052777734084,239,Barat Daya,7.99750552941341,Normal
2022-01-15 04:26:00,-8.14116103368778,112.9615892157479,295.60942951230595,301,Barat Laut,8.862397209471647,Normal
2022-01-15 06:38:00,-8.086770364988952,114.2589575414479,140.32268136013073,320,Barat Laut,8.03865043487393,Normal
2022-01-15 08:30:00,-7.891901090579822,112.2480336252349,190.5475360219332,128,Tenggara,10.4540811424077,Normal
2022-01-16 02:39:00,-8.134217526776622,112.9180416615425,116.92411998485213,355,Utara,8.24490342648244,Normal
2022-01-18 04:38:00,-7.964557109597892,112.3168003524699,136.29242089078218,339,Utara,8.80668661036378,Normal
2022-01-19 11:00:00,-8.152825354341882,114.066475027313,126.1709051704169,313,Barat Laut,7.787252826670038,Normal
2022-01-19 12:05:00,-8.105514282854502,114.1073640856964,296.81239982996595,262,Barat,10.48482039758098,Normal
2022-01-19 21:24:00,-8.169910939791816,114.0401220548454,153.69269015939267,359,Utara,7.985940679674987,Normal
2022-01-19 22:30:00,-8.12683435056466,114.0523341184574,84.64050194716724,262,Barat,5.697873835896724,Normal
2022-01-20 01:17:00,-8.169501683521084,114.0449604707023,42.111330805672104,355,Utara,8.067626616408573,Normal
2022-01-20 11:11:00,-7.973514240339685,113.0048304151398,186.69464317846996,300,Barat Laut,9.344894184841497,Normal
2022-01-22 11:34:00,-7.883398024253043,112.2663443683203,207.61784687106064,143,Tenggara,10.00365351010732,Normal
2022-01-22 13:08:00,-7.920754809198094,112.3292467571374,88.79137870298636,256,Barat,6.462770096832188,Normal
2022-01-23 10:28:00,-8.042132939203462,112.8738660246577,264.855667017313,144,Tenggara,11.19006671131655,Normal
2022-01-23 22:19:00,-8.113031390323666,114.052395933188,151.67277083775187,236,Barat Daya,7.167556266143563,Normal
2022-01-23 23:14:00,-7.94986263560164,113.0071762134843,567.9279925707174,276,Barat,8.627982354910035,Normal
2022-01-24 22:17:00,-7.978263206344961,112.3732395132086,194.5426790186238,309,Barat Laut,11.77852968715144,Normal
2022-01-25 02:41:00,-7.999641091118968,112.2386483357198,28.274333882308138,32,Timur Laut,12.21085199877794,Normal
2022-01-25 05:28:00,-7.912910190378409,112.3097461281619,128.35060264522653,187,Selatan,6.371829204610592,Normal
2022-01-25 09:51:00,-8.088459102496168,112.9281807713791,169.366887342247,205,Barat Daya,5.916701741830902,Normal
2022-01-25 12:18:00,-7.920619233691167,112.9052513947285,84.17963742530257,118,Tenggara,9.639620402163175,Normal
2022-01-25 15:46:00,-7.984836053974819,112.3519153453574,122.87474784534666,322,Barat Laut,11.1897009781901,Normal
2022-01-25 17:12:00,-8.101423535719341,114.2685623071441,182.24770043572073,314,Barat Laut,8.847549135154242,Normal
2022-01-25 22:28:00,-7.909597185434142,112.3495245056536,64.87457520158532,250,Barat,8.960523559623255,Normal
2022-01-26 15:54:00,-7.981628747320634,112.2415710199748,189.0381448137486,45,Timur Laut,11.41986544697635,Normal
2022-01-26 19:52:00,-7.940872353107685,112.3253107644403,46.3326084927051,304,Barat Laut,7.789704279424619,Normal
2022-01-27 16:17:00,-8.162335086391234,114.0936592068512,442.6996526300893,304,Barat Laut,9.825314942103198,Normal
2022-01-29 07:25:00,-7.944897332139233,112.3424142298435,230.34507940206353,298,Barat Laut,9.256012853801929,Normal
2022-01-29 20:38:00,-8.069106232288952,114.2351192270447,72.52937576862485,331,Barat Laut,7.241564781191494,Normal
2022-01-30 04:40:00,-8.127552516228539,114.0750933350353,345.202393448211,269,Barat,7.477736278453905,Normal
2022-01-31 18:18:00,-8.044117906718789,114.233205669959,144.75290126278634,154,Tenggara,6.703653840416673,Normal
2022-01-31 23:24:00,-8.099009082080153,114.0164814562312,282.8416258030878,138,Tenggara,8.503881872719678,Normal
2022-02-01 03:26:00,-7.927617076198509,112.2607636011464,438.39444457631186,80,Timur,9.200267639131157,Normal
2022-02-01 11:35:00,-7.933503448658401,112.9171435187147,61.04159834758932,111,Timur,8.116175189159257,Normal
2022-02-01 16:55:00,-8.186014778908971,114.0682086489912,193.2157581850906,339,Utara,10.302998453838,Normal
2022-02-02 12:47:00,-8.129788267218117,114.0456054777548,122.2913779718336,260,Barat,5.167328798815604,Normal
2022-02-03 03:39:00,-8.140435633188241,114.0005372641355,42.84734891882791,72,Timur,7.861374366425159,Normal
2022-02-04 03:40:00,-7.891019324073403,112.2515243296851,89.77850544455092,130,Tenggara,10.57776220810905,Normal
2022-02-04 04:58:00,-7.993411853462411,112.912157511184,45.70559478445291,171,Selatan,13.2125034604218,Normal
2022-02-08 10:32:00,-7.984972858877901,112.3053919701103,99.47601508927877,354,Utara,9.805346227057822,Normal
2022-02-08 16:39:00,-7.883216115225961,112.968124654109,110.30975805284557,191,Selatan,10.08460064010409,Normal
2022-02-08 17:55:00,-7.996895137026614,112.9748978905037,153.38327400058142,196,Selatan,13.26739605333216,Normal
2022-02-08 19:32:00,-8.054471628647649,114.2337068941313,32.21575887985797,148,Tenggara,6.030090461371637,Normal
2022-02-09 08:47:00,-8.007022823409374,114.2648785426929,293.5012186702632,209,Barat Daya,9.433679811654054,Normal
2022-02-09 11:02:00,-8.056279965885585,114.2463168959872,109.80820036389879,299,Barat Laut,7.5529284373972,Normal
2022-02-09 13:40:00,-7.976324463047001,112.317223945895,47.177546754223485,341,Utara,9.874914905083067,Normal
2022-02-09 15:54:00,-8.142919456326107,113.9931039878811,164.85189221510865,68,Timur,8.508908875921023,Normal
2022-02-10 01:42:00,-8.137538522924284,114.0223271833387,90.06174133412134,56,Timur Laut,6.540524705043735,Normal
2022-02-10 20:02:00,-7.903292362021368,113.0180574380883,78.67809963088119,237,Barat Daya,10.70821326693753,Normal
2022-02-11 11:06:00,-8.135846695743865,112.9183339579771,68.3939140035319,3,Utara,7.993200522821823,Normal
2022-02-12 12:16:00,-7.931789743513793,112.8807586637624,252.95437971828898,99,Timur,10.85554649381654,Normal
2022-02-12 14:08:00,-7.914127649889582,112.909311137008,48.27752386354127,123,Tenggara,9.639608657367681,Normal
2022-02-13 16:41:00,-8.105258046029785,114.0236255910996,28.274333882308138,124,Tenggara,7.741025266212147,Normal
2022-02-13 23:01:00,-8.134164259956174,112.912261853561,241.16288128193932,40,Timur Laut,8.304021247770443,Normal
2022-02-14 16:44:00,-8.079660973766108,112.9880128014212,215.49371009771693,248,Barat,9.80572279305155,Normal
2022-02-14 18:34:00,-8.135995669935351,113.9820777030959,257.32846322203306,80,Timur,9.311446134310955,Normal
2022-02-15 17:30:00,-7.994628498714133,114.1748529965384,542.2509836722329,135,Tenggara,11.30447199657649,Normal
2022-02-15 17:40:00,-7.95768126814787,112.9538660004974,28.274333882308138,180,Selatan,13.94762410264325,Normal
2022-02-15 19:53:00,-8.057341876880054,114.2210048401417,81.03417779050585,128,Tenggara,6.138457564404227,Normal
2022-02-16 09:35:00,-8.102620568738185,114.2708452468116,236.5371364819883,314,Barat Laut,9.163026846834486,Normal
2022-02-16 22:27:00,-8.046517646604613,114.2087651609963,398.531090062426,126,Tenggara,7.448118908899581,Normal
2022-02-17 19:09:00,-7.944674340229097,112.9005505902941,262.5543553700852,91,Timur,8.921292299267188,Normal
2022-02-18 02:15:00,-7.968094587108305,112.3739132703925,94.77676112688093,299,Barat Laut,11.43828623778821,Normal
2022-02-18 09:05:00,-7.920692724552178,112.9535372992365,28.65197280806912,201,Selatan,8.380221211820558,Normal
2022-02-19 06:31:00,-8.001036805968232,112.2431803502356,250.7106576811728,30,Timur Laut,12.0663263276816,Normal
2022-02-21 13:36:00,-8.126743817218347,114.0510146530063,31.042263722480655,262,Barat,5.640997002037707,Normal
2022-02-22 03:16:00,-8.079027027940375,114.0633418677963,252.4716289618675,219,Barat Daya,9.13077293252067,Normal
2022-02-22 13:21:00,-7.996588243348809,114.2026528240039,168.2539503455748,149,Tenggara,10.17304706943067,Normal
2022-02-22 17:37:00,-7.947537449292423,112.9347917217224,28.274333882308138,77,Timur,5.908092392124971,Normal
2022-02-23 00:24:00,-7.939264456917675,112.3207743468391,28.274333882308138,328,Barat Laut,7.766910356245059,Normal
2022-02-23 13:18:00,-8.03388178310499,114.2006870637615,32.57132589555807,129,Tenggara,8.873016345408972,Normal
2022-02-23 20:46:00,-8.168307356009775,114.0287955023706,321.22412279758953,15,Utara,7.984325750004619,Normal
2022-02-24 01:05:00,-8.080753616537486,112.9888957940171,202.12811550838782,249,Barat,9.646843199784016,Normal
2022-02-24 23:32:00,-8.085469760127644,112.8883304013665,59.9642191940897,131,Tenggara,8.19478818292858,Normal
2022-02-25 04:36:00,-8.06949530598206,112.8819428067522,51.04742408245654,141,Tenggara,9.56164883528067,Normal
2022-02-25 20:30:00,-7.998495070497562,112.3798046953415,32.630563936090255,315,Barat Laut,12.6151402259416,Normal
2022-02-26 17:20:00,-7.997576445514925,112.3385832994715,28.274333882308138,330,Barat Laut,11.22197010179409,Normal
2022-02-27 10:34:00,-7.940935866791996,112.26909305415,28.274333882308138,57,Timur Laut,9.616544543432836,Normal
2022-02-28 01:37:00,-8.169538570594405,112.9336129723809,100.54811274291905,343,Utara,9.694558760733058,Normal
2022-03-03 14:55:00,-8.077204330103134,114.2368022853117,28.274333882308138,336,Barat Laut,7.183021412197538,Normal
2022-03-04 20:55:00,-8.091258000767896,112.8871094064781,50.06921230238504,121,Tenggara,8.19259638916487,Normal
2022-03-08 19:10:00,-8.095052704005203,112.9458030657855,143.1148140671859,233,Barat Daya,6.903242820787092,Normal
2022-03-09 13:06:00,-8.097754082592955,112.939410869908,165.42903356770952,232,Barat Daya,6.494936204453097,Normal
2022-03-09 19:19:00,-8.126835988495205,112.9116424967918,40.008362729450255,56,Timur Laut,7.353403686200233,Normal
2022-03-10 01:12:00,-8.137324681393752,114.0389350510227,267.09879697061945,43,Timur Laut,5.697735396972393,Normal
2022-03-10 02:23:00,-8.06109905938964,114.1986593366112,459.3482639247098,88,Timur,7.373685996455598,Normal
2022-03-11 02:13:00,-8.118832171019067,112.9261199800695,28.274333882308138,359,Utara,9.378184436475994,Normal
2022-03-11 09:46:00,-8.128718269272253,112.9179092219772,83.99050774523324,355,Utara,8.581883681185875,Normal
2022-03-11 11:43:00,-8.115964032453027,112.9137611868226,33.65623005235557,59,Timur Laut,6.751564409004812,Normal
2022-03-11 18:07:00,-8.102218676757085,112.9121429791275,214.30028364490818,75,Timur,6.113267533368345,Normal
2022-03-12 02:51:00,-7.951682008622979,112.9546779864826,87.75831159346214,207,Barat Daya,11.05149451542691,Normal
2022-03-12 10:11:00,-8.161151891053962,114.0206328292749,213.23674808420063,28,Timur Laut,7.919620612903891,Normal
2022-03-12 11:44:00,-8.159233256599107,114.0268457541324,50.576982679005205,28,Timur Laut,7.770013874006699,Normal
2022-03-13 05:36:00,-8.110929509896357,114.0450351115597,50.4612534592,232,Barat Daya,6.912822251170132,Normal
2022-03-13 13:08:00,-8.028222707771718,114.218177250649,393.7314957884274,152,Tenggara,7.887755832101908,Normal
2022-03-13 13:56:00,-7.93383314732931,112.252658267829,288.8697221251437,79,Timur,9.943594456085787,Normal
2022-03-15 07:32:00,-8.11690193476015,114.0576849118472,91.08207568718716,250,Barat,6.463528314434162,Normal
2022-03-16 15:13:00,-8.039380171293203,114.173052281363,175.2316757106232,107,Timur,9.80149737739795,Normal
2022-03-16 21:01:00,-7.926276799604771,112.9627405686623,50.32981549214396,212,Barat Daya,8.551477976590835,Normal
2022-03-17 00:16:00,-8.199928092054082,113.9697623132748,132.95617291395266,41,Timur Laut,12.13824728624718,Normal
2022-03-17 04:38:00,-8.099463411525615,112.9352225693756,168.82772867820876,223,Barat Daya,6.058802688394953,Normal
2022-03-18 07:08:00,-8.071190584887121,114.0268589118445,102.80040270484461,171,Selatan,9.096300842170592,Normal
2022-03-18 14:44:00,-8.117566323754614,112.9376967605634,28.274333882308138,349,Utara,10.23387380341663,Normal
2022-03-18 19:45:00,-8.12586077035352,114.0246351021303,39.581479056819326,79,Timur,5.623891605139608,Normal
2022-03-18 19:49:00,-7.918743694714894,112.3046321448058,49.60525565346448,177,Selatan,6.057161092649356,Normal
2022-03-19 07:12:00,-7.931336908205919,112.3046379937753,33.882207900640694,327,Barat Laut,6.617037754911623,Normal
2022-03-19 18:08:00,-8.13590883961665,112.927549493349,236.44415518863775,346,Utara,8.679967156120346,Normal
2022-03-20 16:52:00,-7.975969636710616,112.9672330615077,530.7366934285199,190,Selatan,13.71258034261866,Normal
2022-03-21 04:23:00,-8.104515407316889,114.0774670981173,614.5481254082016,239,Barat Daya,8.838436627652165,Normal
2022-03-22 23:48:00,-8.062617839592606,112.9515150942091,75.91203693218652,5,Utara,13.0076461110947,Normal
2022-03-23 01:18:00,-8.123650695973495,112.8641708202764,122.48690417183313,79,Timur,9.810164024442994,Normal
2022-03-23 04:04:00,-7.96031860465994,112.9843067309419,396.2243784148493,195,Selatan,12.54264506197413,Normal
2022-03-24 05:34:00,-8.093702419968643,112.8732343351653,230.91335950304855,96,Timur,9.22917295936669,Normal
2022-03-24 20:52:00,-8.049483496796121,114.1797553062567,45.432164841235675,97,Timur,9.152024636667353,Normal
2022-03-25 07:02:00,-8.199881947432917,114.0539043911107,28.274333882308138,345,Utara,10.8362211001186,Normal
2022-03-25 21:24:00,-8.095076691014098,112.9442914601688,470.2869190906402,232,Barat Daya,6.777696244783865,Normal
2022-03-26 12:43:00,-8.099602976153362,112.9568998125495,375.0732179280457,245,Barat Daya,7.815654847952214,Normal
2022-03-26 18:59:00,-7.939647870619711,112.9992206788084,54.83760579529038,264,Barat,7.86181858226125,Normal
2022-03-27 19:18:00,-7.972890678389247,112.3608568108469,41.99941481448462,313,Barat Laut,11.24752416484093,Normal
2022-03-28 19:36:00,-8.123339299651317,114.0599104923508,66.2399291286927,254,Barat,6.374003694672421,Normal
2022-03-29 03:07:00,-8.079485607692854,112.8594129070593,325.16361105540875,119,Tenggara,10.32523479085287,Normal
2022-03-29 06:36:00,-8.017506284888269,114.2190344401308,202.3941295746777,157,Tenggara,8.53971910133718,Normal
2022-03-29 19:32:00,-7.920819035232515,112.3698585318571,238.79210656109822,264,Barat,10.27952371375999,Normal
2022-03-30 02:27:00,-8.030343831438692,114.2693036580843,253.78327828512275,229,Barat Daya,8.06003957839765,Normal
2022-03-30 12:58:00,-8.084382694769747,114.0413634547652,490.4497704730532,199,Selatan,8.432052047876631,Normal
2022-03-31 01:55:00,-8.123747172780687,112.9168529082513,189.08750245985513,354,Utara,8.966825909716936,Normal
2022-04-01 03:51:00,-8.120653112817681,114.0430431181575,104.12524764725661,244,Barat Daya,5.754466491700619,Normal
2022-04-01 08:46:00,-7.958621833813705,112.9541846582303,28.274333882308138,181,Selatan,13.88455779193111,Normal
2022-04-02 16:58:00,-7.990948064559925,112.3206869453204,135.371531565216,337,Barat Laut,10.73110901676824,Normal
2022-04-02 17:36:00,-8.154802943333983,112.9372870784181,46.210951444506236,340,Utara,8.669246808467383,Normal
2022-04-02 20:59:00,-8.155482917052746,114.0080310682442,77.14688022748942,43,Timur Laut,8.370832966033788,Normal
2022-04-03 20:07:00,-8.08663710886625,112.9748634504888,94.30025501495942,246,Barat Daya,9.0667746760302,Normal
2022-04-04 01:51:00,-7.870306314721015,113.0166645984875,50.05276752962967,213,Barat Daya,12.02005456430857,Normal
2022-04-04 05:30:00,-8.06026167336589,114.0313091168393,268.28983747660914,169,Selatan,9.474816050258132,Normal
2022-04-05 06:29:00,-7.877261806038777,112.9863531585974,31.268946729005506,200,Selatan,10.53553574239647,Normal
2022-04-05 18:14:00,-8.067828385683416,113.9868244594997,183.09742613125087,142,Tenggara,10.27711835259009,Normal
2022-04-05 21:49:00,-8.014440878093627,114.2205191558045,64.18401201074641,160,Selatan,8.695316761857391,Normal
2022-04-06 01:06:00,-8.117629747032133,114.0841946683404,119.56925200109815,264,Barat,8.424776494748805,Normal
2022-04-06 01:52:00,-8.051776300168694,114.2739157537592,87.9755346445851,249,Barat,7.438160157770055,Normal
2022-04-06 21:44:00,-8.14106473611579,112.8613140495551,65.92613651535052,63,Timur Laut,10.66959225758875,Normal
2022-04-07 18:53:00,-7.860213556390638,112.2786635463538,137.55536993425437,159,Selatan,10.65795480399246,Normal
2022-04-07 20:14:00,-7.915206871235005,112.378159646595,110.30975805284557,260,Barat,11.0077160581783,Normal
2022-04-08 10:47:00,-7.982819609687915,112.9834356040801,101.76495334126972,198,Selatan,13.30940719621915,Normal
2022-04-10 16:51:00,-8.073974807211206,112.859493974416,291.24811141692936,123,Tenggara,10.23963249090906,Normal
2022-04-11 05:21:00,-8.105489851269471,114.2666786059888,59.0317077898745,323,Barat Laut,9.133395617892035,Normal
2022-04-11 16:11:00,-8.19610872424601,114.0081433673354,99.94754237404297,22,Utara,10.94567399651041,Normal
2022-04-12 22:12:00,-8.06947248405143,112.8736233782272,44.300152426204065,136,Tenggara,9.863640577526942,Normal
2022-04-12 22:12:00,-8.06947248405143,112.8736233782272,44.300152426204065,136,Tenggara,9.863640577526942,Normal
2022-04-12 23:04:00,-7.940487194701836,112.3123922511462,28.274333882308138,341,Utara,6.444524616765543,Normal
2022-04-12 23:20:00,-7.944606552034854,112.3641714778499,50.955223967962745,287,Barat,10.3672837114629,Normal
2022-04-13 11:34:00,-7.93741333819136,112.3800551721427,40.954298984182785,277,Barat,10.99054244613445,Normal
2022-04-14 01:23:00,-7.882979364203883,112.3709399254636,46.78181628201906,236,Barat Daya,10.97356352165107,Normal
2022-04-14 01:39:00,-7.982407376889055,112.9421218090306,352.96351476337543,180,Selatan,13.67115221984507,Normal
2022-04-14 08:06:00,-7.932226663650177,112.2931284666127,36.20988444117515,50,Timur Laut,7.855831651110012,Normal
2022-04-14 11:27:00,-7.921248434249693,112.9589013354087,29.879203489131033,209,Barat Daya,8.595676519815703,Normal
2022-04-14 13:15:00,-7.919528630275589,112.2927002481064,28.274333882308138,153,Tenggara,6.512071974578477,Normal
2022-04-14 13:55:00,-8.159199015498785,113.98672039976,138.63352881563011,54,Timur Laut,9.794995210846142,Normal
2022-04-14 14:19:00,-8.14660505155383,112.9868570482457,52.43290370561793,300,Barat Laut,10.42899776269739,Normal
2022-04-15 16:10:00,-7.945641798728021,112.3221792837897,137.20033316758483,329,Barat Laut,8.160471508762566,Normal
2022-04-16 12:54:00,-7.966616443753786,112.9799473665104,430.3915923287397,193,Selatan,12.59293791547064,Normal
2022-04-18 10:48:00,-8.110109207802482,114.0128547671533,69.48685178824212,128,Tenggara,7.886391709176223,Normal
2022-04-18 16:09:00,-8.08105553146382,114.1090817447866,54.10874109772509,235,Barat Daya,10.78816427364794,Normal
2022-04-19 05:13:00,-7.957886879813556,112.2603029521536,298.091933833139,54,Timur Laut,10.22421973145339,Normal
2022-04-19 19:59:00,-7.901959499088716,112.9935383114962,255.05264863491638,224,Barat Daya,9.697445188322607,Normal
2022-04-20 06:56:00,-8.153533904975493,112.899815019232,29.59989386708196,23,Timur Laut,8.647851235192377,Normal
2022-04-20 09:39:00,-7.941770082579577,112.2807922129151,63.664159818263435,51,Timur Laut,8.623278842996957,Normal
2022-04-20 16:55:00,-7.878805881956137,112.8827934571438,114.45555831218132,133,Tenggara,12.18266025215787,Normal
2022-04-20 20:46:00,-8.119790394494354,114.2846257905039,301.59770490233046,320,Barat Laut,10.47173355998061,Normal
2022-04-20 23:21:00,-8.133602046538906,112.9820565672813,214.05687671558456,291,Barat,9.956547339027548,Normal
2022-04-21 05:04:00,-8.129903140308901,114.0924264717197,298.6568471555684,277,Barat,9.263523576209145,Normal
2022-04-21 17:24:00,-8.103456656257743,112.9279156369138,28.274333882308138,349,Utara,10.65425413305474,Normal
2022-04-22 12:32:00,-7.898059352183734,112.3180956238197,32.28680869246652,196,Selatan,7.535972178772679,Normal
2022-04-22 13:45:00,-7.960816611236697,112.3707599558378,268.1278040876785,298,Barat Laut,10.88091716214838,Normal
2022-04-23 08:21:00,-7.931380283597336,112.9687023023866,28.274333882308138,225,Barat Daya,7.976374806528449,Normal
2022-04-23 14:47:00,-8.120733248796999,114.0515129338611,28.274333882308138,245,Barat Daya,6.363264945041391,Normal
2022-04-24 04:35:00,-8.065600386898645,114.2251747384028,58.24095212618051,108,Timur,5.191574570844026,Normal
2022-04-24 19:16:00,-8.119272860866339,112.9007911154492,86.3183016623513,60,Timur Laut,7.592590409729557,Normal
2022-04-25 02:12:00,-7.929684183709862,112.9323886466096,28.275602540868373,116,Tenggara,6.945157346817881,Normal
2022-04-25 04:02:00,-7.99834526562185,112.8891771158991,120.50689824572366,160,Selatan,13.23886983710899,Normal
2022-04-25 09:49:00,-8.096227650123783,112.9739990713008,151.4004204397576,253,Barat,8.95336162277878,Normal
2022-04-25 12:22:00,-7.962096786604308,112.9183241469402,270.8427745328073,68,Timur,7.859909402326609,Normal
2022-04-26 11:56:00,-8.118144717200998,114.0232388667311,59.1408264696187,110,Timur,6.73500306278923,Normal
2022-04-27 00:54:00,-8.06741002562602,114.2216547535113,28.274333882308138,98,Timur,5.383598049416254,Normal
2022-04-28 00:51:00,-7.9580951537756,112.9494507439011,136.1606364854914,182,Selatan,13.61454477051477,Normal
2022-04-28 06:15:00,-7.937998057388834,112.9436015632992,302.8133956646957,182,Selatan,9.758345230079904,Normal
2022-04-28 14:06:00,-7.946263580781884,113.0080169982037,742.4071212276563,271,Barat,8.7010112484401,Normal
2022-04-29 04:38:00,-8.17455471806056,114.0418046157392,65.17880373043921,358,Utara,8.516592972694017,Normal
2022-04-29 05:17:00,-7.946639135797359,112.3276590538272,28.274333882308138,324,Barat Laut,8.73310241677479,Normal
2022-04-29 23:32:00,-8.100235682054766,114.2014493095349,189.52582233716942,40,Timur Laut,8.876121490256219,Normal
2022-04-30 08:31:00,-8.047677569243609,114.2605603339689,267.45329218034277,233,Barat Daya,7.102968836478687,Normal
2022-05-01 13:34:00,-7.877878372092454,113.0102125479923,89.6346118587117,211,Barat Daya,11.44737508509848,Normal
2022-05-01 23:11:00,-7.943044104699848,113.0030355524481,33.359129327429905,269,Barat,8.262346303564438,Normal
2022-05-02 01:30:00,-7.895164803657712,112.3121549442162,77.16756417175536,188,Selatan,7.753596080337643,Normal
2022-05-02 18:06:00,-8.111194941786454,114.0275338490628,57.974646086376374,124,Tenggara,7.365980778426557,Normal
2022-05-03 20:06:00,-8.105149038799878,114.0509603406488,120.34042715590861,223,Barat Daya,7.187792331376849,Normal
2022-05-05 02:48:00,-8.093141652593935,112.938357327881,60.914683486542856,224,Barat Daya,6.553490184324094,Normal
2022-05-05 15:21:00,-8.124476437883997,112.9367514717219,30.943391835907217,336,Barat Laut,8.61318963874189,Normal
2022-05-06 23:39:00,-7.913397644711904,112.3240040525849,28.274333882308138,237,Barat Daya,7.302424136326751,Normal
2022-05-07 01:54:00,-8.161964544652097,114.0140996009133,71.81443997996361,34,Timur Laut,8.545432687595865,Normal
2022-05-07 09:53:00,-8.097549819841422,114.1719331925069,392.2596380792733,60,Timur Laut,10.54777433302461,Normal
2022-05-07 15:57:00,-8.093015719807102,112.935943133141,46.570422430746426,221,Barat Daya,6.447071620928861,Normal
2022-05-08 10:42:00,-8.100908163238753,112.8868846261678,29.616859199296535,91,Timur,7.757564994378987,Normal
2022-05-08 17:30:00,-8.129631120404412,114.0422691810547,33.18908806042478,261,Barat,4.897712190607947,Normal
2022-05-09 10:00:00,-7.930190780934433,112.9372623107042,90.38513445227001,117,Tenggara,6.817580019014645,Normal
2022-05-10 18:12:00,-7.927198291889965,113.0185524691767,57.16975639593236,260,Barat,9.887069647733039,Normal
2022-05-11 02:00:00,-8.163932304472615,112.9397571949238,59.02780109703031,333,Barat Laut,9.497852169584684,Normal
2022-05-11 14:08:00,-8.103921857640097,114.1921781225208,224.32062670182796,47,Timur Laut,9.616118681871747,Normal
2022-05-11 16:57:00,-7.938537095024668,112.316518546318,28.274333882308138,325,Barat Laut,7.419016319309033,Normal
2022-05-13 07:06:00,-7.908056559066953,112.3432788917397,291.93413647154017,247,Barat Daya,8.452547764824779,Normal
2022-05-13 20:07:00,-8.133353914426957,114.0530979678287,37.409392592088764,271,Barat,5.760750729252661,Normal
2022-05-13 21:22:00,-8.123750846301029,114.042897413177,28.274333882308138,252,Barat,5.313650798627336,Normal
2022-05-14 23:16:00,-7.993957205394923,112.8784117898904,311.83846690225823,155,Tenggara,13.37266392908754,Normal
2022-05-15 15:03:00,-8.04010396189156,114.2815823053199,59.529701520962384,244,Barat Daya,8.432739245073991,Normal
2022-05-15 23:27:00,-8.118690874539517,114.278090514338,233.733200879525,323,Barat Laut,10.18669103095018,Normal
2022-05-16 16:40:00,-8.06736757813019,114.1068786674719,210.56421704326237,228,Barat Daya,11.14390187605324,Normal
2022-05-16 19:58:00,-8.045163205955348,112.9317205356783,70.9240972213782,187,Selatan,9.789177312450978,Normal
2022-05-16 21:22:00,-8.153712502872278,114.0897949298405,198.48878705275231,300,Barat Laut,9.384797629118001,Normal
2022-05-17 00:53:00,-7.998773808547347,112.915824987962,65.4524238132019,173,Selatan,12.94157757171049,Normal
2022-05-18 01:35:00,-8.053800027724183,114.3031655134336,123.38980198326718,264,Barat,9.93690180491339,Normal
2022-05-19 00:53:00,-7.992686054108103,112.2802679875262,39.469129895481814,19,Utara,10.93312641648816,Normal
2022-05-19 09:55:00,-8.124371712809596,114.007500767746,313.3152788023117,100,Timur,7.325073687790075,Normal
2022-05-20 09:27:00,-8.143731224719742,112.8647926748304,370.8200299267693,61,Timur Laut,10.53805331897792,Normal
2022-05-20 22:42:00,-8.053815142260655,114.2204011774896,89.46391576241636,135,Tenggara,6.271271365612485,Normal
2022-05-21 01:07:00,-7.95660315039263,112.9370471072549,46.20750686514314,180,Selatan,12.73235911959886,Normal
2022-05-21 10:54:00,-8.116114430806826,114.2106104166539,166.90908131752437,28,Timur Laut,9.573268736564936,Normal
2022-05-21 13:53:00,-8.18797183016844,114.0754536113652,28.274333882308138,336,Barat Laut,10.61563343545984,Normal
2022-05-22 03:57:00,-7.919728282432485,112.2646182963541,111.4008155387886,106,Timur,8.1092105353873,Normal
2022-05-23 04:51:00,-7.946909085306584,112.8966281375544,62.31455222464618,88,Timur,9.227814759440147,Normal
2022-05-23 11:43:00,-7.917715426327206,112.3164905075613,28.274333882308138,227,Barat Daya,6.425333808041944,Normal
2022-05-23 20:23:00,-7.888719887054374,112.2785064143246,123.8800073373302,153,Tenggara,9.478783986944563,Normal
2022-05-23 20:54:00,-8.07170800122761,114.2202030112727,42.11166213791032,35,Timur Laut,6.089355269045376,Normal
2022-05-24 09:02:00,-7.997716083488926,113.0146039258256,175.50083959476237,316,Barat Laut,10.51088524679186,Normal
2022-05-24 14:28:00,-8.167591408730653,114.0278578457955,180.99410263414427,17,Utara,8.01865410204005,Normal
2022-05-24 20:19:00,-7.871317938782919,112.2971915736005,90.78720008777601,169,Selatan,10.10201342817733,Normal
2022-05-25 04:39:00,-7.936700571663301,112.342833295145,326.52097570684384,294,Barat Laut,9.048335232009093,Normal
2022-05-25 15:59:00,-7.911611065123592,112.3436991623608,28.274333882308138,253,Barat,8.061378061604952,Normal
2022-05-25 22:02:00,-8.045231125170318,114.2274297353088,28.274333882308138,152,Tenggara,6.186196546798783,Normal
2022-05-26 08:52:00,-7.91135880540466,112.3607924982169,69.48685178824212,254,Barat,9.91195758034771,Normal
2022-05-27 02:38:00,-7.97910796219466,112.3710545863038,111.24408701590374,313,Barat Laut,11.7203787911255,Normal
2022-05-27 09:37:00,-8.128926077579917,112.9003317776608,113.91425938532292,49,Timur Laut,7.840661996131683,Normal
2022-05-28 01:42:00,-8.197204907679806,114.0476414935442,45.26517769211645,350,Utara,10.82928746601585,Normal
2022-05-28 10:12:00,-7.978048680886062,112.9939391301867,363.2241953684769,311,Barat Laut,9.028533491882786,Normal
2022-05-30 02:40:00,-7.92871193178438,112.2871179211633,60.03412208843259,55,Timur Laut,8.04950606172765,Normal
2022-05-30 03:00:00,-8.018244403233,114.2839822485548,70.75858460411607,225,Barat Daya,9.764686625780815,Normal
2022-05-30 06:28:00,-7.957797091754605,112.3730921397623,63.287407373751314,293,Barat Laut,11.04867518538812,Normal
2022-05-30 11:23:00,-7.928500086675822,112.9421081748069,30.629030628353227,157,Tenggara,7.543805199920618,Normal
2022-05-30 20:05:00,-8.040592168262314,114.2479209735951,106.4875517978642,228,Barat Daya,6.595279445337566,Normal
2022-06-01 15:39:00,-8.053977408016026,114.2317585187314,28.274333882308138,149,Tenggara,5.995769608422425,Normal
2022-06-02 22:40:00,-7.91578656024204,112.8809367151092,173.2551799966244,116,Tenggara,11.2645496013477,Normal
2022-06-05 03:44:00,-7.914092412981549,112.9176978091016,74.00840764531503,131,Tenggara,8.928073332723184,Normal
2022-06-05 05:17:00,-8.128420758680164,114.0297930549897,110.9496257774345,71,Timur,5.80306057188851,Normal
2022-06-05 13:15:00,-8.177493001843605,114.0184539253581,30.939814191148013,24,Timur Laut,9.363142849786504,Normal
2022-06-06 18:50:00,-7.988241942495489,112.9355792272114,218.5273725326507,182,Selatan,13.51931589858859,Normal
2022-06-07 04:52:00,-7.915169953097054,112.3012598095605,28.274333882308138,181,Selatan,6.03339835814184,Normal
2022-06-07 08:16:00,-8.125435745111526,112.9074282178473,84.90066258249837,49,Timur Laut,7.575666276306637,Normal
2022-06-07 22:15:00,-8.108966274557131,112.9179861776998,67.23968995956626,64,Timur Laut,5.821459878957,Normal
2022-06-09 04:19:00,-7.890660243681179,113.0182178364024,202.47489743852935,232,Barat Daya,11.015982395737,Normal
2022-06-09 21:17:00,-7.96684701013575,112.2910875577218,312.6910878472208,13,Utara,8.114593237536688,Normal
2022-06-10 22:28:00,-7.921308510782152,112.946198480234,28.274333882308138,167,Selatan,8.005264084568912,Normal
2022-06-11 03:03:00,-8.114385222505202,114.1943558061703,58.546699796255204,41,Timur Laut,9.926327483117328,Normal
2022-06-11 03:57:00,-8.139034402278138,112.8639246430517,118.91931914239142,65,Timur Laut,10.40524813424745,Normal
2022-06-11 15:22:00,-7.933260307284476,112.9699116803497,28.274333882308138,232,Barat Daya,8.266000219155575,Normal
2022-06-12 02:00:00,-8.00237556905056,114.1763449035899,59.89783067053509,130,Tenggara,11.00022137660733,Normal
2022-06-12 06:49:00,-8.10112167178665,112.9140606606346,49.440797174507274,73,Timur,5.886957366997053,Normal
2022-06-12 17:22:00,-8.120754787252373,114.2937465669942,244.07353786673846,315,Barat Laut,11.08054618577194,Normal
2022-06-12 18:53:00,-7.937847330170651,112.9046653517343,39.206990812932915,102,Timur,8.831935967066684,Normal
2022-06-12 19:47:00,-8.055919818490914,112.9482974274751,37.13786820210553,204,Barat Daya,9.477937659912817,Normal
2022-06-13 11:59:00,-8.023598866556975,114.282443763702,384.59038375856915,235,Barat Daya,9.33802839325066,Normal
2022-06-13 22:17:00,-7.990977951799608,112.2833843403783,77.1745422509669,19,Utara,10.75807532815239,Normal
2022-06-14 17:53:00,-8.053143055796902,114.2657448823994,175.473243743266,240,Barat Daya,7.198110852475008,Normal
2022-06-15 03:44:00,-7.982935370419744,112.9785113498352,36.118612193145864,196,Selatan,13.04043271594583,Normal
2022-06-15 12:27:00,-8.117570224379925,114.0300982395469,51.58286440273413,121,Tenggara,6.848462856235203,Normal
2022-06-16 02:24:00,-8.112658337236427,114.0625701969526,74.58630319330048,241,Barat Daya,7.811599715893607,Normal
2022-06-16 11:35:00,-8.074450926136603,114.0594402877987,61.561561598000004,197,Selatan,8.487411449436113,Normal
2022-06-17 08:09:00,-8.00461128507274,114.23396338764,32.52859798470284,179,Selatan,8.885310038146468,Normal
2022-06-17 10:25:00,-7.978702757147069,112.9578835813504,28.274333882308138,185,Selatan,13.75426756319709,Normal
2022-06-17 22:59:00,-8.081568805515836,114.1030340020642,55.84703110911374,232,Barat Daya,10.5986075576979,Normal
2022-06-18 12:55:00,-8.123268527454139,114.0564040640824,92.81419866210481,249,Barat,6.399544553559885,Normal
2022-06-19 02:56:00,-8.078944690417227,112.850039435237,89.6843805161992,115,Tenggara,10.77883884610249,Normal
2022-06-19 05:50:00,-7.93497075793073,112.3280047752014,28.274333882308138,312,Barat Laut,8.265849495406009,Normal
2022-06-19 13:20:00,-8.061064878520511,114.2517761024623,28.274333882308138,298,Barat Laut,7.952800780237071,Normal
2022-06-19 17:40:00,-7.867880253268899,112.2700680883346,94.81792899978662,148,Tenggara,10.22620664275622,Normal
2022-06-20 17:06:00,-8.001591541934657,112.8877422818053,75.41774785194197,159,Selatan,12.99169740417667,Normal
2022-06-21 05:51:00,-8.009521702750686,112.9080494276039,47.73119516363725,168,Selatan,12.20557474456075,Normal
2022-06-21 09:19:00,-8.110366583040145,114.0223542761097,28.274333882308138,119,Tenggara,7.232526743331974,Normal
2022-06-21 22:20:00,-8.09994620505252,112.9124623373759,28.274333882308138,77,Timur,6.049927496740541,Normal
2022-06-22 14:57:00,-8.007218282862334,112.9298468554728,268.8359383594876,179,Selatan,12.57689117787558,Normal
2022-06-23 14:56:00,-8.091519125725263,112.9175025882216,28.274333882308138,196,Selatan,4.833416083344206,Normal
2022-06-24 02:07:00,-8.107567171089498,112.9152463026908,207.71322936528819,73,Timur,6.079333056999076,Normal
2022-06-25 06:58:00,-8.103486537654875,112.9444069791908,66.80458268144785,248,Barat,6.464231522830237,Normal
2022-06-25 18:34:00,-7.949347957883684,112.3034303883766,28.274333882308138,352,Utara,6.703016012684957,Normal
2022-06-26 07:18:00,-8.178450440537416,112.9259960163329,153.03775461916544,352,Utara,10.11968748101557,Normal
2022-06-27 01:05:00,-7.965297581918112,113.0165819090515,72.88152394581975,289,Barat,9.876645957670084,Normal
2022-06-27 14:13:00,-8.070270464861428,112.8782337072164,40.77028670696225,139,Tenggara,9.592032024482094,Normal
2022-06-27 20:23:00,-8.14496012544686,112.8862236863223,42.2192540173059,44,Timur Laut,8.954970475699664,Normal
2022-06-28 02:29:00,-8.06009940972238,114.2493430245477,30.29034138695614,307,Barat Laut,8.079668652027983,Normal
2022-06-28 17:20:00,-8.121484073367833,114.0484297513554,116.15779538257529,246,Barat Daya,5.696111193973004,Normal
2022-06-29 01:50:00,-8.102997226022607,114.0314825042694,28.274333882308138,139,Tenggara,7.74886975600165,Normal
2022-06-29 05:43:00,-7.944359200123174,112.9513665629835,59.2448872053474,204,Barat Daya,10.24907559588913,Normal
2022-06-29 13:01:00,-7.921936864344928,112.2676915710436,113.20846570875091,106,Timur,8.002060191639544,Normal
2022-06-29 13:31:00,-8.117627567678065,114.0694240364623,121.62573244068437,253,Barat,7.137282323253608,Normal
2022-06-30 19:11:00,-7.950923710009596,112.9022815576643,64.4628342373845,82,Timur,8.840871309486703,Normal
2022-06-30 20:22:00,-8.022431453560962,114.2670140202449,275.6184146130736,221,Barat Daya,8.48386328865158,Normal
2022-07-02 14:59:00,-7.935135760969717,112.2920649620595,28.274333882308138,52,Timur Laut,7.677333026472504,Normal
2022-07-02 20:57:00,-8.08158950689447,114.2425090210902,479.58488178750133,333,Barat Laut,7.102894228925473,Normal
2022-07-02 23:41:00,-7.925336968794523,112.3294332196857,28.274333882308138,265,Barat,6.158156623213362,Normal
2022-07-03 02:47:00,-8.062220586677723,113.9930864861457,61.105159706784335,147,Tenggara,10.56303128334596,Normal
2022-07-03 11:34:00,-8.073314841122802,114.0774001507152,74.4126760122685,223,Barat Daya,10.3545531034284,Normal
2022-07-03 16:55:00,-7.945309070306905,112.3216230085198,47.17574459793404,329,Barat Laut,8.096024260495852,Normal
2022-07-04 07:27:00,-8.0652584999848,114.3098600680935,35.834301788948906,275,Barat,10.27381811800879,Normal
2022-07-05 16:11:00,-8.074934001346351,112.8896713143391,70.43324770232063,148,Tenggara,8.56417309424184,Normal
2022-07-05 17:32:00,-8.111216304734137,114.0439778556326,65.48958894260966,232,Barat Daya,6.806041356618347,Normal
2022-07-06 21:13:00,-7.934999412322549,112.9992748021443,137.96280469835375,258,Barat,8.62596751154387,Normal
2022-07-07 01:35:00,-8.138286626120694,112.8893459727551,28.97141738537513,54,Timur Laut,8.804962832730979,Normal
2022-07-07 03:11:00,-7.967371917936134,112.8909671127957,234.43235634037677,71,Timur,10.19291973030898,Normal
2022-07-07 22:51:00,-7.993102102037696,112.3212659107985,327.6811736192293,339,Utara,10.69927667826706,Normal
2022-07-08 02:04:00,-7.968888677346691,112.8886532510823,180.0519665885987,70,Timur,10.35073769912341,Normal
2022-07-09 07:29:00,-8.091132629313288,114.0323493204303,28.274333882308138,148,Tenggara,8.58721805305308,Normal
2022-07-09 13:40:00,-8.172295758502516,114.005992274245,40.569462554950256,35,Timur Laut,9.674472452543602,Normal
2022-07-09 14:58:00,-7.937198360909793,112.3424234886226,243.49996166571208,294,Barat Laut,8.988009180895048,Normal
2022-07-10 02:51:00,-7.988920996717863,112.8798494675856,399.49383098560475,157,Tenggara,13.43498139120049,Normal
2022-07-11 14:51:00,-7.958389786126979,112.3289551919236,274.4262430818598,324,Barat Laut,9.14620341077426,Normal
2022-07-12 05:48:00,-8.088514648711872,114.2015662384524,233.17983398898278,47,Timur Laut,8.53165963451267,Normal
2022-07-12 15:54:00,-7.865432594562226,112.2821787533944,102.49216757229324,161,Selatan,10.76846084851629,Normal
2022-07-14 06:47:00,-7.924382069698084,112.3145871038473,141.5213542703204,324,Barat Laut,7.112993544114051,Normal
2022-07-14 10:26:00,-8.074333955574438,114.0784397330729,123.76658830204468,220,Barat Daya,10.03473698934245,Normal
2022-07-15 02:25:00,-8.132472228995923,114.0440406028739,28.274333882308138,268,Barat,5.037600575390956,Normal
2022-07-15 05:02:00,-8.048541795685614,114.2426953894071,28.274333882308138,176,Selatan,4.90367912218471,Normal
2022-07-15 10:31:00,-8.060042173797532,114.0396759572549,99.05552370095992,180,Selatan,9.589618592180665,Normal
2022-07-15 15:06:00,-8.145695072663505,112.9113153627072,82.34440098605413,18,Utara,7.833062871102564,Normal
2022-07-15 15:49:00,-8.100999908633487,114.2051937733379,145.67048091227957,35,Timur Laut,8.791356907196164,Normal
2022-07-15 19:09:00,-7.964588580319218,112.2766180958661,31.60600557779452,39,Timur Laut,9.573730540022426,Normal
2022-07-16 01:40:00,-7.944424441098173,112.9922065471131,179.35829857943088,272,Barat,7.060429427891506,Normal
2022-07-18 03:42:00,-7.874793761077949,112.2928955205715,626.0886489752851,166,Selatan,9.9405936308518,Normal
2022-07-20 16:19:00,-7.912854285298726,112.3218195848938,108.77338200704226,220,Barat Daya,7.258985267522434,Normal
2022-07-21 00:04:00,-8.116431395494775,114.0329278802909,28.274333882308138,114,Tenggara,6.432701995033701,Normal
2022-07-21 15:51:00,-8.17571438796981,114.0512298430525,28.274333882308138,349,Utara,8.954567207964416,Normal
2022-07-21 17:00:00,-8.096569349746613,112.9115729912918,28.274333882308138,87,Timur,5.985610611660467,Normal
2022-07-21 17:53:00,-8.079048255383215,114.2244582532632,28.274333882308138,9,Utara,5.447019435240616,Normal
2022-07-22 06:51:00,-7.964053953921196,112.9954396243095,91.0237552446787,298,Barat Laut,8.493610675002868,Normal
2022-07-22 09:36:00,-7.859051597637022,112.3590002175513,59.77824316247436,213,Barat Daya,11.28984070970514,Normal
2022-07-23 06:12:00,-7.94030132165171,112.9620164116332,31.70642110221161,216,Barat Daya,9.823391288007148,Normal
2022-07-23 07:03:00,-8.157387929711776,112.9268895850126,133.56589372182899,350,Utara,8.52595022836189,Normal
2022-07-23 13:18:00,-8.126929818469039,114.0893701177976,34.0280704757581,273,Barat,8.63380286724248,Normal
2022-07-23 19:59:00,-8.169403732089737,114.1110941668275,142.09083308196034,300,Barat Laut,10.75711551410543,Normal
2022-07-27 01:57:00,-8.098916605468206,114.0788089419733,56.09758110857209,236,Barat Daya,9.043409896803958,Normal
2022-07-27 18:52:00,-7.939871396053683,112.3621493346762,84.2392322949964,288,Barat,10.1647885245082,Normal
2022-07-27 23:25:00,-8.00295460183536,114.2321785822962,194.70546555247705,178,Selatan,9.09954042350801,Normal
2022-07-29 04:39:00,-8.05096680598716,112.8663529468672,278.0378496311916,137,Tenggara,11.16399516907918,Normal
2022-07-29 11:09:00,-8.118498861242752,112.9091499011303,28.274333882308138,63,Timur Laut,6.229024829540115,Normal
2022-07-29 11:37:00,-8.144036622696254,112.9816894145296,57.87633908527932,299,Barat Laut,10.32970517220668,Normal
2022-07-30 08:08:00,-7.992900611617546,112.2934655158832,359.4888101495656,5,Utara,10.90384787354593,Normal
2022-07-30 10:00:00,-7.910784969069001,112.3036672224124,82.36585354548109,171,Selatan,6.478746440359387,Normal
2022-07-30 10:42:00,-7.956234923304585,112.9425014918082,28.274333882308138,179,Selatan,13.45386281534816,Normal
2022-07-31 00:11:00,-8.091139495699084,112.883768045916,28.274333882308138,121,Tenggara,8.436735252935705,Normal
2022-08-01 09:01:00,-7.868934638725936,112.9303367352396,191.87982378731297,162,Selatan,10.99242209841295,Normal
2022-08-01 19:53:00,-7.953927620832568,112.9700357532791,42.371364654241226,186,Selatan,12.61757329705502,Normal
2022-08-02 05:23:00,-8.04342367955421,112.906377108392,246.40859892521158,168,Selatan,10.00121473983895,Normal
2022-08-02 06:14:00,-8.117361451307481,112.9727989391826,318.8825666149353,278,Barat,8.487481108549003,Normal
2022-08-02 07:27:00,-7.918910755434559,112.2481620553315,97.70444696554043,98,Timur,9.323913399976442,Normal
2022-08-02 18:01:00,-7.90834050262361,112.3412319301635,28.274333882308138,247,Barat Daya,8.236749660175688,Normal
2022-08-03 04:37:00,-7.984089151795017,112.2637072048601,269.66374100078554,35,Timur Laut,10.9044854389009,Normal
2022-08-03 19:56:00,-7.879497798239563,112.2442761486069,380.43798667075237,138,Tenggara,11.19974685381442,Normal
2022-08-05 14:48:00,-8.177663801819964,112.9730918690347,87.7195510926091,323,Barat Laut,11.19160782004516,Normal
2022-08-05 21:36:00,-8.170181557199566,112.9778083073995,116.65789176698931,317,Barat Laut,10.98939836893962,Normal
2022-08-06 00:00:00,-7.996996362540687,114.1717563019548,401.4773021482866,134,Tenggara,11.44599045916997,Normal
2022-08-08 09:30:00,-8.086214851812713,114.0202539210509,158.36798010319714,148,Tenggara,9.113482184147696,Normal
2022-08-09 17:08:00,-8.155137251119788,112.8506161907631,394.1612109080002,61,Timur Laut,11.44756132591863,Normal
2022-08-09 21:20:00,-7.94909800717353,112.3284818558736,28.274333882308138,320,Barat Laut,8.959637420810274,Normal
2022-08-10 02:43:00,-8.057045933088201,114.1918632911181,94.30132254796487,94,Timur,7.919248624839495,Normal
2022-08-10 10:34:00,-8.070855651476757,113.9747804397109,44.84456033308147,133,Tenggara,10.95781802305914,Normal
2022-08-13 06:03:00,-8.084730655806405,114.0398430754537,409.2142737838423,194,Selatan,8.03086877034664,Normal
2022-08-14 09:26:00,-7.917574151338895,113.0220523260137,28.274333882308138,254,Barat,10.27246029998159,Normal
2022-08-14 14:30:00,-8.126031294874663,112.9087706092405,85.57852101908644,47,Timur Laut,7.655907284432682,Normal
2022-08-14 15:49:00,-8.108671293706637,112.9309584983094,374.1264333778672,351,Utara,10.15971251571282,Normal
2022-08-14 20:10:00,-7.98723910009701,112.9283147758908,183.74263830468803,178,Selatan,13.52088874533341,Normal
2022-08-15 09:35:00,-8.010386222332556,112.927772597011,36.58960131214051,178,Selatan,12.2557015815721,Normal
2022-08-15 17:50:00,-8.097124968019871,112.9147156226993,57.92859499930328,87,Timur,5.791893948586367,Normal
2022-08-17 06:09:00,-8.125019625269005,114.0528192677192,28.274333882308138,257,Barat,5.711453713571059,Normal
2022-08-18 03:06:00,-8.199811892995513,114.090670518937,233.72172812262752,325,Barat Laut,11.73292540339534,Normal
2022-08-18 16:06:00,-8.128929213526801,114.0502645764166,28.274333882308138,262,Barat,5.547085151801347,Normal
2022-08-18 17:09:00,-8.137597858248776,114.0027311574262,301.02739650105354,75,Timur,7.610813901696647,Normal
2022-08-18 19:44:00,-8.10121849981207,114.2705997284793,175.74346421302008,315,Barat Laut,9.09296143726014,Normal
2022-08-18 19:56:00,-8.124541316007518,114.0303179894498,176.11334963027488,108,Timur,6.360836463939817,Normal
2022-08-19 18:15:00,-8.053261801560001,114.2261064092937,138.10849352739612,142,Tenggara,6.211472295725619,Normal
2022-08-19 18:50:00,-7.92480970397262,112.9342631103027,85.33740592509461,145,Tenggara,7.920165476093355,Normal
2022-08-20 09:41:00,-8.093377630499196,113.9980584376815,315.3779992060986,126,Tenggara,9.469809572051545,Normal
2022-08-20 19:47:00,-7.951046985957273,113.0182071949095,84.70071493608052,281,Barat,9.231086651877343,Normal
2022-08-20 21:50:00,-8.09682600273255,112.971599389014,246.48003769709814,254,Barat,8.779744124961889,Normal
2022-08-21 14:54:00,-7.932363962057848,112.368924563441,37.53697148287101,283,Barat,10.65887032780009,Normal
2022-08-22 17:07:00,-8.095027260376126,114.2626548428565,103.88086008216483,317,Barat Laut,8.732719037390854,Normal
2022-08-23 10:16:00,-7.935759847038062,112.322403559174,69.08236637304323,318,Barat Laut,7.642898388862832,Normal
2022-08-24 03:35:00,-8.138955700027742,114.0207801494476,58.93818974951174,54,Timur Laut,6.563634020576488,Normal
2022-08-24 12:21:00,-8.129357992528703,114.0287766371204,43.22133570399126,70,Timur,5.90814973650458,Normal
2022-08-24 21:19:00,-8.092105167566435,112.8951640982044,261.8020929494052,132,Tenggara,7.362528273740768,Normal
2022-08-26 16:41:00,-8.17841878115968,114.1043535845056,305.685681584699,312,Barat Laut,10.8962958523554,Normal
2022-08-27 11:34:00,-8.147178297465489,114.0921323191159,37.68113760322533,292,Barat,9.219167732492558,Normal
2022-08-27 17:29:00,-8.152194909173295,112.9456700902269,59.69822283516921,321,Barat Laut,8.830778180901538,Normal
2022-08-28 10:42:00,-7.870420004616254,113.0082995784332,28.274333882308138,209,Barat Daya,11.79806609119487,Normal
2022-08-30 02:30:00,-8.045404576916992,114.231020198532,99.19448777029852,152,Tenggara,6.665775528267996,Normal
2022-08-30 07:19:00,-8.101474590542788,114.1746311040341,69.38191313971527,58,Timur Laut,10.41840700628817,Normal
2022-08-30 14:11:00,-8.092520136656216,112.9351243128617,28.274333882308138,220,Barat Daya,6.427661466430722,Normal
2022-08-31 09:11:00,-7.945561844139468,112.9537081003802,28.274333882308138,213,Barat Daya,9.7906867781677,Normal
2022-08-31 11:15:00,-8.105094648352521,114.1083084236129,39.93079631271331,260,Barat,10.39704258920306,Normal
2022-08-31 18:30:00,-7.939899793010179,112.9661919567065,79.31344387431487,227,Barat Daya,8.614224733819372,Normal
2022-08-31 23:21:00,-7.927625571676802,112.3097886644732,303.07345138637044,328,Barat Laut,6.654864828756297,Normal
2022-09-01 12:54:00,-7.914582772778076,112.2972084053225,126.59660749806801,166,Selatan,6.396733669252511,Normal
2022-09-01 14:37:00,-8.103611631905009,114.0559746660739,28.274333882308138,230,Barat Daya,7.894936842724965,Normal
2022-09-02 16:32:00,-8.126636829145875,114.0273022734141,88.45675508753177,77,Timur,5.594536352952918,Normal
2022-09-03 05:39:00,-7.969075940458017,112.9019390962545,288.5576361877197,66,Timur Laut,9.285858281702982,Normal
2022-09-03 09:42:00,-8.037398223899373,114.2723186963029,151.5561957418139,238,Barat Daya,8.221913477044763,Normal
2022-09-03 18:57:00,-7.886133179963217,112.9584773200781,293.80218659039684,181,Selatan,9.50308953909151,Normal
2022-09-05 11:59:00,-8.132297152241305,114.0373287993069,28.274333882308138,265,Barat,4.578901693695205,Normal
2022-09-05 21:44:00,-7.908689697605761,112.3351883400021,265.24439623761236,238,Barat Daya,8.33246692913038,Normal
2022-09-06 18:50:00,-8.153370871948999,112.9536839000561,32.984097926846445,316,Barat Laut,9.293139304601052,Normal
2022-09-07 01:33:00,-8.092436600566987,114.1705171624073,78.68209152841567,65,Timur Laut,10.39977367424392,Normal
2022-09-08 03:25:00,-8.103093145457777,112.9198261310507,66.35838030123551,74,Timur,5.483756855379887,Normal
2022-09-08 17:25:00,-8.153813750024572,112.8775553723563,41.10644473325884,49,Timur Laut,10.14658280685351,Normal
2022-09-09 01:19:00,-8.118542077749213,114.3026412469616,350.2200868363564,311,Barat Laut,11.42862899308429,Normal
2022-09-11 03:46:00,-7.936549112329679,112.9322861660592,34.764013878982844,133,Tenggara,7.039416203172893,Normal
2022-09-11 03:49:00,-7.870628696602679,112.2819913976342,72.6449157240686,158,Selatan,10.35445386940765,Normal
2022-09-11 05:33:00,-8.094391207937633,112.9006105510407,28.274333882308138,95,Timur,6.962707241874154,Normal
2022-09-12 09:20:00,-8.108108072616927,114.0478629544696,66.5659794032931,235,Barat Daya,7.45942293627695,Normal
2022-09-13 00:43:00,-8.179155835735658,114.0866218885561,330.90856008687877,325,Barat Laut,10.51907011498237,Normal
2022-09-13 07:09:00,-8.064423680314356,114.043546263203,201.98593927313547,180,Selatan,9.293085596559617,Normal
2022-09-13 08:26:00,-7.994216989665819,114.1991440551696,253.63490610478948,146,Tenggara,10.42914112537705,Normal
2022-09-13 11:45:00,-7.903345720611006,112.3776631216812,384.1380573143636,253,Barat,10.86178522758513,Normal
2022-09-13 14:14:00,-7.924848567368428,113.0107484509235,66.80119630851831,255,Barat,9.469571676428453,Normal
2022-09-14 05:31:00,-7.921468827718813,112.951311115038,28.274333882308138,196,Selatan,8.204834110510328,Normal
2022-09-15 06:59:00,-7.982364326591037,112.3413739014093,327.4358193757577,325,Barat Laut,10.84445659022348,Normal
2022-09-15 09:18:00,-7.948943391187611,112.329869523845,34.777323218974836,320,Barat Laut,8.990829702288961,Normal
2022-09-16 02:11:00,-8.090343867032532,114.2423227503786,271.67957861591293,336,Barat Laut,7.796660641401622,Normal
2022-09-17 04:14:00,-8.04902204440574,114.2238913721746,31.405695898745037,144,Tenggara,6.591683387388608,Normal
2022-09-17 20:31:00,-8.066639833226299,114.2393860996466,123.67989275453222,312,Barat Laut,7.227583975587597,Normal
2022-09-18 15:58:00,-8.077297109653422,114.2288738696962,124.55808638742002,357,Utara,5.48755839746627,Normal
2022-09-18 18:05:00,-7.883442942875972,112.967684257559,145.32434637328365,191,Selatan,10.09975824922535,Normal
2022-09-18 22:58:00,-7.891986321389905,112.3645012818889,47.839864078934184,240,Barat Daya,10.5950306725252,Normal
2022-09-19 00:30:00,-8.04773869110053,112.9195067577013,271.6136232023322,22,Utara,12.81658643255315,Normal
2022-09-19 14:18:00,-8.06034190914911,114.2289515520057,189.9988631021109,135,Tenggara,5.841282888152422,Normal
2022-09-20 16:37:00,-7.879732321317551,112.2819116038522,496.89313858312414,158,Selatan,9.863568552966685,Normal
2022-09-21 18:29:00,-7.998923325078577,112.2567807692791,100.38186194259684,31,Timur Laut,11.78119241425096,Normal
2022-09-21 19:10:00,-7.92961647955294,112.943501465718,28.274333882308138,165,Selatan,7.800844680033041,Normal
2022-09-21 22:38:00,-7.94044927835537,112.3453890990046,28.335834935011224,295,Barat Laut,9.283897660383413,Normal
2022-09-22 16:40:00,-7.883733370203103,112.2836958436999,75.82559692569085,158,Selatan,9.576648176907078,Normal
2022-09-23 12:20:00,-8.072571182920463,112.9246285691513,282.00602803016864,190,Selatan,6.946961794966242,Normal
2022-09-24 03:45:00,-7.983455069142816,112.2556303011265,97.6505282860567,37,Timur Laut,11.14413569687604,Normal
2022-09-24 04:29:00,-8.079576202545745,112.9758304402993,69.03992078939602,240,Barat Daya,9.28200927591324,Normal
2022-09-24 04:31:00,-8.002278265477655,112.8841178229278,158.28803359805556,157,Tenggara,13.10652096068441,Normal
2022-09-24 23:09:00,-8.009698062210962,112.8831607153387,208.1029060690989,157,Tenggara,12.63514332610587,Normal
2022-09-25 01:38:00,-8.100834585917342,112.904878263463,153.0129757125608,79,Timur,6.560872685726983,Normal
2022-09-25 05:37:00,-7.878636641744102,112.9144444028903,44.02827903958216,146,Tenggara,10.80460065553919,Normal
2022-09-25 08:22:00,-7.998796951410579,112.9185025824891,173.93940827532674,174,Selatan,12.91624316240255,Normal
2022-09-25 18:11:00,-8.126977198878429,112.9138191987842,50.35830799219764,44,Timur Laut,7.862694743708897,Normal
2022-09-26 09:16:00,-7.922010358980248,112.3293638470956,28.274333882308138,258,Barat,6.321800177929292,Normal
2022-09-26 18:22:00,-8.113635995765254,112.9154718093142,60.49127954475465,67,Timur Laut,5.758201844074389,Normal
2022-09-26 21:50:00,-8.161833074105,112.9791902534413,133.0389783167498,312,Barat Laut,10.75790798582771,Normal
2022-09-27 08:59:00,-8.12052068206648,114.2641791674071,36.75649151217046,338,Utara,9.836519003821444,Normal
2022-09-27 15:46:00,-7.936707249502628,112.9648381804317,127.13095488489374,217,Barat Daya,9.36789904978373,Normal
2022-09-28 13:21:00,-7.923390391156519,112.3067147393035,167.57045245705322,178,Selatan,6.123712685962649,Normal
2022-09-28 23:20:00,-8.047036225983888,112.9209943137974,190.42371366948308,179,Selatan,9.49063913552043,Normal
2022-09-29 14:05:00,-8.188356289583284,114.0657108755384,213.87229130386865,341,Utara,10.42153852669978,Normal
2022-09-30 00:23:00,-8.104436466744449,114.0526299919243,64.84700314856086,226,Barat Daya,7.493364740788554,Normal
2022-09-30 19:39:00,-8.009140832622963,114.1812790104475,31.775943850207018,129,Tenggara,10.64418701564678,Normal
2022-10-02 10:07:00,-8.045595230508807,114.2080836608827,312.96034221235715,126,Tenggara,7.543838062638347,Normal
2022-10-02 21:18:00,-8.003837694925195,112.9348997433124,61.086865044902524,182,Selatan,12.84174281312306,Normal
2022-10-03 01:38:00,-7.972056007868172,112.2964058616427,176.62316367800304,4,Utara,8.513039727077127,Normal
2022-10-05 06:43:00,-8.130804412010754,114.0641363771669,185.82309006659378,270,Barat,6.626563213805342,Normal
2022-10-05 07:42:00,-7.953120543989471,112.9306802578316,72.8689099743523,63,Timur Laut,6.854483250325318,Normal
2022-10-05 08:56:00,-7.885866609616146,112.9650242144303,205.98774733403812,189,Selatan,9.680626490348633,Normal
2022-10-05 17:27:00,-8.109960666189982,114.0703534888758,395.57034457800927,242,Barat Daya,8.269127450081323,Normal
2022-10-06 12:36:00,-7.974521101312773,113.0135680972796,118.75825300556808,296,Barat Laut,9.749903164684712,Normal
2022-10-07 06:27:00,-7.861608841845664,112.3284014357798,139.4414656184373,193,Selatan,10.95649664054863,Normal
2022-10-08 12:13:00,-7.941284632866044,112.9418820184221,72.45628331980754,200,Selatan,11.45766606515325,Normal
2022-10-10 00:20:00,-8.058897114579047,114.2336579152858,52.08169355512556,139,Tenggara,5.931056903145668,Normal
2022-10-10 22:32:00,-8.0869727131044,112.9488330641774,28.274333882308138,230,Barat Daya,7.562463446862965,Normal
2022-10-11 06:50:00,-8.042215094401644,112.9837314239681,140.40606947265704,217,Barat Daya,11.2571298770213,Normal
2022-10-12 02:13:00,-8.076293102586659,114.2488473489288,412.5333458021054,314,Barat Laut,7.537297243320893,Normal
2022-10-12 05:59:00,-7.890513580081887,112.9643536042703,121.41364790507613,186,Selatan,9.163398884453319,Normal
2022-10-12 07:47:00,-8.079779462188618,113.9937726831032,399.15673018598204,132,Tenggara,10.16245886578942,Normal
2022-10-13 17:16:00,-7.936143887003999,112.9029678460786,28.274333882308138,98,Timur,8.853809363484359,Normal
2022-10-13 17:47:00,-8.116973790511711,112.9163286074816,93.50868309568718,56,Timur Laut,6.849274671305568,Normal
2022-10-14 14:32:00,-8.110809881148322,114.2643500987013,264.1802411784024,333,Barat Laut,9.246285827282762,Normal
2022-10-15 12:21:00,-7.900538257138138,112.2788685227812,151.44914279519352,142,Tenggara,8.380727089386673,Normal
2022-10-17 16:26:00,-7.94971778391883,112.3283157352823,115.04054252477944,320,Barat Laut,8.87463546195625,Normal
2022-10-17 21:38:00,-8.065189993375833,112.9756686102681,28.33470501802561,224,Barat Daya,9.879005478536373,Normal
2022-10-17 22:25:00,-8.167472997947385,112.8530095495366,28.274333882308138,51,Timur Laut,11.83471264463045,Normal
2022-10-18 20:43:00,-8.090809008400726,112.9232600563515,33.55843156963614,201,Selatan,5.502473301096733,Normal
2022-10-19 14:08:00,-8.125155362521882,113.9955150817457,32.630563936090255,99,Timur,8.03456936338762,Normal
2022-10-20 05:04:00,-7.914720079490915,112.3071592301241,28.274333882308138,182,Selatan,6.031597208538838,Normal
2022-10-20 16:23:00,-8.101429208379397,112.8569357391927,139.38347427905816,102,Timur,10.12434907054297,Normal
2022-10-21 01:45:00,-7.906880854337232,112.2758942092543,76.85306223829836,133,Tenggara,8.461663023778202,Normal
2022-10-22 11:14:00,-8.122570786398821,114.2446866979007,51.874236633969346,356,Utara,9.57586764221967,Normal
2022-10-23 05:41:00,-8.043656145083402,114.309981856797,109.75894081420107,256,Barat,10.58199792701624,Normal
2022-10-23 12:01:00,-7.915910872880099,112.3148904566563,28.274333882308138,214,Barat Daya,6.390402260921011,Normal
2022-10-23 23:52:00,-8.142107506692255,114.0803560533978,188.51520009124997,286,Barat,8.443173826481068,Normal
2022-10-24 01:29:00,-8.121155160418517,114.0561073620366,221.21816605759017,248,Barat,6.443168834869235,Normal
2022-10-24 10:02:00,-8.067906799257946,114.0812068707187,33.02202388847892,223,Barat Daya,10.64406997706904,Normal
2022-10-24 15:24:00,-7.921503962313334,112.3060490079678,109.21330626333953,185,Selatan,6.0009753604047,Normal
2022-10-25 03:25:00,-8.152981364099514,112.8944518004728,172.27988156796187,34,Timur Laut,8.970852344198617,Normal
2022-10-26 03:57:00,-8.120793887885586,112.9222441343834,28.274333882308138,45,Timur Laut,7.834086994869073,Normal
2022-10-27 02:13:00,-7.95078845839812,112.347568368999,209.38624638013192,304,Barat Laut,10.06103352647131,Normal
2022-10-27 17:54:00,-7.893606263718017,113.0073045563935,100.38186194259684,224,Barat Daya,10.39599947819856,Normal
2022-10-28 04:42:00,-7.96173750920122,112.3387032288714,215.32722106129677,314,Barat Laut,9.726781093414775,Normal
2022-10-28 14:06:00,-7.902126071574,112.3189471343173,136.2016868611515,203,Barat Daya,7.999604274079989,Normal
2022-10-28 20:11:00,-8.089423841867532,112.9286179188242,360.088002437556,210,Barat Daya,6.254087730355749,Normal
2022-10-28 22:20:00,-8.101825741580274,114.0298962518943,45.77176303095592,138,Tenggara,7.890333971415245,Normal
2022-10-30 21:35:00,-8.161619460961075,112.9794226935545,46.738832590868746,312,Barat Laut,10.75802265184596,Normal
2022-10-31 01:24:00,-7.935403511003121,112.298049544251,28.274333882308138,44,Timur Laut,7.565999161988904,Normal
2022-11-01 03:09:00,-7.935504592414176,112.9528861897165,28.274333882308138,210,Barat Daya,9.117173895126419,Normal
2022-11-01 11:38:00,-8.117052597452492,114.0533954225801,58.38493304439996,240,Barat Daya,6.733535859032955,Normal
2022-11-01 22:36:00,-7.877175259824345,113.0042268670792,53.599568791549444,208,Barat Daya,11.16935222473227,Normal
2022-11-01 22:58:00,-8.065541532886488,112.8593202766717,38.0591092903947,128,Tenggara,10.83163755445825,Normal
2022-11-02 00:39:00,-7.881431340988989,112.3316822590972,150.30462109432602,201,Selatan,10.06195606826289,Normal
2022-11-02 05:55:00,-7.90078230546335,112.8938020982786,160.91060772357562,122,Tenggara,10.80323328927685,Normal
2022-11-02 06:12:00,-7.984359362288981,112.9520439859276,216.81412844460243,184,Selatan,13.57934341206614,Normal
2022-11-02 11:54:00,-7.929452387323348,112.9440761338204,28.274333882308138,169,Selatan,7.610522144110922,Normal
2022-11-03 08:49:00,-8.079135270271653,114.2218270576321,136.4786099313643,28,Timur Laut,6.360898083168075,Normal
2022-11-03 11:31:00,-7.899727177962903,112.8918681499543,50.86239035827057,123,Tenggara,10.93244827572537,Normal
2022-11-03 14:05:00,-8.10597548678905,112.9374180560438,123.44708365855053,251,Barat,5.440871264148514,Normal
2022-11-04 05:19:00,-8.115549121861777,114.0741115353676,115.46956350536303,254,Barat,7.572655488513007,Normal
2022-11-06 21:47:00,-8.060757472991952,112.8944085830006,473.901870262527,157,Tenggara,9.358322152716294,Normal
2022-11-07 05:51:00,-8.13114692389815,112.9035975786973,28.274333882308138,48,Timur Laut,8.003139132624131,Normal
2022-11-07 17:28:00,-7.931266766346668,112.9322956785745,28.274333882308138,133,Tenggara,7.354493987953498,Normal
2022-11-07 23:32:00,-8.11071620643595,112.9265391363264,152.8612742385047,351,Utara,10.12804141974258,Normal
2022-11-08 11:40:00,-8.01289979034584,114.2270579151652,67.8006259951197,171,Selatan,8.198841332789286,Normal
2022-11-08 11:48:00,-8.070935203625691,114.2264665049659,28.274333882308138,359,Utara,5.010954235846688,Normal
2022-11-08 12:53:00,-7.918288466800367,112.3189623747089,28.274333882308138,221,Barat Daya,6.650001383942781,Normal
2022-11-09 02:06:00,-8.18196783965189,113.9736532207642,32.28680869246652,47,Timur Laut,11.4555155523058,Normal
2022-11-09 03:06:00,-8.102253715068072,114.022504571342,36.33457751183346,130,Tenggara,7.963211820109676,Normal
2022-11-09 04:35:00,-8.169048628337974,112.8850378491462,214.2906847018885,36,Timur Laut,10.68147682168713,Normal
2022-11-09 21:21:00,-8.102013415378096,112.980625825374,32.31179508845517,264,Barat,8.939060892736103,Normal
2022-11-09 22:42:00,-8.079993558505812,114.2516426247713,33.71218856656926,317,Barat Laut,7.248027309800937,Normal
2022-11-09 23:34:00,-7.920552714165222,112.3001400150644,229.0942971699322,165,Selatan,5.952539161023323,Normal
2022-11-10 01:28:00,-8.187283210113764,114.0517516686566,31.92411863394505,351,Utara,9.889076841045924,Normal
2022-11-10 17:08:00,-8.114019876998855,114.0473049388875,35.136111122266854,241,Barat Daya,6.725973737122445,Normal
2022-11-10 17:55:00,-8.13193327164219,114.0575897605576,28.274333882308138,271,Barat,6.042961079465806,Normal
2022-11-10 23:18:00,-8.14680699338719,112.9806221043369,28.274333882308138,301,Barat Laut,10.39075176416986,Normal
2022-11-11 22:46:00,-7.990430514287084,112.9426931005254,60.65171110923918,184,Selatan,13.61578358387798,Normal
2022-11-12 13:19:00,-8.139753771002612,114.0956315070495,83.44638650123302,284,Barat,9.405286310255176,Normal
2022-11-12 19:18:00,-8.107953463374733,114.1999741141021,92.97488839689574,36,Timur Laut,9.351576614084198,Normal
2022-11-12 20:55:00,-8.19332060142468,114.1040439776913,247.13092689479384,316,Barat Laut,12.00199449081818,Normal
2022-11-12 23:32:00,-7.935957170869551,112.3150062720951,28.274333882308138,326,Barat Laut,7.139142064774093,Normal
2022-11-15 03:54:00,-8.1211543112609,114.1066390272027,306.9824009841258,272,Barat,10.44648946572115,Normal
2022-11-15 11:40:00,-8.117985224192092,112.9311039228238,38.30803981450752,345,Utara,9.408403023755215,Normal
2022-11-15 14:09:00,-7.929382061246758,112.3733075246096,212.08227456992353,280,Barat,11.11464570192286,Normal
2022-11-16 13:32:00,-8.026826222727497,114.3055248960509,37.314510800426035,243,Barat Daya,10.67353289843477,Normal
2022-11-17 07:34:00,-8.024923812591537,114.2168237599789,460.98196301877726,156,Tenggara,7.813616899927894,Normal
2022-11-19 07:51:00,-8.104272399521797,112.9039177430258,37.165754692046455,86,Timur,6.592278257670698,Normal
2022-11-20 01:46:00,-7.860283064033217,112.354036927631,443.97413227182426,210,Barat Daya,11.10433706064199,Normal
2022-11-20 11:28:00,-8.17717944034121,114.0121011383435,58.85755894621117,31,Timur Laut,9.706418469488009,Normal
2022-11-20 11:39:00,-8.124670540093032,112.9138574454021,31.818849082240824,48,Timur Laut,7.304021653257946,Normal
2022-11-22 21:20:00,-8.108541985080299,114.2474939149075,198.88191413554665,351,Utara,8.22254889938366,Normal
2022-11-23 20:44:00,-7.86563852895318,112.3691903814582,187.37515401264426,231,Barat Daya,11.43577502780814,Normal
2022-11-24 05:16:00,-7.869554260797477,113.0058840584318,69.04316002738747,208,Barat Daya,11.71486496951215,Normal
2022-11-24 14:13:00,-8.099627658005607,112.9210164430378,28.274333882308138,79,Timur,5.207491757861036,Normal
2022-11-24 15:16:00,-8.12246634880864,112.9202108780856,28.274333882308138,49,Timur Laut,7.160418915879091,Normal
2022-11-25 02:48:00,-8.124665354875678,114.0696441315417,28.274333882308138,264,Barat,7.025047954272318,Normal
2022-11-25 03:24:00,-8.160814178768735,112.8811450726763,140.37724093465505,41,Timur Laut,10.36000163663583,Normal
2022-11-27 08:30:00,-7.884235469610237,112.9505565615559,282.1801163011248,181,Selatan,9.770313522394185,Normal
2022-11-27 09:05:00,-8.103457549038959,114.0001261885584,146.74319176765763,119,Tenggara,8.954497003477417,Normal
2022-11-27 10:59:00,-7.944383811796463,112.3799737650861,205.88447745678133,286,Barat,11.31610075732389,Normal
2022-11-27 11:07:00,-8.120367480033382,114.2513146168687,91.09682437013961,349,Utara,9.408873823893298,Normal
2022-11-27 13:39:00,-8.138418442032208,113.9817200242912,280.1376928069849,79,Timur,9.292890520676073,Normal
2022-11-28 04:18:00,-7.891893065683884,112.8797505288383,28.274333882308138,125,Tenggara,11.92883884181473,Normal
2022-11-28 14:55:00,-8.110449874575403,114.2814598583423,77.8321163114556,317,Barat Laut,9.988768103929717,Normal
2022-11-28 17:13:00,-8.135724332353854,114.0507092466919,52.790010673478044,277,Barat,5.370621566597759,Normal
2022-11-29 00:56:00,-8.123573326552599,114.0234856837008,28.274333882308138,129,Tenggara,6.700809468895685,Normal
2022-11-29 06:06:00,-8.140956117705523,113.9911505413963,28.274333882308138,72,Timur,8.63507684294605,Normal
2022-11-29 07:00:00,-8.034766600271341,114.248138655177,50.955223967962745,219,Barat Daya,7.022108820544753,Normal
2022-11-29 11:23:00,-8.10842047459957,114.3067442783609,65.45946195064492,308,Barat Laut,11.4542951128641,Normal
2022-11-30 23:14:00,-7.952835833623189,112.8932600308217,178.7623566241261,83,Timur,9.707123725181276,Normal
2022-12-01 02:39:00,-7.946245327009402,112.9595738820773,144.16395386829956,209,Barat Daya,10.72973784191262,Normal
2022-12-01 09:16:00,-7.932298449846623,112.2979928695729,57.15341589622683,55,Timur Laut,7.302700924478254,Normal
2022-12-02 10:24:00,-8.0059173123319,112.9073819890463,55.913312129295996,167,Selatan,12.35102813428966,Normal
2022-12-02 12:54:00,-8.075977339305965,114.2282243627416,28.274333882308138,357,Utara,5.433127641519445,Normal
2022-12-03 11:38:00,-8.161257044093702,112.8668213418293,28.274333882308138,48,Timur Laut,11.15565091061787,Normal
2022-12-03 13:01:00,-7.979530469241193,112.2590880749865,99.9310527565263,40,Timur Laut,10.76354672458278,Normal
2022-12-05 11:48:00,-8.010360375098834,114.2321125926052,104.2459411248569,177,Selatan,8.277882987410228,Normal
2022-12-05 12:11:00,-8.141732252021846,113.9927001308411,28.35437568018122,71,Timur,8.48160544167492,Normal
2022-12-06 09:20:00,-7.914666619357855,112.9723418998253,55.4088573841154,216,Barat Daya,8.878653349362883,Normal
2022-12-07 08:40:00,-8.107668919234092,114.0295253996061,36.892872347732244,132,Tenggara,7.45158885890263,Normal
2022-12-07 17:01:00,-7.864903823118958,112.3767159004205,41.39182496691487,233,Barat Daya,11.64678029217892,Normal
2022-12-07 23:21:00,-7.935782256217968,112.3288526196673,63.66055642774027,312,Barat Laut,8.385977748759387,Normal
2022-12-08 13:29:00,-7.922658763934797,112.9668662460881,34.8752579351089,213,Barat Daya,8.347774273226285,Normal
2022-12-09 14:21:00,-7.990836427963495,112.8846342966832,376.0478985567083,158,Selatan,13.59729800616616,Normal
2022-12-11 03:11:00,-8.07723369596493,114.2380817965378,96.70491918405527,334,Barat Laut,7.361999112221095,Normal
2022-12-11 19:00:00,-7.939022342498498,113.0037961814771,109.33584031075935,261,Barat,8.978001154699383,Normal
2022-12-12 02:43:00,-8.195214071525887,114.007707726198,187.9543628622053,25,Timur Laut,10.93905937282157,Normal
2022-12-12 18:03:00,-7.929116069076243,112.3136893990525,114.1659765724608,325,Barat Laut,7.160119340978239,Normal
2022-12-12 20:31:00,-7.928824120921118,112.9317910738541,28.274333882308138,136,Tenggara,7.177062735955622,Normal
2022-12-13 01:11:00,-8.13200422972082,114.0352283305678,564.2391028366337,63,Timur Laut,5.657907626475803,Normal
2022-12-13 23:03:00,-7.990837610078869,114.2034229416455,30.271074960326736,150,Tenggara,10.52261776186129,Normal
2022-12-14 23:17:00,-8.111676742810255,114.1795428853535,42.18266870453081,51,Timur Laut,10.55665921495184,Normal
2022-12-15 00:27:00,-8.116812755931868,114.051960260017,31.103302344914365,242,Barat Daya,6.764068575674802,Normal
2022-12-15 20:19:00,-8.17799702562909,112.9781728850939,310.21728357744325,321,Barat Laut,11.27378432046689,Normal
2022-12-16 06:52:00,-8.085473973036196,112.9830150483917,29.244710242297884,251,Barat,9.447097741388923,Normal
2022-12-17 11:59:00,-7.969019392441977,112.319758518514,431.16332562738876,339,Utara,9.331183590707772,Normal
2022-12-17 12:19:00,-8.05719292550835,112.8846537386929,78.5165713810759,141,Tenggara,10.1575281466201,Normal
2022-12-17 13:35:00,-8.054392941748072,112.9668315390026,45.28787275671216,218,Barat Daya,10.12506631199257,Normal
2022-12-17 14:40:00,-8.150728270695263,114.1113258305063,158.36358644770493,288,Barat,10.83020631589262,Normal
2022-12-17 21:23:00,-8.152362455965262,112.9605198234528,61.123313083121346,312,Barat Laut,9.416239222799348,Normal
2022-12-18 01:22:00,-8.156610627784293,112.9064919990321,54.62194418084736,17,Utara,8.648339436888724,Normal
2022-12-18 01:46:00,-7.941951060576068,112.9692548961832,28.761401863698648,234,Barat Daya,8.559215417560289,Normal
2022-12-20 14:51:00,-7.888269173331378,112.3244600727147,63.03601519318055,197,Selatan,9.053286428161805,Normal
2022-12-21 05:50:00,-7.936879583782253,112.9604487393465,28.274333882308138,214,Barat Daya,9.507279610572047,Normal
2022-12-21 09:19:00,-8.066347934740596,114.2327668222108,697.1158756830832,331,Barat Laut,7.284426989421121,Normal
2022-12-21 09:32:00,-8.04520323357718,114.2504364293111,53.9490649617627,232,Barat Daya,6.58648846958878,Normal
2022-12-22 15:48:00,-8.084687061148209,114.2707420923038,144.87788185017723,305,Barat Laut,8.835241603570953,Normal
2022-12-23 02:48:00,-8.059843818025794,114.2933151938012,296.6664741045597,264,Barat,8.924551348530416,Normal
2022-12-23 15:37:00,-8.052665159671639,112.8533254039449,144.63753902922065,130,Tenggara,11.55928768477626,Normal
2022-12-23 22:55:00,-7.914596592457943,113.0010542273865,28.274333882308138,239,Barat Daya,9.695941349844215,Normal
2022-12-24 00:51:00,-7.961772272389719,112.3075213499101,91.49113674136888,349,Utara,7.651645408231019,Normal
2022-12-24 09:14:00,-8.062170593597271,114.2864570895154,292.0340603944084,267,Barat,8.203695124468902,Normal
2022-12-25 07:43:00,-8.200434687869832,114.01238539379,312.25380940890784,22,Utara,11.15782133458903,Normal
2022-12-25 16:43:00,-7.863529530678292,112.2447161187513,615.1699762550469,137,Tenggara,11.37587187170202,Normal
2022-12-25 17:46:00,-8.005799811976894,112.9504384266205,75.04603405199161,189,Selatan,12.68055684848367,Normal
2022-12-26 00:54:00,-8.08246301775853,112.8726549906327,58.45029596118132,128,Tenggara,9.349735785665828,Normal
2022-12-26 08:11:00,-8.132271730502964,114.0244370428504,46.96064056912248,75,Timur,5.71393458978558,Normal
2022-12-27 11:44:00,-7.87925594506626,112.3212866050442,98.43332620392623,194,Selatan,9.768721167928485,Normal
2022-12-28 15:13:00,-8.11766209827469,112.9481726654465,28.274333882308138,273,Barat,5.76208161970855,Normal
2022-12-29 13:33:00,-8.027597806863978,114.2060597677773,136.76040682151157,137,Tenggara,8.65512500553777,Normal
2022-12-29 21:48:00,-7.878120527296293,112.8998450255178,28.274333882308138,137,Tenggara,11.55415979103871,Normal
2022-12-30 01:08:00,-7.951346082211142,112.9624151121951,28.274333882308138,172,Selatan,11.80511696180277,Normal
2022-12-30 16:40:00,-7.975208220891299,112.3051497317104,404.4194485704354,357,Utara,8.85768190903432,Normal
2022-12-30 18:34:00,-8.196921154037401,114.0526751866695,69.48685178824212,349,Utara,10.77271252427303,Normal
2022-12-31 22:36:00,-7.921037226607004,112.2969335690573,119.33181945379664,160,Selatan,5.984850491806133,Normal
2023-01-01 01:41:00,-8.062805930203682,114.2334565264673,30.59694785846095,130,Tenggara,5.452943645746149,Normal
2023-01-01 20:33:00,-7.933097997868748,112.3045871595133,228.45540500016745,349,Utara,5.539373975104324,Normal
2023-01-02 10:01:00,-7.961737589078757,112.3227400106372,204.28349214056652,327,Barat Laut,9.065195126355405,Normal
2023-01-02 12:56:00,-7.967316261632204,112.9156216941466,193.6400044152858,61,Timur Laut,8.446608361982918,Normal
2023-01-02 18:11:00,-8.080182448284257,113.9967946239974,28.274333882308138,134,Tenggara,9.859271883398526,Normal
2023-01-02 19:44:00,-8.144631038988072,112.9857949508013,129.8920854226483,300,Barat Laut,10.44949372572594,Normal
2023-01-03 03:47:00,-8.040347945099462,114.2357970636804,52.88677003236507,167,Selatan,6.055927587835582,Normal
2023-01-03 15:55:00,-8.069902776836065,114.2482775476614,111.55776309769006,301,Barat Laut,7.499454644867603,Normal
2023-01-03 17:31:00,-8.125102711609278,112.9074389965364,136.7891038346629,49,Timur Laut,7.541763861922989,Normal
2023-01-04 14:32:00,-8.079438271716592,113.9956030945789,45.71534941080493,134,Tenggara,10.01373958651964,Normal
2023-01-05 09:05:00,-7.939570036555462,112.9548927790628,31.27019365619284,204,Barat Daya,9.909553871415682,Normal
2023-01-05 12:01:00,-7.923955189158407,112.9675009307056,50.66627270356065,213,Barat Daya,8.199207466381162,Normal
2023-01-05 14:06:00,-8.13952990467762,114.0987329891958,28.274333882308138,285,Barat,9.695923695252933,Normal
2023-01-06 19:36:00,-7.935361500969635,112.9612523425547,35.063056037202124,214,Barat Daya,9.632850497455259,Normal
2023-01-07 19:05:00,-8.071178902009141,114.2081478428332,102.94957430291637,52,Timur Laut,7.261822569966982,Normal
2023-01-07 21:34:00,-8.1662661660408,112.9367299666397,266.17571611614153,341,Utara,9.585848882464536,Normal
2023-01-08 00:44:00,-7.96931412028455,112.9020300304654,236.68576899783966,67,Timur Laut,9.272894924584474,Normal
2023-01-08 17:47:00,-8.11110122657799,114.1997444381436,238.45252761293074,35,Timur Laut,9.548347755797874,Normal
2023-01-09 17:49:00,-7.948414825063804,112.2883310561734,85.92720053921052,45,Timur Laut,8.235319064392622,Normal
2023-01-11 07:54:00,-8.148088708846021,113.9847441417136,29.700440327505582,63,Timur Laut,9.374940215595212,Normal
2023-01-12 01:06:00,-8.078326049956864,114.2941421156039,42.87950941501961,292,Barat,9.561806007526615,Normal
2023-01-12 18:39:00,-7.971774103865976,112.3224092550433,141.07531958601405,336,Barat Laut,9.639399344208899,Normal
2023-01-12 23:59:00,-8.113402675127318,114.059027982777,28.274333882308138,243,Barat Daya,7.215516574646792,Normal
2023-01-13 02:19:00,-8.112552923107694,114.0280420889146,40.15812952409112,122,Tenggara,7.001738704443617,Normal
2023-01-13 10:05:00,-8.13033465426592,114.0385095132189,48.880526738955005,257,Barat,4.796574346481425,Normal
2023-01-14 00:55:00,-7.905280155484253,112.9696651653178,225.9028103017195,207,Barat Daya,8.978983587235732,Normal
2023-01-14 02:45:00,-8.179814192476037,114.0249850026129,180.21778897384834,14,Utara,9.1612544517612,Normal
2023-01-14 13:00:00,-8.100048779629471,112.9131802677504,58.06602165854313,76,Timur,5.952524504799697,Normal
2023-01-15 15:40:00,-7.991493117708663,112.8925628743455,85.82258387511116,161,Selatan,13.60806228865373,Normal
2023-01-16 02:16:00,-8.10704042730679,112.9185943102451,43.54762177603789,64,Timur Laut,5.723520478826602,Normal
2023-01-16 18:47:00,-8.134721842258031,112.9375979441264,192.81164343723867,334,Barat Laut,8.278575906513542,Normal
2023-01-18 10:43:00,-7.940390326146277,112.9697344971878,28.274333882308138,228,Barat Daya,8.501861184718429,Normal
2023-01-19 06:48:00,-7.94448858918601,112.9587330903261,28.274333882308138,223,Barat Daya,8.480206613030274,Normal
2023-01-20 04:01:00,-7.948820168144801,112.3692116588604,48.27752386354127,290,Barat,10.83914445917238,Normal
2023-01-21 09:14:00,-8.092002853721429,112.9048746849041,45.667295325920044,146,Tenggara,6.378523184964169,Normal
2023-01-21 12:23:00,-7.996134867449146,114.2745483610056,152.8972195662187,208,Barat Daya,10.42935547027344,Normal
2023-01-21 15:34:00,-7.923539565359265,112.3247604360756,28.274333882308138,313,Barat Laut,7.850155654316859,Normal
2023-01-23 00:00:00,-7.991553063145576,114.2413569581884,34.74039140031716,181,Selatan,10.02335207333307,Normal
2023-01-23 16:00:00,-7.863418455355519,112.2774760930109,253.6694277296419,159,Selatan,10.57035588069309,Normal
2023-01-24 06:55:00,-8.063081449499263,112.9571292415429,356.7550413464792,216,Barat Daya,9.32349054306354,Normal
2023-01-24 08:09:00,-7.934141856532235,112.319096103741,28.274333882308138,312,Barat Laut,7.327811024356071,Normal
2023-01-25 10:12:00,-7.963421575316459,112.2780435711628,28.274333882308138,39,Timur Laut,9.409331187635951,Normal
2023-01-26 01:17:00,-7.883476615824455,112.2648072326428,167.5850765063835,139,Tenggara,10.1228983194466,Normal
2023-01-26 04:12:00,-8.064335716594403,114.29082860947,114.43356623407516,268,Barat,8.621303941949677,Normal
2023-01-27 08:01:00,-7.942791156721676,112.2944228631602,61.71071589467318,41,Timur Laut,7.69468270299159,Normal
2023-01-27 17:45:00,-8.12005247618483,114.0419041917966,47.42364136579046,238,Barat Daya,6.0329950794137,Normal
2023-01-29 10:43:00,-8.138806428683788,114.0187076031325,346.18646407009845,58,Timur Laut,6.680425483376416,Normal
2023-01-30 10:56:00,-8.09935473862563,114.028763798544,324.29300130679377,138,Tenggara,8.087693867110652,Normal
2023-01-30 19:04:00,-8.092750037528255,112.9382658308763,115.2663039350399,223,Barat Daya,6.571887871497275,Normal
2023-01-30 20:12:00,-8.078800156401542,114.2364739677538,91.1732192774886,334,Barat Laut,7.326537169734189,Normal
2023-01-31 04:39:00,-8.118119327093227,112.904650855472,56.40569066790395,58,Timur Laut,7.442751578018722,Normal
2023-01-31 09:25:00,-7.947420348004572,112.9935676072494,577.6255999667167,276,Barat,7.438215596164159,Normal
2023-02-01 04:39:00,-7.921547082814932,112.2931591190499,34.77462355227834,158,Selatan,6.204421189072509,Normal
2023-02-01 19:37:00,-7.909467106458559,112.8991604130075,244.235695985899,123,Tenggara,10.47846902314271,Normal
2023-02-02 00:40:00,-8.02620669453503,114.1745271484799,237.66646279277253,119,Tenggara,10.38828928327155,Normal
2023-02-02 14:23:00,-7.923664734107154,112.2390985768657,147.09606456403054,93,Timur,9.79974411192968,Normal
2023-02-03 08:16:00,-7.912781711140471,112.3221911552893,30.455845133305722,221,Barat Daya,7.292167710100058,Normal
2023-02-03 23:42:00,-8.052030346702354,114.2211558167155,28.274333882308138,137,Tenggara,6.364035132508103,Normal
2023-02-04 10:27:00,-8.120705139154689,112.9004886844543,95.51002537396019,70,Timur,6.896548254301761,Normal
2023-02-04 13:59:00,-8.117213273379011,114.0329094217553,44.84456033308147,114,Tenggara,6.392750704632059,Normal
2023-02-04 18:35:00,-8.113380204995698,114.0248137962789,46.16051536525289,119,Tenggara,6.865245492433482,Normal
2023-02-05 06:20:00,-7.980185731352319,112.358314769575,156.313870201406,318,Barat Laut,11.31220651240587,Normal
2023-02-05 06:27:00,-8.110785502030163,112.9094296978397,124.6303784408821,72,Timur,6.069372669889926,Normal
2023-02-06 02:29:00,-8.120512479088323,112.9025896124498,137.4832343340177,59,Timur Laut,7.482861530176228,Normal
2023-02-07 10:34:00,-8.058409080822006,114.225415024826,59.59774863396113,132,Tenggara,6.007087053679751,Normal
2023-02-07 18:50:00,-7.950543674305526,112.9692033850888,96.02141497968421,185,Selatan,12.38220444509603,Normal
2023-02-07 23:39:00,-8.053575169036726,114.2430186735227,70.88780470499965,167,Selatan,4.983554260684658,Normal
2023-02-08 01:18:00,-8.078564142235265,114.1855264138557,337.1641564283947,70,Timur,8.992723306578823,Normal
2023-02-09 01:17:00,-8.046046854692253,114.2527912577698,34.824100527750204,227,Barat Daya,6.781226209554895,Normal
2023-02-10 22:45:00,-8.159024055786203,113.9736122326543,244.37229844686104,56,Timur Laut,10.50240997152594,Normal
2023-02-11 04:47:00,-7.932885229020457,112.2735876594143,45.45446627345759,59,Timur Laut,9.097661568398724,Normal
2023-02-11 19:23:00,-8.098460943534464,114.0862517748038,151.8378444111044,240,Barat Daya,9.195097346775576,Normal
2023-02-12 09:37:00,-8.167381679616671,112.9021302980953,407.6393025987138,16,Utara,9.636308093037178,Normal
2023-02-13 19:09:00,-7.878880588778923,113.0108810698552,78.53126427358677,228,Barat Daya,11.24977057562174,Normal
2023-02-15 03:11:00,-7.889048195552096,112.3804496527746,103.36736227186047,240,Barat Daya,11.45035485010935,Normal
2023-02-15 18:56:00,-7.945781134066072,112.9671992896642,28.274333882308138,234,Barat Daya,8.463914928916179,Normal
2023-02-18 03:46:00,-8.010033126132335,114.2995034056087,148.2272292476856,230,Barat Daya,10.73760195081054,Normal
2023-02-19 09:50:00,-8.095208817395733,112.9389282794756,28.274333882308138,228,Barat Daya,6.518776618518856,Normal
2023-02-20 09:27:00,-7.981118412245611,112.338667397083,439.6103288325494,325,Barat Laut,10.7591496089143,Normal
2023-02-20 14:11:00,-7.927420289946624,112.9339821657755,74.48272067895807,141,Tenggara,7.579189643111611,Normal
2023-02-20 18:01:00,-7.928523760421678,112.2638267605246,33.62760251278587,78,Timur,8.8365992933738,Normal
2023-02-20 22:05:00,-7.951837317365761,112.2981249906647,119.85949549726338,2,Utara,6.71937793371606,Normal
2023-02-21 09:28:00,-7.903707878009439,112.3393059854614,184.5023162662524,244,Barat Daya,8.170169287479691,Normal
2023-02-21 16:20:00,-8.10937702111031,114.0226855911975,56.70093737091662,123,Tenggara,7.494517929329673,Normal
2023-02-22 05:34:00,-7.991586166926558,112.8920886272204,172.58534425769213,164,Selatan,13.45216972954863,Normal
2023-02-22 13:49:00,-8.044332595586615,114.2417009082493,28.274333882308138,176,Selatan,5.408708340270181,Normal
2023-02-22 20:00:00,-7.928297702157872,112.2849076364271,412.4695095303331,59,Timur Laut,8.098578028098135,Normal
2023-02-23 01:06:00,-8.104939889471673,113.9895042808508,197.83474533003496,110,Timur,9.534361774314988,Normal
2023-02-23 01:06:00,-8.104939889471673,113.9895042808508,197.83474533003496,110,Timur,9.534361774314988,Normal
2023-02-23 07:31:00,-7.99262820924193,112.9738024059729,283.48863302492265,193,Selatan,13.13648812684755,Normal
2023-02-23 08:20:00,-7.899101099656788,112.2454223475867,146.12890185114796,124,Tenggara,10.25613410668524,Normal
2023-02-23 09:49:00,-7.886711600500708,112.2715225669001,28.274333882308138,150,Tenggara,10.102034538594,Normal
2023-02-23 16:45:00,-7.922066797072336,112.9520112772907,28.274333882308138,198,Selatan,8.133888446776847,Normal
2023-02-24 02:18:00,-7.955800584571474,112.9374364400462,32.38881376609334,179,Selatan,12.73872553894267,Normal
2023-02-24 09:12:00,-8.104000713094964,114.0902689116643,28.274333882308138,242,Barat Daya,9.579160487571109,Normal
2023-02-24 15:19:00,-7.876520426429004,113.0027433580338,28.274333882308138,207,Barat Daya,11.17183792887292,Normal
2023-02-25 00:22:00,-7.946725798797375,112.3556259985178,246.56849113588171,298,Barat Laut,10.40107820182553,Normal
2023-02-25 00:48:00,-8.032250174400717,114.186938540722,28.274333882308138,117,Tenggara,9.4727676317504,Normal
2023-02-25 11:07:00,-8.059196383930717,114.296994529745,132.2537755996467,265,Barat,9.263062841230013,Normal
2023-02-25 20:58:00,-8.085315019410393,114.1938006877822,28.65197280806912,54,Timur Laut,8.849685768224553,Normal
2023-02-26 00:07:00,-8.092512277301235,114.198705738266,28.33470501802561,49,Timur Laut,8.57577557765904,Normal
2023-02-26 09:47:00,-8.123309770770414,112.9218118516736,52.24426688827198,350,Utara,9.866499015210792,Normal
2023-02-27 15:21:00,-8.056820996274942,114.2382523018741,28.274333882308138,156,Tenggara,5.136368149674361,Normal
2023-02-27 16:09:00,-8.139471744259279,112.8579194690643,196.73771010507983,67,Timur Laut,10.83834148221989,Normal
2023-02-27 19:50:00,-8.124345274630736,112.9828503068154,80.41284636128147,284,Barat,9.597659135524689,Normal
2023-02-28 03:40:00,-8.086843592160676,112.9495770774506,686.6128045574667,225,Barat Daya,7.602538120076686,Normal
2023-02-28 05:52:00,-8.083556219241332,114.0337075023191,60.2194248194378,172,Selatan,7.947706660698502,Normal
2023-02-28 21:48:00,-7.948537839911605,112.9551366039225,28.274333882308138,206,Barat Daya,10.85816346880256,Normal
2023-03-01 02:48:00,-8.109648246476196,114.2161752269457,272.5030446631353,24,Timur Laut,8.949408817779544,Normal
2023-03-02 04:26:00,-7.92710068451753,112.2944560078736,40.34426612619553,51,Timur Laut,7.790779422052541,Normal
2023-03-02 15:41:00,-8.082638320599505,112.9744294127431,286.5733726761575,247,Barat Daya,8.914947073554908,Normal
2023-03-04 03:00:00,-7.997439911934482,112.8914132757279,234.04375359840435,162,Selatan,13.23822051092333,Normal
2023-03-04 09:38:00,-8.104469481163887,114.0239220646352,116.26731113326699,125,Tenggara,7.735259647541652,Normal
2023-03-04 21:28:00,-8.114408285752258,114.0382641183164,89.87013290327133,227,Barat Daya,6.359006907748279,Normal
2023-03-04 23:09:00,-8.14851808077555,112.9726490918752,49.68609967790792,304,Barat Laut,9.966790792227172,Normal
2023-03-05 08:04:00,-8.129859588972066,114.0164649877049,446.72286220801976,82,Timur,5.857025923829696,Normal
2023-03-05 16:17:00,-7.992308647627647,114.2373666362328,83.22573827046395,178,Selatan,10.01567866145838,Normal
2023-03-07 13:27:00,-8.110408340292818,112.8584880336243,89.29570467025947,90,Timur,10.14834258763001,Normal
2023-03-08 18:33:00,-8.174648006520812,114.0675160050529,369.9137410649738,334,Barat Laut,9.464176388227209,Normal
2023-03-09 05:06:00,-8.112410645318084,114.0364503794798,28.274333882308138,139,Tenggara,7.192939014793011,Normal
2023-03-09 20:43:00,-8.089477750900244,112.9766029792157,468.98835077041446,254,Barat,8.899382101465433,Normal
2023-03-10 01:06:00,-7.931605779340077,112.3508741582732,86.25931103726892,268,Barat,8.160535015729913,Normal
2023-03-11 02:49:00,-8.035598509073113,114.3003815897669,47.83480772481985,250,Barat,9.990198790324882,Normal
2023-03-11 05:51:00,-8.196036552458587,114.0655301280697,97.80190596213048,344,Utara,10.93393212351123,Normal
2023-03-11 07:09:00,-8.135383703254382,114.0405821254522,98.6744932645539,42,Timur Laut,5.470736728721974,Normal
2023-03-12 08:11:00,-7.987653728293147,112.9763633219851,557.3965958967476,194,Selatan,13.07370291926384,Normal
2023-03-12 19:14:00,-7.938036923844946,112.3818013519415,232.57710808094933,278,Barat,11.04703943608746,Normal
2023-03-13 01:38:00,-7.868214729289993,112.3605573979041,200.2157750615685,216,Barat Daya,11.02470347051795,Normal
2023-03-13 07:31:00,-8.164689331140766,114.0971342104754,398.8004502438108,303,Barat Laut,10.03972447667546,Normal
2023-03-13 22:34:00,-8.098431467979625,114.2084712934678,127.75445225620038,36,Timur Laut,8.48221541581727,Normal
2023-03-15 01:53:00,-7.910460093867668,112.2945565542785,72.74821761685557,166,Selatan,6.693899253399394,Normal
2023-03-15 06:06:00,-8.151280558943151,114.028040861678,38.0591092903947,33,Timur Laut,7.251531713253705,Normal
2023-03-15 11:01:00,-8.048148891756885,114.3053810807538,286.39314461529267,261,Barat,10.02012048198765,Normal
2023-03-16 09:57:00,-8.122427834456511,112.9287468413189,84.1110017963104,353,Utara,9.281632571726426,Normal
2023-03-17 19:13:00,-8.115659534834489,114.2911969176499,122.90702528338672,315,Barat Laut,10.76885768460605,Normal
2023-03-18 13:10:00,-8.090412003902934,114.0060032368373,28.274333882308138,136,Tenggara,9.334422455490959,Normal
2023-03-20 08:18:00,-8.098922813056854,112.9255101838941,125.59317110772761,219,Barat Daya,5.592979955025537,Normal
2023-03-21 03:50:00,-8.104544001503893,114.0565187014035,47.59842980769062,232,Barat Daya,7.948718144692009,Normal
2023-03-22 08:15:00,-7.920166508660455,112.2967004275749,28.274333882308138,161,Selatan,6.077182023518098,Normal
2023-03-22 22:18:00,-7.989450741624658,114.1790614214465,48.6327924772624,140,Tenggara,11.34192492397616,Normal
2023-03-23 15:57:00,-8.126658541522616,112.8543241049793,356.24448491489284,77,Timur,10.72383945437955,Normal
2023-03-23 23:28:00,-8.065927097975289,112.8932907248148,74.02012798102552,156,Tenggara,9.024941418666453,Normal
2023-03-24 19:09:00,-7.86972251220103,112.3373213369606,360.0062227415995,206,Barat Daya,10.75322259941505,Normal
2023-03-25 00:44:00,-7.91541003766745,112.9393866372464,658.5095317911827,144,Tenggara,8.460085104038194,Normal
2023-03-25 04:57:00,-8.127293641160804,114.1689858204592,28.274333882308138,49,Timur Laut,11.5521548790393,Normal
2023-03-25 07:23:00,-8.098075409852836,112.9244165516508,53.24524887652122,211,Barat Daya,5.282936674535367,Normal
2023-03-25 10:20:00,-7.980451654232278,112.9987116493757,29.03616519676453,307,Barat Laut,9.380744324028015,Normal
2023-03-26 02:01:00,-8.050656883530568,114.187290421014,28.274333882308138,100,Timur,8.553468505250835,Normal
2023-03-28 00:34:00,-7.894859428274992,112.3616848059838,416.83668122650045,241,Barat Daya,10.34540283920001,Normal
2023-03-29 16:27:00,-8.131205829675501,112.8862455824826,159.5869280149854,62,Timur Laut,8.710423672087021,Normal
2023-03-29 21:42:00,-8.148957343591915,112.8582272639055,28.274333882308138,62,Timur Laut,11.10022038800247,Normal
2023-04-02 07:59:00,-8.12429269620722,112.8563779390882,67.18075596279412,78,Timur,10.63048965315381,Normal
2023-04-02 10:50:00,-8.121672853823087,114.0306470709587,84.00464494148632,115,Tenggara,6.587211158724529,Normal
2023-04-02 11:46:00,-8.091708464334888,112.9594008539992,442.0704801825326,239,Barat Daya,8.243485309545601,Normal
2023-04-02 12:26:00,-8.07249702285416,114.0777670064169,118.51597651198658,223,Barat Daya,10.44103454347495,Normal
2023-04-02 13:15:00,-8.042996743667837,114.2307932666195,468.98835077041446,161,Selatan,5.883520184248718,Normal
2023-04-02 17:51:00,-8.097513310905015,112.9184892911559,28.274333882308138,84,Timur,5.599194063477361,Normal
2023-04-02 18:19:00,-7.887505866898461,112.3071757593362,34.741776760013195,183,Selatan,8.3235894628957,Normal
2023-04-04 07:29:00,-7.882283591185645,112.368564412069,28.274333882308138,237,Barat Daya,10.67088635948688,Normal
2023-04-05 03:12:00,-7.945605799500154,112.9594138657089,28.274333882308138,229,Barat Daya,8.18202489746232,Normal
2023-04-05 03:42:00,-8.17292921400069,113.97490295597,82.35562431710375,50,Timur Laut,11.0997198890566,Normal
2023-04-06 19:30:00,-8.058074712995344,114.2224275209119,493.2405106887348,129,Tenggara,6.122706329758687,Normal
2023-04-06 20:44:00,-8.048704554224923,114.2543771839848,97.70787387622246,225,Barat Daya,6.556145045927243,Normal
2023-04-08 08:02:00,-8.051674954177736,112.9626374357545,162.65175226972482,215,Barat Daya,10.08714212246964,Normal
2023-04-08 23:50:00,-8.061946675926189,113.9922455597234,202.3426362239966,147,Tenggara,10.59280952577362,Normal
2023-04-09 11:51:00,-8.078351607508205,112.8665510701054,136.72404901065826,125,Tenggara,10.03199470997445,Normal
2023-04-10 08:18:00,-7.938919939935706,112.9158639285236,81.62525747808132,106,Timur,7.969477956087951,Normal
2023-04-10 23:02:00,-8.110893405956103,112.9315253187775,76.95607017756151,348,Utara,10.0350193841066,Normal
2023-04-11 01:07:00,-8.082079532904707,114.2867897720882,395.6217880258242,297,Barat Laut,9.405982859293463,Normal
2023-04-14 16:15:00,-8.117733114063924,113.9945547938077,70.03732410008786,100,Timur,8.595381788485875,Normal
2023-04-15 13:45:00,-8.074442116637725,114.1062152480909,28.274333882308138,230,Barat Daya,10.92474516598559,Normal
2023-04-15 22:55:00,-7.978592035549783,112.3322146473859,132.85903176157586,331,Barat Laut,10.35424596408947,Normal
2023-04-18 03:27:00,-8.101766464167529,112.9089980480212,28.274333882308138,79,Timur,6.322347312682098,Normal
2023-04-18 10:51:00,-8.009857797573462,112.9870533399455,147.09606456403054,204,Barat Daya,12.86220028348859,Normal
2023-04-18 13:07:00,-8.068141226477042,114.2425508540174,28.274333882308138,308,Barat Laut,7.515133070204636,Normal
2023-04-19 05:41:00,-7.88526722418021,112.3617796322017,38.12780322203881,235,Barat Daya,10.36238315989951,Normal
2023-04-19 06:42:00,-7.977206508536895,112.9178956487119,297.3217666188198,170,Selatan,13.33679322180947,Normal
2023-04-20 04:21:00,-7.934586010131069,112.9404097602859,109.92424790987886,137,Tenggara,6.792405831111804,Normal
2023-04-20 04:46:00,-8.111853268283905,114.270279253947,294.40123005374903,322,Barat Laut,9.487671096291644,Normal
2023-04-20 16:47:00,-8.13788323625607,114.0214934213549,31.03952070891145,55,Timur Laut,6.449370301612266,Normal
2023-04-20 21:00:00,-7.94043808936457,112.9678143232667,49.449236199348434,229,Barat Daya,8.684003352065622,Normal
2023-04-21 20:00:00,-8.114241583302606,114.2940027048282,384.73560928167655,313,Barat Laut,10.82855276507459,Normal
2023-04-22 16:25:00,-7.960050251546686,112.8976381966184,33.04982071042618,73,Timur,9.618505500521524,Normal
2023-04-23 14:19:00,-8.046072354841218,114.248171840611,126.58787412995913,231,Barat Daya,6.364591956283471,Normal
2023-04-23 18:53:00,-8.127077170647365,112.9319389967006,55.70038442893577,345,Utara,9.084851955397818,Normal
2023-04-25 14:27:00,-7.931279556055966,112.9452119115866,42.71463015570073,164,Selatan,7.822833115519997,Normal
2023-04-26 01:40:00,-8.120234749179927,112.917393099545,28.274333882308138,52,Timur Laut,7.080133748375517,Normal
2023-04-26 05:02:00,-8.104997417141918,112.9260853404047,28.274333882308138,65,Timur Laut,5.106850076418038,Normal
2023-04-26 08:01:00,-7.98939019546385,112.303197950293,380.4160881785958,0,Utara,10.1591758785868,Normal
2023-04-29 00:47:00,-8.139044507940543,112.9495055798942,271.76109847651367,308,Barat Laut,8.109448525403634,Normal
2023-04-29 06:41:00,-8.123412627988104,112.9294656607069,28.274333882308138,351,Utara,9.132768481462845,Normal
2023-04-29 10:02:00,-8.093465054504543,114.2552310201333,28.274333882308138,326,Barat Laut,8.480378407973063,Normal
2023-04-30 00:16:00,-7.870801278032162,112.373018854719,194.74856555790225,235,Barat Daya,11.4500009945496,Normal
2023-05-01 03:48:00,-7.921085923241636,112.9573253569097,28.274333882308138,208,Barat Daya,8.665369109839206,Normal
2023-05-01 07:36:00,-8.09363417205896,114.2612043963876,42.790934964586945,317,Barat Laut,8.499300315247243,Normal
2023-05-02 18:37:00,-8.105325745722418,112.9229582516212,44.96408821684376,66,Timur Laut,5.31814317459486,Normal
2023-05-02 21:18:00,-8.086749902043652,114.2936958738063,100.24030959884863,297,Barat Laut,9.737976091758282,Normal
2023-05-04 14:14:00,-7.936238276582847,112.3002155825124,28.274333882308138,36,Timur Laut,6.993956257824761,Normal
2023-05-04 14:20:00,-7.959772835551831,112.9859702775955,471.84194411270283,304,Barat Laut,8.146540941726595,Normal
2023-05-05 00:49:00,-7.960833648023222,112.3155913079938,65.24094582787124,339,Utara,8.384183434649296,Normal
2023-05-06 14:16:00,-8.084295716091082,112.9511707459142,84.3854970085681,225,Barat Daya,7.725763310642122,Normal
2023-05-06 15:32:00,-7.992340021824019,114.2999677906675,158.89341506294687,221,Barat Daya,11.5279831426161,Normal
2023-05-06 20:24:00,-8.024709080058711,114.2836992235907,404.37244938468024,230,Barat Daya,9.448897615800613,Normal
2023-05-07 10:28:00,-8.196157080318539,114.0099014243416,244.23569877146184,23,Timur Laut,10.98149704519421,Normal
2023-05-07 18:42:00,-8.093714241447858,114.0111143649537,151.43482841565796,140,Tenggara,8.977243952709149,Normal
2023-05-08 07:46:00,-7.918230056552371,112.3108764103947,28.274333882308138,190,Selatan,6.17712101768115,Normal
2023-05-09 02:33:00,-8.071852085607173,114.2522587353169,43.45078616806434,300,Barat Laut,7.118424451523873,Normal
2023-05-09 07:35:00,-7.893546912916058,112.9766211475651,287.3773244555519,210,Barat Daya,9.921435934685755,Normal
2023-05-09 22:59:00,-7.9198013057418,112.2736845338885,180.70728412840825,132,Tenggara,8.251297075876865,Normal
2023-05-10 19:10:00,-7.998278529635376,114.213136519281,241.98368570873734,159,Selatan,9.84771529160591,Normal
2023-05-10 20:38:00,-7.959492874403963,112.9615027816912,44.074081818517676,185,Selatan,14.066911395617,Normal
2023-05-11 00:45:00,-8.100295685715748,114.0327752056878,66.79132708683882,144,Tenggara,7.795269607545152,Normal
2023-05-11 07:58:00,-8.015710835960865,114.2109197957987,435.276521541616,150,Tenggara,9.232588299958255,Normal
2023-05-12 10:44:00,-8.094442580098644,114.0510456464759,251.51033741242045,213,Barat Daya,7.946383763514907,Normal
2023-05-12 11:29:00,-8.009409976570982,112.9017607249276,119.23860222649283,165,Selatan,12.26625416290453,Normal
2023-05-13 15:16:00,-8.13811605225733,114.0266634810732,28.274333882308138,54,Timur Laut,6.161245260042428,Normal
2023-05-15 06:17:00,-7.885945967096621,112.2933962835747,208.3144469929271,166,Selatan,8.86342629085767,Normal
2023-05-16 08:06:00,-7.933367215480911,112.2977817957221,94.66860889256381,44,Timur Laut,7.391029844368569,Normal
2023-05-16 08:27:00,-7.878219402965875,112.3771104134181,28.274333882308138,235,Barat Daya,11.23866168692755,Normal
2023-05-16 12:56:00,-8.070409153704173,114.2153838074425,28.274333882308138,42,Timur Laut,6.536829954744062,Normal
2023-05-17 09:16:00,-8.070202356392434,114.241252319556,244.27715471168213,318,Barat Laut,7.391582332219405,Normal
2023-05-17 10:07:00,-8.064148311859558,114.2277372353614,168.97359314568988,113,Tenggara,5.273344908677277,Normal
2023-05-17 17:07:00,-8.040147993549533,114.2200826006775,45.17149435096198,150,Tenggara,6.723890648416672,Normal
2023-05-18 17:57:00,-8.073028166174094,114.2305476902215,53.41400766457855,355,Utara,5.229517688917467,Normal
2023-05-18 22:58:00,-7.936031600416379,112.9631313622139,164.27673022893126,215,Barat Daya,9.733061387348908,Normal
2023-05-20 01:08:00,-8.120792794620368,114.2923585053747,388.6191018368138,315,Barat Laut,11.03116007511544,Normal
2023-05-20 09:33:00,-8.195113117183508,114.0884234420292,193.4724115733371,324,Barat Laut,11.41558509506663,Normal
2023-05-20 11:19:00,-8.094922704749186,114.1939056132155,454.18874364761643,49,Timur Laut,9.105517142497922,Normal
2023-05-20 16:34:00,-8.149918770671853,112.9245388778269,370.51449173975453,354,Utara,7.557161923649664,Normal
2023-05-22 08:24:00,-7.938488305056209,112.9547295661516,62.96298938049348,203,Barat Daya,9.961641260687799,Normal
2023-05-22 17:01:00,-8.070124052553412,114.2480491798203,349.289027159696,301,Barat Laut,7.140714406053528,Normal
2023-05-22 19:08:00,-8.040651455485301,114.2963227459289,87.36449903147951,253,Barat,9.680690731963926,Normal
2023-05-23 04:19:00,-7.946449297259931,112.2924159019079,166.6659604006617,31,Timur Laut,7.312258032187996,Normal
2023-05-23 16:20:00,-8.084307042169975,113.9926203612561,38.0591092903947,128,Tenggara,9.961195047491069,Normal
2023-05-23 19:51:00,-7.91669860703499,112.2964255373329,28.274333882308138,161,Selatan,6.416264035224835,Normal
2023-05-24 03:17:00,-7.943710003596709,112.3170208888265,82.63666855584168,333,Barat Laut,7.67996383065301,Normal
2023-05-25 10:09:00,-8.160213457619216,112.879094566072,321.72777040209655,42,Timur Laut,10.37486617447109,Normal
2023-05-25 18:15:00,-8.041969716431538,114.2960810482613,51.45825170022947,248,Barat,9.614383313109025,Normal
2023-05-25 21:59:00,-8.102166159761861,114.0255040388698,428.16586990212824,136,Tenggara,8.131075927790365,Normal
2023-05-26 03:17:00,-7.979434006109526,112.8941803206075,322.7578713917682,158,Selatan,13.67271022024233,Normal
2023-05-27 09:31:00,-8.090111676490695,114.176983588999,386.288830877809,63,Timur Laut,9.819414039552548,Normal
2023-05-27 13:46:00,-7.931854312032678,112.879864994265,179.31264927976596,99,Timur,10.85468852196198,Normal
2023-05-27 19:40:00,-8.144692701963503,113.9823981511619,455.9483512850186,74,Timur,9.42313204119808,Normal
2023-05-28 11:22:00,-7.917291594924634,112.3010338914632,28.274333882308138,181,Selatan,5.84799108728375,Normal
2023-05-28 15:49:00,-7.915481398606932,112.3234420827194,28.274333882308138,230,Barat Daya,7.006299363510104,Normal
2023-05-29 08:16:00,-8.15555291551463,112.9405418649607,28.274333882308138,337,Barat Laut,8.962611282320376,Normal
2023-05-29 09:18:00,-8.15815555334945,112.8551665690534,265.2698379993332,59,Timur Laut,11.39199725776508,Normal
2023-05-29 13:23:00,-8.167982609946439,112.9627581650362,36.30405465700149,323,Barat Laut,10.40865094589426,Normal
2023-05-31 02:11:00,-8.088156861167198,114.245016777476,89.57783524015923,334,Barat Laut,7.521201613168285,Normal
2023-05-31 21:05:00,-8.067088866106308,114.2354886544614,80.40801394850894,324,Barat Laut,7.361072614132853,Normal
2023-06-01 06:18:00,-7.886161128257364,112.9519481926507,105.98576726250887,183,Selatan,9.615143419663138,Normal
2023-06-01 22:21:00,-8.12308109912742,114.0534101314993,49.67903908120915,252,Barat,5.964556360424744,Normal
2023-06-02 07:21:00,-8.013560890505863,114.2595333597331,432.1120748444204,206,Barat Daya,8.609436878751463,Normal
2023-06-03 11:47:00,-7.982372891989708,112.9505698071172,40.457254125125104,183,Selatan,13.67088191486291,Normal
2023-06-04 15:23:00,-8.003633178016965,112.9430824820572,221.19087750112718,186,Selatan,12.87550919569401,Normal
2023-06-04 20:17:00,-8.047504739488765,114.2590764477649,157.32696523572568,229,Barat Daya,6.998907402260483,Normal
2023-06-05 02:11:00,-8.068760807996084,114.2578789329176,52.9083890577688,301,Barat Laut,7.827137508291285,Normal
2023-06-05 20:47:00,-7.956692374405145,112.3636869272235,307.6901354478723,295,Barat Laut,10.59830164502049,Normal
2023-06-06 01:21:00,-8.09899087269711,114.2375696190164,216.6437152624513,353,Utara,7.346546817186239,Normal
2023-06-06 12:56:00,-8.152287653996005,114.0243533525709,157.49869505064459,34,Timur Laut,7.34795826239066,Normal
2023-06-07 04:20:00,-7.934186750604621,112.9562886139061,43.67220643337759,213,Barat Daya,8.856331955039193,Normal
2023-06-07 08:40:00,-8.105276754812243,114.0974048293024,48.27752386354127,258,Barat,9.77379838919372,Normal
2023-06-07 15:26:00,-8.065958952306707,114.228754625913,94.7335213493956,108,Timur,4.811262747576661,Normal
2023-06-07 17:39:00,-7.956805276478421,112.9363148077081,60.43936950198095,176,Selatan,13.18219524658978,Normal
2023-06-08 17:25:00,-8.17016318418077,114.0021711760669,245.1360402373264,34,Timur Laut,9.411975195953044,Normal
2023-06-09 09:40:00,-7.901578937688655,112.9953617120858,161.34482691524983,228,Barat Daya,9.69125907098183,Normal
2023-06-10 02:38:00,-8.133929257613483,112.8776848006062,34.03280276228861,61,Timur Laut,9.374321250384344,Normal
2023-06-10 06:07:00,-8.137018935621425,114.0365070428752,90.50641759916434,46,Timur Laut,5.915222936857337,Normal
2023-06-10 23:24:00,-8.089302540068383,112.9000212127889,256.07818770816544,144,Tenggara,6.937931643631361,Normal
2023-06-11 00:36:00,-7.906640012695973,112.9665310443364,71.8036656331019,211,Barat Daya,9.329088190875813,Normal
2023-06-11 14:42:00,-8.131476593977396,112.9212269538379,58.41166372457084,352,Utara,8.753291829083635,Normal
2023-06-11 18:04:00,-8.009654510256118,112.9580363505543,235.76650525841447,194,Selatan,12.61352317325035,Normal
2023-06-12 02:01:00,-7.945366591242352,112.902883301644,58.22108608001764,88,Timur,8.730502904866935,Normal
2023-06-13 19:43:00,-8.061728434137786,112.9132255540662,176.22741011780545,23,Timur Laut,13.28170045913043,Normal
2023-06-14 03:45:00,-7.935391057351108,112.9672623940201,28.274333882308138,230,Barat Daya,8.481267491745589,Normal
2023-06-14 17:57:00,-8.12627702035104,112.9275626777691,28.274333882308138,347,Utara,9.233448070740796,Normal
2023-06-15 05:06:00,-7.931699903049408,112.9566041762951,28.274333882308138,210,Barat Daya,8.919250952611474,Normal
2023-06-15 06:21:00,-7.953559179922196,112.9604410624079,119.64747947195794,174,Selatan,12.6212886100468,Normal
2023-06-15 17:22:00,-8.047371591609558,114.2387350956738,48.514671436347705,169,Selatan,5.396104686613249,Normal
2023-06-17 14:49:00,-8.002380501041412,112.9776328475195,84.68120298531525,202,Selatan,13.18334645323708,Normal
2023-06-18 05:14:00,-8.135981606844304,114.0321582804713,104.67406032293243,46,Timur Laut,5.872015631070931,Normal
2023-06-18 06:21:00,-8.072909550168616,114.2259879041021,28.66633834040165,359,Utara,5.148841610113188,Normal
2023-06-20 18:19:00,-7.994123523581534,114.1710226154198,125.71515461761577,133,Tenggara,11.53127122027439,Normal
2023-06-22 00:54:00,-7.958246115594838,112.9944353289299,390.35669067793185,285,Barat,8.04073173151207,Normal
2023-06-22 19:14:00,-8.167254090446093,112.9274865831368,39.75770537373553,348,Utara,9.357171617709136,Normal
2023-06-22 19:27:00,-8.200403856572178,114.0826182357347,58.20235674078022,328,Barat Laut,11.37366744824742,Normal
2023-06-23 12:10:00,-8.11947662086569,114.0314814620501,142.74942799008838,121,Tenggara,6.886272911191877,Normal
2023-06-25 10:18:00,-8.117878443129959,114.0527513472421,126.92547595808016,243,Barat Daya,6.674052527560488,Normal
2023-06-25 21:05:00,-8.119315668604392,114.0320740760339,281.05903684975004,122,Tenggara,6.834079927461452,Normal
2023-06-26 11:03:00,-7.934455333337961,112.3014499649091,48.29682430483373,355,Utara,6.01142153918424,Normal
2023-06-26 22:04:00,-8.049733845222484,114.2263648659714,59.380466672715464,146,Tenggara,6.542394977639668,Normal
2023-06-27 20:04:00,-7.900326864107259,112.3484974280847,70.59047185008555,242,Barat Daya,9.178269605079317,Normal
2023-06-28 01:57:00,-8.0578073814888,114.2937494258785,53.72242245269729,264,Barat,9.074791301808549,Normal
2023-06-30 08:13:00,-7.923298056103848,112.3234647914798,28.274333882308138,314,Barat Laut,7.766843048121556,Normal
2023-06-30 15:21:00,-8.069533882230461,114.1919755447683,28.274333882308138,77,Timur,7.966416060039156,Normal
2023-06-30 20:15:00,-8.098837037871379,112.9387630256722,159.3521691512205,233,Barat Daya,6.328479976303437,Normal
2023-07-01 03:12:00,-8.040336971682844,112.8901110041826,87.34900289225489,148,Tenggara,10.81805097150148,Normal
2023-07-01 16:35:00,-8.068332820178993,114.2418587140553,28.274333882308138,313,Barat Laut,7.447122387037092,Normal
2023-07-02 01:39:00,-7.904814749656783,112.3659911326598,121.71689393755918,248,Barat,10.38790963354086,Normal
2023-07-02 03:56:00,-8.173445336217059,114.0361043811759,28.97141738537513,3,Utara,8.331244565432701,Normal
2023-07-02 10:41:00,-7.897726800059544,112.2778857443992,215.3031408815735,144,Tenggara,8.681489185167797,Normal
2023-07-02 17:31:00,-8.109573857135437,112.9135144767498,138.5677181508529,72,Timur,6.195647753002255,Normal
2023-07-03 21:10:00,-8.0428484234336,114.2535272359965,92.05202720211902,226,Barat Daya,6.864317005854456,Normal
2023-07-04 01:26:00,-8.086789953394556,112.8555360662833,144.7553209328154,112,Timur,10.45924311050169,Normal
2023-07-04 10:11:00,-8.160592990281195,112.8567757425087,366.4344376586565,56,Timur Laut,11.4145503945883,Normal
2023-07-05 22:46:00,-7.975515659943204,112.9999582689253,46.42218263835755,303,Barat Laut,9.072848563574691,Normal
2023-07-06 07:29:00,-8.077559400849289,112.9761535369862,416.7662961636085,241,Barat Daya,9.339678650590937,Normal
2023-07-10 13:44:00,-8.111263608486322,112.9204409497237,147.1262077827159,62,Timur Laut,5.554991754144886,Normal
2023-07-10 18:08:00,-8.074371794648885,114.2454027097925,41.174411857973666,315,Barat Laut,7.225755826314707,Normal
2023-07-11 11:24:00,-7.951800333962264,112.939114632715,64.1500917003924,45,Timur Laut,6.406588720591795,Normal
2023-07-11 21:27:00,-7.931839109862218,112.3282736588067,28.274333882308138,306,Barat Laut,8.106648397547175,Normal
2023-07-12 06:31:00,-8.091893174518697,112.9310553404775,360.6115241100552,214,Barat Daya,6.219070569604319,Normal
2023-07-12 15:30:00,-7.923145553520517,112.9128517293119,70.88181386467589,118,Tenggara,8.78401010738686,Normal
2023-07-12 18:10:00,-8.18103729972954,114.0579560510015,100.59355919658941,345,Utara,9.596822694292836,Normal
2023-07-13 06:51:00,-8.170406756697941,114.0184222439677,237.54365951215436,27,Timur Laut,8.924969351430105,Normal
2023-07-13 12:01:00,-8.067740671272176,114.2381057883665,170.34665508153844,321,Barat Laut,7.378763319844493,Normal
2023-07-14 07:53:00,-8.0762690600608,114.2341727875626,28.274333882308138,340,Utara,6.361258269616075,Normal
2023-07-14 21:06:00,-8.127444051096008,114.2042318817372,245.8460494090238,26,Timur Laut,10.5009036432809,Normal
2023-07-14 23:47:00,-7.924494324804962,112.9505318997192,28.274333882308138,192,Selatan,8.443728490291607,Normal
2023-07-15 01:12:00,-7.886206775838631,112.2452839688067,130.20814130278345,136,Tenggara,10.79304654159908,Normal
2023-07-15 04:20:00,-7.979563301402837,112.9419219397912,30.2900858244837,179,Selatan,13.63901513012866,Normal
2023-07-15 13:43:00,-7.918873302678998,112.2689520154163,301.9670659939705,108,Timur,7.827321942100921,Normal
2023-07-17 00:08:00,-7.940691818139473,112.9494765668848,174.1989846647219,202,Selatan,10.29497881228284,Normal
2023-07-17 00:49:00,-8.17663629799947,114.0708438919175,28.274333882308138,333,Barat Laut,9.762553721229672,Normal
2023-07-18 06:46:00,-8.031288115499581,114.2007773567569,321.71659383182373,130,Tenggara,9.023926693463839,Normal
2023-07-18 08:44:00,-8.083308683306212,114.0001541681124,176.13831977702938,134,Tenggara,9.813736464056097,Normal
2023-07-18 10:43:00,-8.123441860696698,112.9049224966833,28.759651847481717,54,Timur Laut,7.659142665045215,Normal
2023-07-18 13:50:00,-7.989047088141844,114.2683510705637,214.79477303261194,202,Selatan,10.70076455127258,Normal
2023-07-18 23:58:00,-7.875243417807907,112.9937494488744,406.75309427301147,204,Barat Daya,10.8487859759015,Normal
2023-07-19 16:50:00,-8.051027329343592,114.227364815996,30.810234619801832,147,Tenggara,6.368646134268518,Normal
2023-07-20 00:46:00,-8.079684547964725,112.8644453877518,283.9825891339642,123,Tenggara,9.998576715937281,Normal
2023-07-20 03:03:00,-8.096175991371618,112.9585608476703,70.44621010974454,245,Barat Daya,8.0424749686637,Normal
2023-07-20 09:51:00,-8.052527439365395,114.2361444404345,77.37521650418005,159,Selatan,5.279872598643957,Normal
2023-07-21 01:47:00,-7.863232686898913,112.3232010548482,487.7345500213106,190,Selatan,10.76696676956118,Normal
2023-07-21 04:26:00,-7.905814572497405,112.3076251625591,124.56571691160087,186,Selatan,6.806315920248871,Normal
2023-07-21 11:03:00,-7.880052814788327,112.3362878532149,28.274333882308138,205,Barat Daya,10.09780451034906,Normal
2023-07-21 23:21:00,-8.105190240437596,112.9698554053785,438.57584370055366,255,Barat,8.612930520009852,Normal
2023-07-22 11:29:00,-8.077619013028752,112.9554101688871,530.0460337465846,227,Barat Daya,8.482223767129295,Normal
2023-07-23 04:25:00,-8.178540668848735,114.0455098153603,28.274333882308138,356,Utara,8.934132477718746,Normal
2023-07-23 04:47:00,-7.882895652459474,112.3477741069565,416.5121578873785,212,Barat Daya,10.19455732304815,Normal
2023-07-23 21:23:00,-7.934835017911292,112.954428715455,41.920532255859136,210,Barat Daya,8.863891778150839,Normal
2023-07-24 09:19:00,-8.070874006103674,114.228098919449,28.274333882308138,356,Utara,5.124234739557505,Normal
2023-07-24 10:00:00,-8.044628070880387,114.2910706082781,28.274333882308138,257,Barat,9.061213444595923,Normal
2023-07-25 13:56:00,-8.112065361803769,114.0276573547146,71.26339478774858,122,Tenggara,7.071809221752359,Normal
2023-07-25 20:53:00,-7.977390609844084,113.0124600983847,101.23545199336849,299,Barat Laut,10.03100375190202,Normal
2023-07-26 01:33:00,-8.118057957185927,112.9142487823772,28.274333882308138,55,Timur Laut,6.747902929985681,Normal
2023-07-26 08:39:00,-8.123134154689016,112.9228433382913,97.0162316812353,349,Utara,9.943969149189757,Normal
2023-07-26 08:41:00,-7.893316336730768,112.2647588985071,116.8084006950847,136,Tenggara,9.878674191467425,Normal
2023-07-26 10:34:00,-7.917147068015832,112.3227311538783,63.15579470277259,222,Barat Daya,7.227314467087868,Normal
2023-07-26 17:45:00,-7.991129726013341,112.2970810711294,254.3069382765546,3,Utara,10.49497427464598,Normal
2023-07-27 14:39:00,-7.995557152942983,112.253809861331,156.87214569816626,26,Timur Laut,11.83065911138888,Normal
2023-07-27 23:48:00,-8.200824569956701,114.0129990669001,86.8939134536774,22,Utara,11.18425807981941,Normal
2023-07-28 20:14:00,-7.927206733656733,112.9272605911843,46.971889810864425,132,Tenggara,7.572528981209156,Normal
2023-07-29 02:24:00,-7.883550321161729,112.3144462318726,33.67531009066952,188,Selatan,8.84267019327936,Normal
2023-07-29 06:21:00,-7.963422601941877,112.8870058515354,76.00238538337646,74,Timur,10.50754872006864,Normal
2023-07-29 10:17:00,-8.003189153103905,114.2320448826874,28.274333882308138,178,Selatan,9.05053190344227,Normal
2023-07-30 01:40:00,-7.999484688447965,112.3377979503851,157.0991466166229,333,Barat Laut,11.41379496027144,Normal
2023-07-30 07:09:00,-7.987295231994938,112.3090229720368,308.2324965326191,352,Utara,9.925142599990156,Normal
2023-07-30 07:45:00,-8.052768922422455,114.2371898427254,28.274333882308138,162,Selatan,4.990306429047864,Normal
2023-07-30 12:21:00,-7.926025987701423,112.3481396093341,28.274333882308138,262,Barat,8.191915438660939,Normal
2023-07-31 03:11:00,-7.942640015316868,112.9504872732749,149.1713012045005,203,Barat Daya,10.22036181821918,Normal
2023-07-31 04:43:00,-8.103725636486445,113.9764383969917,424.9819965530183,102,Timur,10.6250393775546,Normal
2023-07-31 09:35:00,-8.181593425719417,114.0732216643603,175.30745012148677,334,Barat Laut,10.12645241217307,Normal
2023-07-31 21:39:00,-8.105905153303304,112.9056417213709,47.483716499415046,85,Timur,6.240314997923893,Normal
2023-07-31 22:52:00,-7.946752300181931,112.2847639513593,28.65311537689865,42,Timur Laut,8.124946634266744,Normal
2023-08-04 05:57:00,-7.99009740573159,114.2240381986261,116.13098726260391,167,Selatan,10.30227863505575,Normal
2023-08-05 11:12:00,-8.09891544718624,112.8594848250778,28.274333882308138,103,Timur,9.95989817054453,Normal
2023-08-06 13:52:00,-8.117155941603192,112.9217062974576,28.274333882308138,53,Timur Laut,7.720071771081056,Normal
2023-08-06 22:47:00,-7.926545915117581,112.3029736656933,90.33929953952436,165,Selatan,5.7254373457436,Normal
2023-08-06 23:37:00,-7.97515812017552,112.3415292383154,238.4588644908983,321,Barat Laut,10.64786938083759,Normal
2023-08-06 23:38:00,-8.105546881467296,112.937424197963,47.54533929965836,250,Barat,5.54037648396651,Normal
2023-08-07 02:13:00,-8.143428109112403,114.0394680190786,121.64731132655636,335,Barat Laut,5.449493791319696,Normal
2023-08-09 10:47:00,-8.015423864388666,114.2782089557524,431.2980531542205,220,Barat Daya,9.669619249217895,Normal
2023-08-11 06:49:00,-8.133397015562148,114.0252554615343,28.274333882308138,69,Timur,5.980103927039732,Normal
2023-08-11 07:02:00,-8.107079584083735,112.9565490954753,144.17586479381615,255,Barat,7.224918163908576,Normal
2023-08-12 01:47:00,-7.940948332475025,112.3010954011631,135.4052223306523,357,Utara,6.107423707898842,Normal
2023-08-12 18:39:00,-8.181523401528487,114.0527444360527,292.9732396182067,350,Utara,9.476518440415703,Normal
2023-08-13 07:06:00,-7.963266833400588,112.9309655107158,337.22080547314476,173,Selatan,13.83102565678319,Normal
2023-08-13 18:21:00,-7.93110027689236,112.3434603320241,28.274333882308138,290,Barat,8.792734915133313,Normal
2023-08-14 13:18:00,-8.116229660204892,112.9664812562412,296.1428084833955,275,Barat,7.942285195248098,Normal
2023-08-14 22:09:00,-8.146725174165093,112.9854759529362,30.873490886827916,301,Barat Laut,10.39073806349355,Normal
2023-08-15 09:08:00,-7.955597039184743,112.9420444805212,28.97779521411517,179,Selatan,13.52686774325619,Normal
2023-08-15 15:31:00,-7.91281967684753,112.3297765655583,85.75093860318303,239,Barat Daya,7.764048060287613,Normal
2023-08-15 18:56:00,-8.128644964084296,112.857978097647,163.48558682831043,74,Timur,10.60570759018898,Normal
2023-08-16 09:44:00,-8.169047833837798,112.8699828891009,51.86762474542221,43,Timur Laut,11.23864862624395,Normal
2023-08-17 06:48:00,-8.083533926883288,114.0571646000208,397.95303548173354,210,Barat Daya,8.635520810982868,Normal
2023-08-17 16:16:00,-7.923778269960352,112.9585830435084,47.44066489714652,210,Barat Daya,8.601226080947761,Normal
2023-08-17 20:20:00,-8.117874738178859,112.9103496591753,28.274333882308138,57,Timur Laut,7.106534003628555,Normal
2023-08-17 21:29:00,-8.12014370576885,112.920391153361,41.70771253118258,47,Timur Laut,6.792213848407475,Normal
2023-08-18 04:52:00,-7.890683715987935,112.342805763248,119.94339178235529,234,Barat Daya,9.561009792486143,Normal
2023-08-18 10:59:00,-7.871888131331882,112.2498041244827,293.26990076436886,139,Tenggara,11.14957424599256,Normal
2023-08-19 02:40:00,-8.009296768133684,112.926836342637,78.77728622622529,177,Selatan,12.33980989125617,Normal
2023-08-19 07:45:00,-8.106097922985844,112.9173083720025,28.274333882308138,66,Timur Laut,5.836487385050525,Normal
2023-08-19 07:47:00,-7.903931676780297,113.0075188496709,110.1324765311461,230,Barat Daya,10.15190296314858,Normal
2023-08-20 02:40:00,-7.947584242105604,112.2927724100215,312.1839872754603,40,Timur Laut,8.07174497515935,Normal
2023-08-20 18:48:00,-7.89596757539308,112.9853582956438,54.86564481891656,215,Barat Daya,9.889354043276702,Normal
2023-08-21 17:56:00,-8.131239971117195,112.9859486197,71.14629989972718,291,Barat,10.07825273907145,Normal
2023-08-21 22:15:00,-8.0283634183437,114.2409770045739,111.68761243728433,202,Selatan,6.689131862644002,Normal
2023-08-23 04:38:00,-8.14057548143029,112.9760027282937,310.39138726722535,297,Barat Laut,9.906142981606203,Normal
2023-08-24 01:48:00,-7.924762433122462,112.9442025355494,28.274333882308138,168,Selatan,8.00540808825348,Normal
2023-08-24 15:45:00,-7.875997934795366,112.2446750101532,211.39140728584417,132,Tenggara,11.11454062228767,Normal
2023-08-25 11:04:00,-8.12278056598787,112.9051837243731,198.98651530072235,54,Timur Laut,7.592796709855825,Normal
2023-08-25 13:46:00,-7.948479348577058,113.0154141386437,42.44040738001665,275,Barat,9.008002264202837,Normal
2023-08-26 20:50:00,-8.146798403726404,112.9375583862857,94.30132254796487,321,Barat Laut,8.003971496105486,Normal
2023-08-28 12:24:00,-8.07886492480125,114.2317599758633,79.66850330146067,352,Utara,5.597660095174982,Normal
2023-08-28 15:21:00,-8.088957980713607,112.9838048291502,230.19642823656122,253,Barat,9.429868415586302,Normal
2023-08-29 00:45:00,-7.937917995673694,112.2971958591695,101.63448413651764,43,Timur Laut,7.494989156908285,Normal
2023-08-29 12:27:00,-8.080571987045134,113.9680335399013,355.32758659101665,126,Tenggara,10.87959239777915,Normal
2023-08-29 13:37:00,-8.113529572589318,114.2023942179873,54.74026191407851,34,Timur Laut,9.643217446003332,Normal
2023-08-29 23:28:00,-8.113086310825505,112.9164627779619,88.1095625212111,59,Timur Laut,6.650396227518021,Normal
2023-08-30 15:28:00,-8.121779308605296,112.9054612893897,63.15800923127569,55,Timur Laut,7.522387734599722,Normal
2023-08-30 16:07:00,-8.028245104298929,114.2891524971837,119.59418035277592,235,Barat Daya,9.640024317564299,Normal
2023-08-30 17:04:00,-8.033614856982908,114.2207976076214,72.34044077176988,155,Tenggara,7.095346697470916,Normal
2023-09-01 03:49:00,-7.915965597145406,112.9189100887898,28.274333882308138,130,Tenggara,8.62953243550902,Normal
2023-09-02 02:55:00,-7.882593363289142,112.941728971007,53.281661775987246,173,Selatan,9.887940204536683,Normal
2023-09-02 09:05:00,-8.0435382151659,112.9821663959665,197.01429534468213,217,Barat Daya,11.10914549159967,Normal
2023-09-02 09:29:00,-8.044502883555326,112.9643019762156,47.527794625557135,209,Barat Daya,10.54674590646512,Normal
2023-09-04 08:28:00,-7.942775752681698,112.3119909941517,147.2243726770374,334,Barat Laut,7.469014574253919,Normal
2023-09-04 09:50:00,-8.091673135596247,112.9210423854274,93.86095245176337,198,Selatan,5.09842246443846,Normal
2023-09-04 13:53:00,-8.006428465301763,112.957571268445,76.54164367888168,193,Selatan,12.74858407102612,Normal
2023-09-04 23:55:00,-7.98603707747391,112.9695787543388,265.49918865532646,192,Selatan,13.55807835889957,Normal
2023-09-05 00:02:00,-8.169883056981202,112.8520255584627,89.7326567256067,51,Timur Laut,11.83514276685165,Normal
2023-09-05 02:59:00,-8.120521150096739,113.9687432121937,119.84074257917389,94,Timur,10.64390751037261,Normal
2023-09-05 13:27:00,-8.067393295627957,114.0094319425791,281.72781612395687,150,Tenggara,10.206729683428,Normal
2023-09-05 18:16:00,-7.958817518568557,112.302005849796,350.7127457487512,0,Utara,7.254154658703871,Normal
2023-09-06 00:08:00,-8.070984033972547,112.9276738871569,426.17765358736034,194,Selatan,7.198206421742551,Normal
2023-09-06 04:09:00,-7.929489174697716,112.9404130186434,28.274333882308138,155,Tenggara,7.57036486175944,Normal
2023-09-06 16:29:00,-8.091891542325243,112.9104977000266,64.11996865219409,154,Tenggara,6.187746628578132,Normal
2023-09-07 02:48:00,-8.116440865170155,112.9295468483948,37.046098469246616,351,Utara,10.06601752468072,Normal
2023-09-07 11:12:00,-8.110185860752212,112.9381550410808,240.49393548864768,248,Barat,5.982915185693791,Normal
2023-09-08 05:24:00,-8.105868585809777,114.0497739646609,28.274333882308138,233,Barat Daya,7.713581819132703,Normal
2023-09-08 15:44:00,-7.953108116697713,112.9688514545096,47.424376751403166,177,Selatan,11.98126358705283,Normal
2023-09-09 03:26:00,-8.127717695159207,114.0639856169581,165.28330814924212,263,Barat,6.538718781093982,Normal
2023-09-09 08:01:00,-7.975973742793712,113.0199667711377,116.5649848519199,298,Barat Laut,10.31841384417008,Normal
2023-09-09 10:00:00,-8.116630846295099,112.9157900552392,79.78836669387701,55,Timur Laut,6.697423517806341,Normal
2023-09-10 01:14:00,-8.173133363895317,113.9916130181271,240.93469258769463,38,Timur Laut,10.16618779821784,Normal
2023-09-10 03:07:00,-8.152343742552777,112.975942668403,371.6817038371539,306,Barat Laut,10.26988055278281,Normal
2023-09-10 19:25:00,-7.989125792582779,112.340131977984,44.437661679394964,326,Barat Laut,11.01469671568815,Normal
2023-09-11 00:01:00,-8.1283654965939,114.027117852202,61.005342275688044,72,Timur,6.035209138408568,Normal
2023-09-11 08:01:00,-8.041278441507204,114.2244628474143,28.274333882308138,153,Tenggara,6.575794183702453,Normal
2023-09-11 16:14:00,-8.136081623872638,114.0583202398284,41.90953350155387,278,Barat,6.206277946056202,Normal
2023-09-13 08:14:00,-7.990750499941494,114.235999456013,136.0373798869163,176,Selatan,10.0778127633742,Normal
2023-09-14 04:36:00,-8.073230885653992,114.2333873168821,52.629315743320134,341,Utara,5.482498475817808,Normal
2023-09-14 06:39:00,-8.139349446243015,114.067638376584,320.4559729021473,285,Barat,6.763533977967774,Normal
2023-09-14 17:41:00,-7.942030598767865,112.2718832975855,203.34730473594215,55,Timur Laut,9.432709762650635,Normal
2023-09-15 04:23:00,-8.102972859905464,114.3105391457039,128.67854735314296,303,Barat Laut,11.36211569754498,Normal
2023-09-16 13:08:00,-8.069535760266332,112.9843737123966,50.77715250483972,231,Barat Daya,9.726544162184538,Normal
2023-09-17 17:45:00,-8.001030286469513,112.3082173440433,372.2083256184913,359,Utara,10.86798657411966,Normal
2023-09-17 20:50:00,-8.127827087809788,112.9278492052643,96.63245233817754,346,Utara,9.209554123515757,Normal
2023-09-17 22:53:00,-8.122823922074229,112.9428988173651,149.77195513575964,297,Barat Laut,6.745751368180368,Normal
2023-09-18 04:01:00,-8.067267177004444,114.3072187898002,94.27050346009464,275,Barat,10.19685931283156,Normal
2023-09-18 11:28:00,-8.13458112514338,114.1019186004407,28.274333882308138,280,Barat,9.962550142363217,Normal
2023-09-18 14:37:00,-7.95089035301153,112.2860438727606,72.26186480883086,45,Timur Laut,8.441547071774739,Normal
2023-09-18 22:42:00,-7.992854813720615,114.304588624011,109.19159532942184,226,Barat Daya,11.7044087181439,Normal
2023-09-19 01:33:00,-7.93519133072628,112.2969650972955,28.274333882308138,45,Timur Laut,7.539614193634774,Normal
2023-09-19 23:16:00,-7.913623786495513,112.3191316657571,85.52051255013929,219,Barat Daya,7.085229838039698,Normal
2023-09-20 14:49:00,-8.0919243735594,112.9445481635108,166.0098264666223,228,Barat Daya,6.96602547347187,Normal
2023-09-22 04:56:00,-8.04759782213999,114.2468491988804,101.80030036536375,231,Barat Daya,6.355714982134876,Normal
2023-09-22 06:58:00,-7.889786242464448,112.3733278139252,82.08561868018467,240,Barat Daya,10.89854522728958,Normal
2023-09-22 08:17:00,-8.080946556398919,114.0607347513885,417.7545917419377,220,Barat Daya,8.959730749308287,Normal
2023-09-23 11:59:00,-8.189561259947165,113.9681109169951,104.02969291478588,47,Timur Laut,12.05584833478477,Normal
2023-09-23 22:33:00,-7.964736297353748,112.9478467986654,62.6058956284394,179,Selatan,13.76250199662052,Normal
2023-09-23 23:25:00,-8.000328175675955,112.9987535452062,103.25979315977088,207,Barat Daya,13.12730051093735,Normal
2023-09-24 01:31:00,-8.011018530230556,112.8795169216987,28.274333882308138,154,Tenggara,12.64793060623068,Normal
2023-09-24 15:02:00,-8.077213699264796,114.0961518040749,39.206990812932915,229,Barat Daya,10.56610908638658,Normal
2023-09-25 02:44:00,-8.102949595529338,114.054174475978,28.274333882308138,227,Barat Daya,7.456105292643457,Normal
2023-09-25 12:07:00,-8.11027492214739,112.9018935354634,139.88441726258486,81,Timur,6.486077958105444,Normal
2023-09-25 15:20:00,-8.113815739990246,114.2794305779331,322.9100502126488,326,Barat Laut,10.08941729637632,Normal
2023-09-25 16:25:00,-7.944094846129069,113.002913430839,316.85558415275284,269,Barat,8.22286308039089,Normal
2023-09-25 18:35:00,-7.95634288503753,112.9490653359312,28.274333882308138,180,Selatan,13.44177736872244,Normal
2023-09-27 03:29:00,-8.128705676487652,114.0322799073334,47.55055212878304,70,Timur,5.628267018117167,Normal
2023-09-27 04:50:00,-8.055855677408962,112.9515778555585,111.4602312153562,210,Barat Daya,9.508781063422195,Normal
2023-09-27 11:02:00,-8.133902872075476,114.0323504529577,58.48459242753539,55,Timur Laut,5.648928899681514,Normal
2023-09-27 16:07:00,-7.908549554978082,112.9496954997622,28.274333882308138,179,Selatan,8.430149281341901,Normal
2023-09-29 12:39:00,-8.109136058591616,114.0502192014228,28.274333882308138,236,Barat Daya,7.551205622913957,Normal
2023-09-30 03:11:00,-8.090387583449242,112.9299068428859,28.274333882308138,212,Barat Daya,6.245956568389639,Normal
2023-09-30 06:57:00,-7.964371486481253,112.8907791989941,116.50779011935137,73,Timur,10.25191694880991,Normal
2023-09-30 08:10:00,-8.062843313432436,114.0322796839189,207.40558433328476,168,Selatan,9.327541910496029,Normal
2023-09-30 11:48:00,-7.958102859170921,112.931334522648,30.757872475442927,60,Timur Laut,6.698607254361638,Normal
2023-09-30 14:25:00,-8.100908580246303,114.0909665740156,378.5242195128656,244,Barat Daya,9.612662477120917,Normal
2023-09-30 19:43:00,-8.014009680000504,114.2323313605326,42.572982880844656,176,Selatan,7.90105375777744,Normal
2023-10-01 01:16:00,-8.129819445093995,114.0478514145236,109.60575286772973,263,Barat,5.425623115837425,Normal
2023-10-01 13:54:00,-7.936623599412356,112.3152470988132,35.80155104923195,324,Barat Laut,7.217025106233987,Normal
2023-10-02 05:34:00,-7.993678389255098,113.0087255751833,627.7015579652942,315,Barat Laut,10.27490696837403,Normal
2023-10-02 10:29:00,-7.978577073163244,112.3158221797952,609.7699080665657,339,Utara,9.989970403440246,Normal
2023-10-02 10:40:00,-8.03810313417788,112.9870649094409,34.623478607036326,215,Barat Daya,11.65887184987165,Normal
2023-10-02 10:42:00,-8.07375306277177,114.2330153979766,33.42618864810729,341,Utara,5.631967119137703,Normal
2023-10-02 14:09:00,-7.954753819850638,112.9438227544734,99.9871843355735,180,Selatan,13.27596190762738,Normal
2023-10-02 18:39:00,-8.158878294224259,114.0351296200723,104.09704889421721,2,Utara,6.846870329949436,Normal
2023-10-03 11:48:00,-7.87486593028457,112.3471955875328,150.60624800132308,207,Barat Daya,10.88477352063707,Normal
2023-10-04 11:17:00,-7.893087327036595,112.9175924664149,402.27559835190493,141,Tenggara,10.00635108256984,Normal
2023-10-04 13:30:00,-8.06142482167475,114.0818516039977,66.46408239699718,220,Barat Daya,10.81299101708817,Normal
2023-10-05 10:36:00,-8.133868021950395,114.034173299323,28.274333882308138,61,Timur Laut,5.904372684041768,Normal
2023-10-05 11:05:00,-8.06436541832822,114.2241622070602,28.274333882308138,115,Tenggara,5.977457518180351,Normal
2023-10-05 16:36:00,-7.92604244955402,112.3028025964638,28.274333882308138,173,Selatan,5.538355703705956,Normal
2023-10-06 21:15:00,-7.947539429550331,112.2972369564996,28.274333882308138,5,Utara,6.167601786356694,Normal
2023-10-06 23:55:00,-7.992345360665358,113.0134757480393,99.18514315413859,304,Barat Laut,10.5337931924572,Normal
2023-10-07 05:07:00,-7.926762504998033,112.3274154650017,83.07752460550978,318,Barat Laut,7.958790323529835,Normal
2023-10-07 17:28:00,-8.130187758034442,114.2134847200228,31.60600557779452,22,Utara,10.30835136110318,Normal
2023-10-07 20:16:00,-7.923149945920946,112.9424547703195,105.27542947451724,164,Selatan,8.066438685855323,Normal
2023-10-09 00:05:00,-7.944369321974327,112.8909131353232,241.80916794869924,90,Timur,9.781663811397088,Normal
2023-10-09 03:51:00,-8.041352903252541,114.2411902385016,28.274333882308138,172,Selatan,5.879947676715251,Normal
2023-10-09 11:24:00,-7.871540247970325,112.9689831061727,216.69099822457628,190,Selatan,10.78097138037596,Normal
2023-10-10 08:34:00,-8.12672652379632,112.9417885385852,228.4948031392182,306,Barat Laut,6.996416922013644,Normal
2023-10-10 20:29:00,-8.045611132320435,112.9542102109755,36.59884707133099,201,Selatan,10.22449544970931,Normal
2023-10-10 22:05:00,-8.090731496988115,112.9287664732772,82.00734479204371,211,Barat Daya,6.13863804270715,Normal
2023-10-12 21:41:00,-7.942829466297347,112.3292459154893,64.30765082998099,303,Barat Laut,8.180499977418581,Normal
2023-10-13 04:01:00,-7.960950774825569,112.2627524034571,222.62144107449348,53,Timur Laut,10.08317459918509,Normal
2023-10-13 07:47:00,-8.0606547649181,114.1943711049462,28.97141738537513,88,Timur,7.631986314385671,Normal
2023-10-14 21:51:00,-8.156570025040427,112.9298409775282,66.26395927621792,351,Utara,8.354637597056414,Normal
2023-10-15 02:30:00,-7.919841478836442,112.9912680604986,275.0756891626842,242,Barat Daya,8.78457202284569,Normal
2023-10-15 07:55:00,-8.11576303214161,112.9033351974665,354.8631386283196,67,Timur Laut,6.50116264896049,Normal
2023-10-15 12:24:00,-8.049530234263104,114.2096195539031,143.21717664145334,125,Tenggara,7.175315650085041,Normal
2023-10-16 14:45:00,-7.907307113583498,112.2392754651428,80.40801394850894,117,Tenggara,10.18095666927372,Normal
2023-10-17 01:28:00,-7.862717659093015,112.2836789975312,124.45785526924071,157,Tenggara,10.41693873329566,Normal
2023-10-17 07:23:00,-8.120168298795328,114.2009513204055,150.72321162749614,33,Timur Laut,10.07127342275314,Normal
2023-10-18 09:24:00,-7.922152613123786,112.9491939990846,141.94024435137752,189,Selatan,8.137792747916022,Normal
2023-10-21 02:26:00,-7.937797851496122,112.9353192809986,96.30833177787707,134,Tenggara,6.763399517936064,Normal
2023-10-22 01:17:00,-8.138572516208328,114.0573786055357,38.14293699754815,283,Barat,5.860475266930773,Normal
2023-10-22 17:36:00,-8.001293979955683,114.2764180662798,32.630563936090255,213,Barat Daya,10.21853569771118,Normal
2023-10-23 17:38:00,-8.076934832072329,113.9948762971834,117.27464127793483,137,Tenggara,10.33509115627316,Normal
2023-10-24 12:43:00,-7.860422416158372,112.340517190047,214.49380955077632,201,Selatan,10.80384671268108,Normal
2023-10-24 16:26:00,-8.156315440971985,114.0525621312129,90.8000475664035,331,Barat Laut,7.303789551397613,Normal
2023-10-24 17:38:00,-8.089452218759126,114.0007338200335,41.62843481280031,132,Tenggara,9.5626791299768,Normal
2023-10-24 23:35:00,-8.105899447186294,114.0044505624461,37.847958188535,121,Tenggara,8.50407935529456,Normal
2023-10-28 00:24:00,-7.896103899971886,112.3762290986324,184.1572262415954,244,Barat Daya,10.9551547307867,Normal
2023-10-28 07:40:00,-7.878468701475899,113.0143963497908,53.29985958301555,213,Barat Daya,11.60388727540979,Normal
2023-10-28 09:35:00,-8.145965119886696,112.9709185390551,77.74065447747788,303,Barat Laut,9.711722736242134,Normal
2023-10-28 09:37:00,-8.043106377095773,114.2471903937878,41.6581567387082,215,Barat Daya,6.342157351533379,Normal
2023-10-28 11:34:00,-8.041540973178893,114.2355912022855,92.13416448123051,166,Selatan,5.974578461842752,Normal
2023-10-28 17:03:00,-8.06969410219013,114.2294162640203,209.68837899472527,355,Utara,5.029492786288323,Normal
2023-10-30 05:04:00,-8.065607315917655,114.2328939030299,34.058338505390125,330,Barat Laut,7.427576862384674,Normal
2023-10-30 05:56:00,-8.05037066932942,114.2298473529618,32.87106434501705,150,Tenggara,6.306581719106845,Normal
2023-10-31 06:27:00,-8.05583299772353,114.2365991964547,28.274333882308138,154,Tenggara,5.423162060131077,Normal
2023-10-31 15:40:00,-8.115842641796778,114.0536664727023,59.76456824124395,242,Barat Daya,6.941575767414196,Normal
2023-10-31 23:14:00,-7.9426747470138,112.93875607913,229.32476815705567,80,Timur,5.559608088999438,Normal
2023-11-01 06:03:00,-8.110263926172331,114.0639038862468,172.2304230449219,240,Barat Daya,8.089705626881788,Normal
2023-11-01 18:49:00,-7.945599738276383,112.9346800231455,49.076925537324634,79,Timur,5.992856869336025,Normal
2023-11-02 19:42:00,-7.936395528679542,112.95554991891,28.274333882308138,204,Barat Daya,9.372346274718753,Normal
2023-11-02 20:55:00,-8.075589145849362,114.2934469172383,39.59429124326211,289,Barat,9.54239012438905,Normal
2023-11-02 21:04:00,-7.934411621034083,112.3142821225179,28.274333882308138,326,Barat Laut,7.036679856630807,Normal
2023-11-03 16:47:00,-8.070306252456987,114.2424891052844,182.00459592016716,307,Barat Laut,7.220667951833926,Normal
2023-11-03 22:02:00,-7.995224684212083,112.3672499414483,379.2243616776419,311,Barat Laut,11.59616759368512,Normal
2023-11-04 08:44:00,-7.966222747478197,112.3807867545518,39.74313415343244,297,Barat Laut,11.6959086405553,Normal
2023-11-05 05:31:00,-8.093312953188155,114.0928197180545,335.2075100940132,240,Barat Daya,9.859467050903483,Normal
2023-11-06 01:27:00,-8.100308067043757,112.901045370016,28.274333882308138,89,Timur,6.781737248418318,Normal
2023-11-07 00:38:00,-7.916051929074068,112.29195495967,270.2229337330288,158,Selatan,6.718614330319328,Normal
2023-11-09 01:13:00,-8.108727894568853,112.9366767411304,58.97099686869923,244,Barat Daya,5.844628458679848,Normal
2023-11-09 07:10:00,-8.001157019062925,112.32486982437,192.68008026923508,337,Barat Laut,11.09830501010313,Normal
2023-11-11 12:08:00,-7.900471613775336,112.9538677890463,246.19936336906656,181,Selatan,8.03000215284412,Normal
2023-11-11 14:21:00,-8.088628497483136,112.8781675199808,40.835580284890966,121,Tenggara,9.041487741352118,Normal
2023-11-11 14:47:00,-8.161284831795289,114.1033458406287,252.76106525069116,296,Barat Laut,10.66809449622329,Normal
2023-11-12 02:50:00,-7.928887293721031,112.3024715924822,28.274333882308138,349,Utara,5.53349366733656,Normal
2023-11-12 03:18:00,-7.93139693536498,112.3183363506216,60.6073441867174,311,Barat Laut,7.350099470659398,Normal
2023-11-12 04:50:00,-8.124755781246392,112.9575868888153,412.08990401933835,287,Barat,7.569348386392639,Normal
2023-11-12 07:14:00,-8.174795300545838,112.9526219703483,170.83268962824562,332,Barat Laut,10.52025169730043,Normal
2023-11-12 09:58:00,-8.061296952537685,112.8662884100527,314.11071538426114,133,Tenggara,10.63832699438481,Normal
2023-11-13 10:42:00,-7.895016096156276,112.2420427274525,57.20068960617766,124,Tenggara,10.40086578132767,Normal
2023-11-13 12:26:00,-8.048537237661174,114.2430255557184,91.87191636597537,226,Barat Daya,6.119666515152988,Normal
2023-11-13 20:07:00,-8.161065287794083,112.8586662726423,38.26763015929252,55,Timur Laut,11.48308268713297,Normal
2023-11-14 06:59:00,-8.119370667149495,112.9051392297635,43.22369206897555,63,Timur Laut,6.697243235189065,Normal
2023-11-16 18:52:00,-7.996449367855092,114.2197641131221,248.4304804122412,165,Selatan,9.825092375960379,Normal
2023-11-17 15:42:00,-7.969091336349816,112.991874986706,190.607927420354,309,Barat Laut,8.544393044553997,Normal
2023-11-19 10:26:00,-8.124321520239079,114.2747630155571,428.7345285990061,331,Barat Laut,10.30320336452609,Normal
2023-11-19 18:26:00,-8.072572875484688,112.9065097492385,28.274333882308138,161,Selatan,7.855779554483192,Normal
2023-11-20 00:19:00,-7.928691151945165,112.2922632206221,28.274333882308138,52,Timur Laut,7.796722783997698,Normal
2023-11-20 12:10:00,-8.0887885131934,112.9729339975469,41.41789945072807,245,Barat Daya,9.116556798953155,Normal
2023-11-21 01:31:00,-8.054149198186398,114.2219034489493,105.3584231222799,136,Tenggara,6.164342114807465,Normal
2023-11-22 12:20:00,-8.102183003518986,114.2099673032447,35.777022789703445,32,Timur Laut,8.78076210686774,Normal
2023-11-22 20:59:00,-8.131538050138044,114.2044363258604,51.96120818480083,28,Timur Laut,10.74945731491636,Normal
2023-11-23 07:22:00,-7.961569822515895,112.9276022790793,216.9930221259209,55,Timur Laut,7.422354310310906,Normal
2023-11-25 02:20:00,-8.060053007434375,114.2226234028518,28.274333882308138,118,Tenggara,5.989517231190071,Normal
2023-11-25 07:22:00,-8.09990782380442,114.2177587801008,124.81106411271574,25,Timur Laut,8.234459802047235,Normal
2023-11-26 12:37:00,-8.094924272601888,112.9062120939328,45.63368305440725,88,Timur,6.467431386824976,Normal
2023-11-27 06:50:00,-8.039996540357896,112.887353084493,394.7801238794907,153,Tenggara,10.95067632003507,Normal
2023-11-27 12:37:00,-8.07759149092285,114.1906149957449,227.77920504359682,68,Timur,8.66187179508951,Normal
2023-11-28 07:32:00,-7.887055035681761,112.8840299950636,34.0280704757581,129,Tenggara,12.05781321037159,Normal
2023-11-28 18:55:00,-7.954092279819037,112.966793923014,28.274333882308138,178,Selatan,12.11077733589755,Normal
2023-11-29 06:40:00,-7.997597791043876,112.2900062836074,65.39379954433873,7,Utara,11.23842015006399,Normal
2023-11-29 10:25:00,-7.948104465223988,112.3460035272395,125.34128527775832,303,Barat Laut,9.856067349306032,Normal
2023-11-29 18:02:00,-8.086108597650632,112.8724806575466,38.822030560447196,122,Tenggara,9.468214460993414,Normal
2023-12-01 07:00:00,-7.892038843946471,112.3476514317925,284.57750877412514,236,Barat Daya,9.627025395737192,Normal
2023-12-01 07:37:00,-8.045862104730237,112.8883364889722,183.79628314716143,154,Tenggara,10.51132418706761,Normal
2023-12-01 16:09:00,-8.14993137858856,112.9794434534682,211.2370194001582,303,Barat Laut,10.45282887075444,Normal
2023-12-01 19:00:00,-7.936351622169817,112.3159569335642,50.40202405526293,330,Barat Laut,7.199728174280843,Normal
2023-12-02 12:17:00,-7.923871224857676,112.3295028789582,28.274333882308138,261,Barat,6.159690775555339,Normal
2023-12-02 16:11:00,-8.061102664215191,112.9110333710753,459.3340939234954,24,Timur Laut,13.29356638707026,Normal
2023-12-02 17:42:00,-8.080457742260869,112.9431577065503,58.05741398366657,214,Barat Daya,7.596939888805034,Normal
2023-12-04 21:18:00,-7.915394453080051,112.3590594735387,28.274333882308138,254,Barat,9.669631491514862,Normal
2023-12-04 23:04:00,-8.125570186686359,114.039503448289,155.69132821828535,248,Barat,5.451694694411167,Normal
2023-12-04 23:47:00,-8.091419058875395,112.911689189568,28.274333882308138,156,Tenggara,6.18841792034074,Normal
2023-12-05 04:15:00,-8.054859771847442,112.9779541029637,72.84613855879716,218,Barat Daya,10.34501693778186,Normal
2023-12-05 06:31:00,-8.13435255505528,112.9230334128677,213.1261290306999,350,Utara,8.544278583744887,Normal
2023-12-05 09:50:00,-7.927652955567554,112.9134293445472,133.11006620120415,113,Tenggara,8.471330699327343,Normal
2023-12-06 00:05:00,-7.979743665841252,112.905004276206,61.21542066995061,162,Selatan,13.59089254714367,Normal
2023-12-07 10:53:00,-8.058871949066901,114.2288635129799,152.8911295354207,138,Tenggara,5.905131889886317,Normal
2023-12-08 01:12:00,-8.071020048924158,114.2434447125469,32.200659594883284,316,Barat Laut,7.479524826208166,Normal
2023-12-09 05:18:00,-7.92449342934198,112.9537770071534,28.274333882308138,208,Barat Daya,8.797368642897666,Normal
2023-12-09 17:31:00,-7.887401947384934,112.9592845608456,83.48444428893377,183,Selatan,9.448087371660955,Normal
2023-12-10 05:10:00,-7.990177205921935,112.3463591019696,236.316499864844,326,Barat Laut,11.10440074433446,Normal
2023-12-11 01:27:00,-8.108040791413316,114.0010289120376,28.274333882308138,115,Tenggara,8.714143963016785,Normal
2023-12-11 02:12:00,-8.15825691576693,112.8532960600004,368.91293928053506,59,Timur Laut,11.50642235847888,Normal
2023-12-11 20:36:00,-8.137322375388711,114.0506365542116,117.22262766266707,281,Barat,5.346895561175762,Normal
2023-12-12 02:21:00,-8.101678265530204,112.9241676511685,43.45077131889855,72,Timur,4.99835075408533,Normal
2023-12-12 07:04:00,-8.19668056056398,113.9719908725456,205.5875346047538,43,Timur Laut,11.97847488828882,Normal
2023-12-13 22:19:00,-7.983862935427092,112.3673372944133,60.599522808867235,315,Barat Laut,11.79630209243384,Normal
2023-12-15 00:59:00,-7.980718258431934,112.3769171514725,42.419828052185416,303,Barat Laut,11.83505039685747,Normal
2023-12-15 15:20:00,-7.875732220506533,112.3271519194768,61.55679049725281,199,Selatan,9.927159439792153,Normal
2023-12-15 16:26:00,-7.90361829476105,112.348828362264,191.54906329204724,246,Barat Daya,8.948449534266977,Normal
2023-12-15 17:26:00,-8.027861495206015,114.2394226925475,96.07708078925651,195,Selatan,6.255120533083332,Normal
2023-12-15 23:25:00,-7.897677378700191,112.2569146977836,159.19270176884677,130,Tenggara,9.86976242320525,Normal
2023-12-16 01:41:00,-8.168523268616433,114.0528753022318,39.297915866161304,346,Utara,8.243773823739597,Normal
2023-12-17 07:33:00,-8.115064742078465,114.0245003267416,81.38636915501519,116,Tenggara,6.857689141707658,Normal
2023-12-17 08:39:00,-8.093134962479068,114.2050841161975,91.7964377450235,41,Timur Laut,8.451071761393182,Normal
2023-12-18 10:52:00,-7.935726949749022,112.301423694135,83.55173925675578,355,Utara,5.942674952354441,Normal
2023-12-19 13:16:00,-8.125658814323552,114.0491554046427,128.87424480091778,259,Barat,5.575128123272202,Normal
2023-12-20 01:06:00,-8.004512236994344,114.2407720233445,586.4810374381885,186,Selatan,8.949376685447435,Normal
2023-12-20 07:24:00,-7.999963653470974,112.3265106279094,144.496781289021,337,Barat Laut,10.98954479867628,Normal
2023-12-20 11:12:00,-7.942599080904619,112.3065276774968,137.20416026988153,347,Utara,6.401154606853131,Normal
2023-12-20 23:36:00,-8.165266690338244,112.863173419836,123.93159466638235,47,Timur Laut,11.48087642522685,Normal
2023-12-22 00:28:00,-7.959099948481636,112.958479110783,46.91439408404306,183,Selatan,13.89589254434202,Normal
2023-12-22 18:43:00,-7.935715543908277,112.252499667205,301.2595269126588,78,Timur,9.956329960901675,Normal
2023-12-23 07:56:00,-8.007461076793811,114.1994583234434,70.59047185008555,141,Tenggara,9.684054285013517,Normal
2023-12-23 16:33:00,-8.123482074185292,112.90861515252,28.274333882308138,49,Timur Laut,7.871470033207423,Normal
2023-12-23 23:27:00,-8.067210607113653,114.1708272052379,107.011193026438,82,Timur,10.05220354448553,Normal
2023-12-24 06:45:00,-8.138086159124969,114.0381047455887,28.274333882308138,36,Timur Laut,5.709398272020545,Normal
2023-12-24 20:37:00,-7.934908555451367,112.2732254266223,162.84185603555096,59,Timur Laut,9.284127682936715,Normal
2023-12-25 10:52:00,-8.19083061158148,114.0190313648933,47.63968031882666,22,Utara,10.52116397835894,Normal
2023-12-25 13:04:00,-8.010990166426973,113.0067192410976,320.56905166429874,215,Barat Daya,12.84535777726339,Normal
2023-12-25 23:34:00,-7.940098792280267,112.9556833990751,67.25636386658432,206,Barat Daya,9.948125251038423,Normal
2023-12-28 05:42:00,-7.963748109446183,112.2806573741816,273.90905450641276,31,Timur Laut,9.33749459598093,Normal
2023-12-28 20:04:00,-7.997145404215435,114.1682790397961,392.0765554884024,133,Tenggara,11.45445508021285,Normal
2023-12-28 20:15:00,-8.112790741665147,112.9592668867001,401.7643121800914,268,Barat,7.114366394696929,Normal
2023-12-28 23:42:00,-7.932836112408781,112.9380773887675,151.16861582172152,136,Tenggara,6.965403815088719,Normal
2023-12-29 22:02:00,-7.869674282207169,112.2779726945518,52.790010673478044,155,Tenggara,10.30592688090368,Normal
2023-12-30 00:22:00,-8.150100077499612,113.9715836185563,422.19873457902656,64,Timur Laut,10.34113185205611,Normal
2023-12-30 00:30:00,-7.946023289833241,112.9300705972829,28.274333882308138,78,Timur,6.313011566381071,Normal
2023-12-31 15:30:00,-8.079037670488905,112.9014995625627,139.58746817136162,155,Tenggara,7.607081723026943,Normal
2023-12-31 16:20:00,-8.167440543526839,112.9600869448433,63.01393104723019,323,Barat Laut,10.29791257631208,Normal
2023-12-31 22:04:00,-8.140959663292477,112.9490358238947,361.35190918846763,312,Barat Laut,8.277374236810948,Normal
2024-01-01 06:30:00,-8.171100439510294,113.992620273323,323.47845147114583,38,Timur Laut,9.994631640947922,Normal
2024-01-01 15:30:00,-7.937514494643739,112.3071906257434,28.274333882308138,344,Utara,5.89274950136235,Normal
2024-01-02 12:08:00,-8.038703233216937,114.2025979161866,389.8684527718703,127,Tenggara,8.307352350696082,Normal
2024-01-02 22:17:00,-8.052196152326117,112.9756147942452,294.85553529213547,219,Barat Daya,10.65479423244591,Normal
2024-01-03 04:36:00,-7.88777437761002,113.0202211455498,201.13260635194607,231,Barat Daya,11.12600606527617,Normal
2024-01-03 10:50:00,-8.134189213215306,114.0169053009773,344.6546420067272,72,Timur,6.586535290238396,Normal
2024-01-03 15:42:00,-7.913683733223755,112.3027811180049,28.274333882308138,172,Selatan,6.391888669665175,Normal
2024-01-04 11:40:00,-7.928182583229932,112.9751035035539,457.5252578867986,230,Barat Daya,7.932151066413422,Normal
2024-01-05 20:42:00,-7.990460546655592,114.2506800972694,124.71711692345033,191,Selatan,10.28913171904065,Normal
2024-01-06 22:05:00,-8.132415270182635,114.0337594564434,130.82870507085056,65,Timur Laut,5.427962062749466,Normal
2024-01-07 12:53:00,-7.995608560136224,112.9999744324958,276.5831656639191,205,Barat Daya,13.15735417147522,Normal
2024-01-08 12:59:00,-8.106953539967042,112.9164933687603,28.274333882308138,65,Timur Laut,5.896130439218902,Normal
2024-01-08 18:55:00,-7.981639707300221,112.2604296339365,319.0742842964339,38,Timur Laut,10.88750764827814,Normal
2024-01-10 16:24:00,-8.045472143618042,114.1853669905355,311.23856327903167,111,Timur,9.423011893152761,Normal
2024-01-11 22:50:00,-8.07557816346099,112.9149024950838,31.67088714652518,174,Selatan,6.749975457745764,Normal
2024-01-12 07:34:00,-8.030432008982052,114.304966117434,28.274333882308138,246,Barat Daya,10.57592169475587,Normal
2024-01-12 09:00:00,-7.958204808689944,112.948087423416,149.0507827225634,179,Selatan,13.6247184239362,Normal
2024-01-13 07:23:00,-7.964934638135204,112.9903573059222,38.61498470394622,305,Barat Laut,8.274793845110418,Normal
2024-01-13 09:16:00,-8.128086789338145,114.0577744340945,28.274333882308138,263,Barat,6.163580749297928,Normal
2024-01-13 15:23:00,-8.137310206331538,114.0298284497992,34.10397547785737,47,Timur Laut,5.865590904938415,Normal
2024-01-13 19:03:00,-7.890387086212896,112.2631048655049,120.76685242848168,138,Tenggara,10.0039306226846,Normal
2024-01-14 20:15:00,-7.994784921678414,112.2481582115849,307.9553579355839,28,Timur Laut,11.72375230467314,Normal
2024-01-15 12:59:00,-8.138395410959308,112.9566381767244,33.056975159871385,302,Barat Laut,8.559871741159327,Normal
2024-01-15 21:00:00,-8.159758721447322,114.0947334147504,162.45785362217717,303,Barat Laut,9.762078617053508,Normal
2024-01-16 19:15:00,-8.024030840678696,114.2562449881175,201.79149250915594,202,Selatan,7.564835326106127,Normal
2024-01-19 17:01:00,-8.046129514850707,112.873983674759,35.418462404762444,143,Tenggara,11.0595371678135,Normal
2024-01-20 16:50:00,-7.934680911837654,112.3210967382184,45.58209182495904,314,Barat Laut,7.526941044076263,Normal
2024-01-21 07:15:00,-7.894282120361193,112.9078206833022,376.5460705915384,134,Tenggara,10.28524821999842,Normal
2024-01-21 12:42:00,-8.025003174426054,114.2235688465428,28.274333882308138,163,Selatan,7.26545038267522,Normal
2024-01-21 20:00:00,-8.16698111884755,114.0311127617248,109.7779207240951,9,Utara,7.525521442552806,Normal
2024-01-22 03:15:00,-8.095252406141917,114.0386300433476,59.25973386120057,192,Selatan,6.413382622773764,Normal
2024-01-23 08:01:00,-7.901644092606124,112.2898986179164,403.9764785696188,157,Tenggara,7.804295482656551,Normal
2024-01-24 16:58:00,-7.878430206062834,112.2479459492632,28.274333882308138,141,Tenggara,11.20750724121881,Normal
2024-01-25 08:02:00,-8.093456884399014,114.0831435101777,335.7469816442933,235,Barat Daya,9.492296196944238,Normal
2024-01-26 04:16:00,-8.047346834751684,114.2436719298213,28.274333882308138,228,Barat Daya,6.151554547922158,Normal
2024-01-26 15:05:00,-8.11791458583099,114.0312518601404,92.9659605862509,112,Timur,6.42676138647078,Normal
2024-01-26 23:55:00,-7.946552328976553,112.9619872583021,35.1842989610386,235,Barat Daya,7.716660699176222,Normal
2024-01-28 07:23:00,-7.884376552604631,112.2756630316723,526.9223009978964,152,Tenggara,9.837821426964796,Normal
2024-01-28 20:37:00,-7.958126386981683,112.9378375607395,72.8299143735131,177,Selatan,13.43624952491828,Normal
2024-01-30 18:03:00,-7.931717659951139,112.3257723575325,28.274333882308138,308,Barat Laut,7.871996105580136,Normal
2024-01-31 13:11:00,-7.949729785481761,112.9328325847985,28.274333882308138,75,Timur,6.160750389427767,Normal
2024-02-01 04:44:00,-7.905263915767323,112.9845424320416,38.822030560447196,217,Barat Daya,9.383150462672603,Normal
2024-02-01 08:30:00,-7.957079805649379,112.8923797857494,71.14629989972718,78,Timur,9.866325981226968,Normal
2024-02-01 10:56:00,-7.938567659903926,112.9643941200087,28.274333882308138,218,Barat Daya,9.21194669528612,Normal
2024-02-01 21:14:00,-7.94158871529478,112.9803208772686,310.75778726997856,257,Barat,7.112206740982602,Normal
2024-02-02 01:06:00,-7.912199358679215,112.2966694936779,77.89556720142667,171,Selatan,6.29191368132881,Normal
2024-02-02 09:58:00,-7.896175157389825,112.3742318585954,176.4982245728542,247,Barat Daya,10.91001470068649,Normal
2024-02-02 18:49:00,-7.881329623514997,113.0134860231842,230.39645448293365,223,Barat Daya,11.12560461667221,Normal
2024-02-03 04:29:00,-7.936634969137002,112.3163079795432,28.274333882308138,330,Barat Laut,7.223415644415235,Normal
2024-02-03 16:37:00,-7.871757349104697,112.8969040115875,111.96238068560505,136,Tenggara,12.04636843210562,Normal
2024-02-04 12:58:00,-8.116053429260367,113.9812785425157,53.83409618369463,98,Timur,9.8386361380967,Normal
2024-02-05 14:19:00,-8.07237155503663,114.2425169783188,28.274333882308138,324,Barat Laut,7.471826133769536,Normal
2024-02-05 16:58:00,-7.868789016346565,112.3090007844827,421.64614372275605,178,Selatan,10.37211381650302,Normal
2024-02-07 18:07:00,-7.884231960014819,112.3079188567389,216.38861661716544,182,Selatan,8.677029911006965,Normal
2024-02-08 10:10:00,-7.983292512603521,112.9440169137739,258.0616202093861,178,Selatan,13.49099032247864,Normal
2024-02-09 05:26:00,-8.100822490391584,114.0799237306164,345.44893647221824,238,Barat Daya,8.98959032602453,Normal
2024-02-09 17:41:00,-8.091172967263097,112.9242253459803,63.92875304881652,203,Barat Daya,5.513695695377846,Normal
2024-02-10 02:33:00,-7.885337942919229,112.3038289193352,538.5134735038622,178,Selatan,8.623524662932656,Normal
2024-02-10 18:38:00,-7.938074741384081,112.9636255133159,28.274333882308138,216,Barat Daya,9.470820759299578,Normal
2024-02-11 04:23:00,-8.136797639206431,114.0551592990925,43.82987592527584,278,Barat,5.941975722903507,Normal
2024-02-13 01:17:00,-7.972196387223932,112.2479008270727,40.826492779509856,45,Timur Laut,11.00505207409469,Normal
2024-02-13 06:12:00,-7.927901623865329,112.3240145352533,28.274333882308138,321,Barat Laut,7.848085982408563,Normal
2024-02-13 06:46:00,-8.14473681230206,114.0238945495505,82.29639349971568,39,Timur Laut,6.999530115078385,Normal
2024-02-14 18:29:00,-8.141749816428668,112.9195091915999,44.35439306201323,4,Utara,7.91943041192313,Normal
2024-02-15 01:29:00,-7.95064323843897,112.9309806790229,28.274333882308138,75,Timur,6.465713640247472,Normal
2024-02-15 04:55:00,-8.087452446398231,114.2447060800454,393.48392298107774,333,Barat Laut,7.506639030800679,Normal
2024-02-15 23:39:00,-8.095606138140687,114.2110233497633,407.5393189851739,31,Timur Laut,8.324439991389236,Normal
2024-02-15 23:56:00,-8.125237237117872,112.9441462248604,140.227826776,288,Barat,6.472799785127882,Normal
2024-02-18 10:05:00,-8.006108434965117,114.266073760012,28.274333882308138,209,Barat Daya,9.514386859579519,Normal
2024-02-18 20:13:00,-8.044326248297214,112.8838819669636,124.38016320612087,150,Tenggara,10.79417370352733,Normal
2024-02-21 15:20:00,-8.111894263212095,112.9003923968986,28.274333882308138,77,Timur,6.666856036573149,Normal
2024-02-23 02:50:00,-8.07786393875392,112.9671880472417,260.37971414734903,235,Barat Daya,9.086199983575003,Normal
2024-02-23 04:07:00,-8.066828870649164,112.855930668785,53.295415364543814,126,Tenggara,10.81370135077029,Normal
2024-02-23 04:11:00,-8.098402147206558,112.8928269498756,185.09423990865457,89,Timur,7.631004664458095,Normal
2024-02-25 06:59:00,-7.905997131311723,112.9650720051538,126.22240680367565,210,Barat Daya,9.280760431123168,Normal
2024-02-26 05:22:00,-8.093968748851918,113.999525671035,69.43073709387323,126,Tenggara,9.481817282209526,Normal
2024-02-27 00:24:00,-7.927078300332971,112.3273499347051,88.89513567534622,319,Barat Laut,7.977696423429721,Normal
2024-02-27 06:36:00,-8.131145043237971,114.0098679325914,695.0335889699179,79,Timur,6.580219632856917,Normal
2024-02-28 22:25:00,-7.996638559920802,114.2591389202774,114.53226703716236,199,Selatan,9.915238474326452,Normal
2024-02-29 07:16:00,-8.070547097011906,114.0715327816923,234.6759895867469,222,Barat Daya,9.86097823016837,Normal
2024-02-29 07:41:00,-7.983429322617394,112.3281101206992,36.5611141435669,330,Barat Laut,10.51922726328986,Normal
2024-02-29 08:01:00,-7.879744880765375,112.9836626480533,28.274333882308138,197,Selatan,10.52160329212408,Normal
2024-02-29 14:43:00,-7.972047589008676,112.9296638740091,63.65515720420341,173,Selatan,13.64903554821001,Normal
2024-02-29 20:08:00,-8.098037309123766,114.2768033530836,52.84618904155165,310,Barat Laut,9.303204457329118,Normal
2024-03-01 01:43:00,-8.122008664446746,114.0832746772773,125.10895136250274,267,Barat,8.153642747234384,Normal
2024-03-01 04:28:00,-8.011470081902791,112.9760742996792,49.16021450698527,202,Selatan,12.96273204459888,Normal
2024-03-02 17:01:00,-7.995298309471932,112.9166522851374,80.93438909019652,173,Selatan,13.07982378584239,Normal
2024-03-03 18:19:00,-8.119691816917657,114.069836452562,31.034637713461027,256,Barat,6.998466506779074,Normal
2024-03-03 21:05:00,-7.914951258293097,112.9004916475138,310.36914705916763,120,Tenggara,10.13801503566028,Normal
2024-03-04 00:06:00,-8.063823430533876,114.2580033237318,28.274333882308138,294,Barat Laut,7.846952074513947,Normal
2024-03-04 01:06:00,-7.913908789669523,112.3178138838042,57.438439867014154,225,Barat Daya,6.665324856433148,Normal
2024-03-04 06:37:00,-7.998494662672212,114.1833782534553,38.783527362025666,136,Tenggara,10.88412227380454,Normal
2024-03-04 23:23:00,-8.042034789585774,112.9476496505739,188.10816867606033,202,Selatan,10.35693413386269,Normal
2024-03-05 00:10:00,-8.074128156153588,112.9454261097978,28.274333882308138,219,Barat Daya,8.418037248511117,Normal
2024-03-05 03:36:00,-8.13201671479023,114.1071615649905,51.839814658551695,279,Barat,10.44471064226019,Normal
2024-03-05 14:34:00,-7.868008323575345,112.8945412875569,252.28638259108956,139,Tenggara,12.12817029254526,Normal
2024-03-06 18:57:00,-8.15424622481743,114.0282327761147,344.3209746297278,12,Utara,6.274556140049731,Normal
2024-03-07 19:56:00,-8.117418964405903,114.055986437442,45.2730584909355,243,Barat Daya,6.974605579350413,Normal
2024-03-08 07:06:00,-8.090037740054251,114.1789022004905,200.68012130367504,61,Timur Laut,9.83081162433406,Normal
2024-03-08 22:46:00,-8.110731165710023,114.1813700599411,252.983800054133,50,Timur Laut,10.46087924956634,Normal
2024-03-09 14:24:00,-7.961493999485507,112.2578805255727,75.11789439291697,56,Timur Laut,10.07152026380209,Normal
2024-03-11 02:32:00,-7.942235453522716,112.3098221374572,28.274333882308138,345,Utara,6.181042096163021,Normal
2024-03-11 03:43:00,-7.953960514317633,112.9459456967298,634.4942184211156,183,Selatan,12.71848800728481,Normal
2024-03-11 10:36:00,-7.992054423206794,112.3618841429742,28.274333882308138,319,Barat Laut,11.75279591164146,Normal
2024-03-13 01:02:00,-8.043219542640907,112.9321663848276,30.633002428308693,187,Selatan,9.968405322388977,Normal
2024-03-13 02:10:00,-8.123228916266203,112.9158518168466,116.71225446219235,355,Utara,8.952335692192417,Normal
2024-03-13 06:14:00,-8.173417859464198,112.927403613781,77.29376851363544,351,Utara,9.768480680076888,Normal
2024-03-13 10:32:00,-7.989814630401766,112.3382241090495,123.34858181616977,327,Barat Laut,10.99806623173281,Normal
2024-03-13 18:04:00,-8.072031976277547,114.0903015250999,267.8438436453881,226,Barat Daya,10.83303054790146,Normal
2024-03-13 19:58:00,-8.050121573627516,114.1848642829322,69.87799362534645,96,Timur,8.6458997591322,Normal
2024-03-14 04:02:00,-8.002131828786265,114.1979268074857,202.043861357777,141,Tenggara,10.21685401624363,Normal
2024-03-14 04:25:00,-8.026384356227345,114.1848011589217,63.63282513815747,124,Tenggara,9.856407156207387,Normal
2024-03-14 08:16:00,-8.108383801052243,112.9262772470926,39.173090514986406,353,Utara,10.50344645687194,Normal
2024-03-14 16:06:00,-7.894696658809312,112.3420399531724,150.93075033116702,237,Barat Daya,9.307466540394365,Normal
2024-03-15 11:06:00,-7.912238173877252,112.3282374430358,95.8595635075542,238,Barat Daya,7.725031553354839,Normal
2024-03-15 17:15:00,-8.160825100214128,112.8727417287645,92.52153662229749,48,Timur Laut,10.58552948449375,Normal
2024-03-17 20:02:00,-8.124505397219927,114.2111366250529,125.62619712981486,23,Timur Laut,10.08063365948779,Normal
2024-03-17 23:58:00,-8.100778620765206,112.9085682676469,76.11777363151461,74,Timur,6.168288688196008,Normal
2024-03-18 01:44:00,-7.914935702189705,112.3699502190884,203.10467115982485,259,Barat,10.37098096086714,Normal
2024-03-18 07:54:00,-8.16627478134376,112.8667147018246,103.09109112315592,46,Timur Laut,11.23981408759066,Normal
2024-03-20 21:15:00,-7.94037383669645,112.303336121409,28.274333882308138,355,Utara,6.048025631934358,Normal
2024-03-21 04:07:00,-7.946003679812898,112.964917503773,28.274333882308138,237,Barat Daya,7.912612855867321,Normal
2024-03-21 18:23:00,-8.082268857484875,112.8870817286242,131.22947493557444,128,Tenggara,8.625631078215717,Normal
2024-03-21 21:08:00,-8.15811431284596,114.0894175351659,132.58221305885598,306,Barat Laut,9.538058327607287,Normal
2024-03-22 03:41:00,-8.027061300396118,114.3116135752286,69.14761617149064,246,Barat Daya,11.00941330648631,Normal
2024-03-22 08:46:00,-7.917935718338937,112.2985032801268,50.955223967962745,162,Selatan,6.187574208993858,Normal
2024-03-22 09:47:00,-8.028685249905308,114.1988950208715,313.1923367208548,128,Tenggara,9.275102483450212,Normal
2024-03-23 06:42:00,-8.092360811715317,114.2508049944574,56.09758110857209,330,Barat Laut,8.121311927877837,Normal
2024-03-25 15:47:00,-7.911340632863511,112.977957935217,432.9381700228013,217,Barat Daya,8.982100427811408,Normal
2024-03-29 07:48:00,-8.084711093870864,112.9646392606151,284.07590844125633,237,Barat Daya,8.941449465378744,Normal
2024-03-29 13:17:00,-7.964934843807842,112.9219262035503,139.87343345252606,61,Timur Laut,7.800793339407965,Normal
2024-03-29 14:08:00,-8.084975619659733,112.8703566315503,358.1838201416845,123,Tenggara,9.516111285826426,Normal
2024-03-29 17:55:00,-8.126348973703102,112.9206900291974,151.9621188447524,346,Utara,8.476795026442511,Normal
2024-03-30 19:32:00,-7.936814983090073,112.3113580148147,76.8190272958958,331,Barat Laut,7.181183977602842,Normal
2024-03-30 22:03:00,-7.934829215758401,112.9681923769668,28.274333882308138,231,Barat Daya,8.341738099353591,Normal
2024-03-30 22:38:00,-8.117990015925704,114.0241380069712,28.274333882308138,113,Tenggara,6.920646202987483,Normal
2024-03-31 02:42:00,-8.172400868850584,112.9742877561908,98.397445961331,320,Barat Laut,11.00129996979599,Normal
2024-03-31 05:54:00,-7.937046627552139,112.2514133620881,449.8031142730826,76,Timur,10.18114425396537,Normal
2024-04-01 02:37:00,-7.92391401153015,112.9717646159504,55.6174858186492,220,Barat Daya,8.48237710103419,Normal
2024-04-02 19:31:00,-8.003465048279761,112.9031253110606,271.37712945966666,166,Selatan,12.61583749710022,Normal
2024-04-02 20:45:00,-7.880637708542456,112.9579002289703,54.66490067379185,185,Selatan,10.20103476429867,Normal
2024-04-03 04:56:00,-7.920217476128427,112.2653236197024,86.68134937288407,105,Timur,8.055666538570314,Normal
2024-04-04 20:20:00,-8.074430726292487,112.8857936574801,66.59216982819189,144,Tenggara,8.946899789302735,Normal
2024-04-05 07:26:00,-8.004064909608754,112.924334666719,311.24275043826685,177,Selatan,12.63228545807732,Normal
2024-04-06 08:53:00,-8.100565188576057,114.0491749980033,53.39209140929884,217,Barat Daya,7.45222255894477,Normal
2024-04-07 02:30:00,-7.879116444357189,113.0031404585866,114.3943402795261,207,Barat Daya,11.06478522589746,Normal
2024-04-07 08:32:00,-8.201980340099418,113.9774223139899,28.33470501802561,38,Timur Laut,12.06699507925273,Normal
2024-04-08 13:23:00,-7.875605907080275,112.3333353686779,294.4252895591563,200,Selatan,10.1765611699036,Normal
2024-04-09 07:56:00,-7.948931197079221,112.3186964125625,127.51385679816741,324,Barat Laut,7.952246617849039,Normal
2024-04-09 17:14:00,-8.047780712533264,114.2289997662832,28.274333882308138,154,Tenggara,6.101933108771165,Normal
2024-04-09 17:23:00,-8.132251318981709,114.0927120277064,28.274333882308138,278,Barat,9.352991672892516,Normal
2024-04-10 05:41:00,-7.944940247012797,112.9641016353146,41.697403264486006,233,Barat Daya,8.110135143684843,Normal
2024-04-10 23:08:00,-8.097614479005651,112.9321400389816,79.26646330000919,225,Barat Daya,5.990094777182518,Normal
2024-04-11 05:13:00,-7.872292679168996,112.2978776365529,171.92506326237861,170,Selatan,9.958058225949207,Normal
2024-04-11 12:26:00,-7.926316966550684,112.3230642061195,28.274333882308138,321,Barat Laut,7.689762751723309,Normal
2024-04-11 14:28:00,-8.109786930612591,112.924852798532,94.2973641765817,354,Utara,10.53103383501317,Normal
2024-04-11 21:54:00,-8.164979971102557,114.1016099955,140.52742796532857,303,Barat Laut,10.21227268829175,Normal
2024-04-12 19:35:00,-7.921027846746385,112.9357691384609,28.274333882308138,148,Tenggara,8.306323483165436,Normal
2024-04-13 06:43:00,-8.136458101801356,114.0490985390007,120.45426281628907,276,Barat,5.269992395110895,Normal
2024-04-14 03:03:00,-7.947233411518426,112.2853892843164,137.9962294365977,41,Timur Laut,8.114734177244213,Normal
2024-04-14 04:14:00,-8.171780101217246,114.0886591278235,28.274333882308138,318,Barat Laut,10.07145768760105,Normal
2024-04-14 10:18:00,-8.112247473783366,114.2294785903945,199.25106121004993,5,Utara,8.756649641212878,Normal
2024-04-14 20:05:00,-7.972967004036333,112.9422503179212,326.6960621054096,178,Selatan,13.65927774994535,Normal
2024-04-15 04:19:00,-8.027890132415754,114.3084280368061,88.20261017692062,245,Barat Daya,10.8240016751028,Normal
2024-04-15 16:52:00,-8.08125374689684,114.2973550913985,33.81946287909994,294,Barat Laut,9.887744309912186,Normal
2024-04-16 07:59:00,-8.024293815971111,114.2233096452518,208.2730452442904,163,Selatan,7.34239539388904,Normal
2024-04-16 09:20:00,-8.079154794793123,114.2521275742161,28.274333882308138,315,Barat Laut,7.250215441302615,Normal
2024-04-16 16:57:00,-8.112785779960278,112.9521703559173,245.89614219812577,265,Barat,6.61056201329508,Normal
2024-04-18 22:33:00,-8.096501744927757,114.0499303225978,28.274333882308138,214,Barat Daya,7.712745092037073,Normal
2024-04-19 08:10:00,-8.099798205098596,112.8591090918174,45.74954939794582,96,Timur,10.48988909370427,Normal
2024-04-19 22:12:00,-8.078294360645764,114.2264288156464,117.13720433712771,0,Utara,5.603673036303082,Normal
2024-04-20 04:31:00,-8.001987449733878,114.2550902775364,115.79178855568152,196,Selatan,9.39535334630025,Normal
2024-04-20 20:50:00,-7.922212148501583,112.9412764015212,79.6216188472553,163,Selatan,7.993565559082693,Normal
2024-04-21 16:59:00,-8.009859384692357,114.193623091026,106.74094158216243,135,Tenggara,10.03080963024772,Normal
2024-04-22 19:13:00,-7.958820663168321,112.9309341882725,91.59607710315147,59,Timur Laut,6.872507685970231,Normal
2024-04-23 15:18:00,-8.075739180057232,112.9664858737003,54.54141450962551,233,Barat Daya,9.165862950800365,Normal
2024-04-24 03:45:00,-7.924851978313207,112.2955061349371,300.7210021378404,61,Timur Laut,7.454920319570645,Normal
2024-04-24 11:17:00,-7.920907457618815,112.328547003964,75.74556394085525,257,Barat,6.332852671099816,Normal
2024-04-25 01:19:00,-8.055910618749222,112.9704017724066,42.77757716372197,219,Barat Daya,10.24117531634403,Normal
2024-04-25 16:24:00,-8.075671671238139,114.2842980151155,405.6257024546554,292,Barat,9.308401758017544,Normal
2024-04-26 08:45:00,-7.959120774309617,112.9695557383828,28.274333882308138,187,Selatan,12.9580091285444,Normal
2024-04-26 15:39:00,-8.100254662707517,112.9301270171204,363.7334318560042,229,Barat Daya,5.907692045237166,Normal
2024-04-26 16:50:00,-7.948741491776027,112.2412100109209,50.70456906634937,73,Timur,10.36201165810704,Normal
2024-04-26 18:07:00,-8.112191760914948,114.0278055703302,28.274333882308138,122,Tenggara,7.045502588328224,Normal
2024-04-26 22:20:00,-8.03319740963401,114.1849783516299,323.68518174470483,116,Tenggara,9.476715778676915,Normal
2024-04-27 04:30:00,-8.128724764799877,112.9027615344591,121.50486244353286,57,Timur Laut,7.873949766399495,Normal
2024-04-27 19:36:00,-8.03800408764402,112.9920671902,217.88006925592114,216,Barat Daya,11.70820778108082,Normal
2024-04-28 09:07:00,-7.99034986029428,114.1743117865606,48.135210389562005,135,Tenggara,11.49373801739178,Normal
2024-04-28 21:09:00,-7.919652020752795,112.2906646455798,28.274333882308138,143,Tenggara,6.877823180220645,Normal
2024-04-29 17:04:00,-8.147413957830462,112.9563776219913,127.0430208409543,309,Barat Laut,8.839541258867357,Normal
2024-05-01 15:23:00,-8.066268837962369,112.8871539780044,127.44952903614006,148,Tenggara,9.283341919884297,Normal
2024-05-02 04:06:00,-8.159497929570556,114.106592757697,117.65250945415305,295,Barat Laut,10.71887224845967,Normal
2024-05-02 07:17:00,-8.109806573574001,114.0357659247737,28.274333882308138,140,Tenggara,7.393077632574184,Normal
2024-05-02 12:54:00,-7.945785969337181,112.3016157270545,371.93214614126083,351,Utara,6.419743060122653,Normal
2024-05-02 13:37:00,-7.937471372250961,112.9825023363517,62.88231704518855,251,Barat,7.70660768390357,Normal
2024-05-03 04:45:00,-8.087700982434784,114.0776946546381,60.724670570899534,225,Barat Daya,9.121729841978496,Normal
2024-05-03 16:15:00,-7.905340450482418,112.9153735067264,78.33121776230563,134,Tenggara,9.471079713193568,Normal
2024-05-03 16:25:00,-8.130767426721452,114.0288413354177,28.274333882308138,73,Timur,5.491293070013212,Normal
2024-05-04 07:58:00,-7.861958402787972,112.246931851275,59.078996576988985,139,Tenggara,11.45295536103884,Normal
2024-05-04 21:46:00,-8.129742624449879,112.9351250840027,100.72881581292185,338,Utara,8.83703246102564,Normal
2024-05-05 07:29:00,-7.955862360936281,112.8979431436848,63.495884523827414,78,Timur,9.318373668933962,Normal
2024-05-06 07:12:00,-7.899155800687413,112.9597841791072,41.99178443037028,181,Selatan,8.181643230553286,Normal
2024-05-06 23:20:00,-8.046312127660096,112.9729770565002,46.5439402472895,211,Barat Daya,10.68488546488671,Normal
2024-05-07 03:36:00,-7.873474404157387,112.8787159492489,33.904882803628524,137,Tenggara,12.36736149255135,Normal
2024-05-07 13:42:00,-7.947468809443454,112.9665928581781,51.89208530719398,238,Barat Daya,7.95327727403186,Normal
2024-05-07 15:26:00,-8.072669614619906,114.2230128198184,28.274333882308138,29,Timur Laut,5.850628230141727,Normal
2024-05-07 20:41:00,-7.94482118730232,112.3020236430523,74.4925083813522,351,Utara,6.426645868937018,Normal
2024-05-07 22:00:00,-8.096165177825545,114.0942221617489,53.72242245269729,240,Barat Daya,9.884131801023976,Normal
2024-05-07 22:14:00,-8.062674946323458,114.2318012315732,555.577785233025,139,Tenggara,6.006923363380831,Normal
2024-05-08 00:26:00,-8.072182623531369,114.0173456246041,176.90802573683686,153,Tenggara,9.842026676331503,Normal
2024-05-08 02:42:00,-8.129115185572246,114.0276323217901,62.394198898556226,70,Timur,5.919883346360916,Normal
2024-05-11 17:59:00,-8.120151300793035,112.9147306772958,28.274333882308138,53,Timur Laut,7.148217014314286,Normal
2024-05-11 20:28:00,-8.128788746177582,112.9347465233263,28.274333882308138,341,Utara,8.999407196553985,Normal
2024-05-13 05:24:00,-8.099955584916094,112.9389008690462,227.08904615181658,237,Barat Daya,6.223663929392742,Normal
2024-05-14 19:05:00,-8.067548399478074,114.0876529191336,48.673503391309275,224,Barat Daya,10.95052493150406,Normal
2024-05-16 02:55:00,-8.18062266002017,114.1079545324886,371.91269112013936,310,Barat Laut,11.1981787809973,Normal
2024-05-16 08:29:00,-8.116057460702393,114.1804314810056,28.274333882308138,47,Timur Laut,10.61504433457005,Normal
2024-05-16 09:53:00,-8.023329413704682,114.2084848495601,164.17842247175898,145,Tenggara,8.801130884737482,Normal
2024-05-17 09:25:00,-8.053351607897838,114.2265856552159,40.77028670696225,143,Tenggara,6.197884392681207,Normal
2024-05-18 07:38:00,-8.12669258458684,112.966691106499,42.77757716372197,282,Barat,8.39179353254056,Normal
2024-05-18 20:49:00,-8.077830970827636,114.2995171683403,508.84998510769435,291,Barat,9.930932313450704,Normal
2024-05-19 14:01:00,-8.070079275498996,112.8951946676659,41.93516859678363,156,Tenggara,8.641615972529985,Normal
2024-05-20 06:25:00,-8.093363017460616,112.938876382889,50.2460502613107,225,Barat Daya,6.55690516726525,Normal
2024-05-20 07:51:00,-7.904653367044809,112.3416509921944,40.93882883101162,247,Barat Daya,8.272831257759805,Normal
2024-05-21 06:39:00,-8.111892567669685,112.9277702386258,204.78297049152047,352,Utara,10.1241509474937,Normal
2024-05-23 02:41:00,-8.114094703182728,114.0452618414541,111.4448923953369,239,Barat Daya,6.550447507860545,Normal
2024-05-23 14:56:00,-8.060459245253357,112.9478543489349,252.3412525012999,8,Utara,13.02295718572084,Normal
2024-05-23 19:41:00,-7.910057047578094,112.2927189123224,28.274333882308138,159,Selatan,6.981078788617394,Normal
2024-05-23 20:14:00,-7.913223990677418,112.3012121094604,35.62236775228888,180,Selatan,6.386258785746044,Normal
2024-05-24 10:03:00,-7.959229078386335,112.9599866960979,28.274333882308138,184,Selatan,13.94683185073163,Normal
2024-05-24 11:01:00,-8.091677097120117,114.1793256426941,28.274333882308138,60,Timur Laut,9.865889728129156,Normal
2024-05-25 03:50:00,-7.912021296086352,112.3268577630436,63.535143949314225,238,Barat Daya,7.507163724543966,Normal
2024-05-25 07:49:00,-8.06344012353196,114.226404200811,96.08052764860976,116,Tenggara,5.448236998352636,Normal
2024-05-25 19:47:00,-8.11689178214973,114.0108843131055,196.64714001478572,110,Timur,7.507356543429512,Normal
2024-05-26 14:13:00,-7.881503011702928,112.2681013490672,28.862248226020704,148,Tenggara,10.20383975175167,Normal
2024-05-26 22:51:00,-7.893165085498577,112.3024764331453,32.97656227412064,178,Selatan,7.911062446220928,Normal
2024-05-28 13:04:00,-8.12538335934307,112.923577444916,28.274333882308138,350,Utara,9.730248171171723,Normal
2024-05-30 12:43:00,-8.126989578216739,112.9629266236573,28.590939667422983,286,Barat,8.045088279379316,Normal
2024-05-30 18:09:00,-7.930679530137441,112.3211024839971,43.27463768686206,325,Barat Laut,7.70031671872548,Normal
2024-06-01 05:31:00,-8.148127515256773,113.9860418318124,28.274333882308138,68,Timur,9.161022779971043,Normal
2024-06-01 13:12:00,-7.873646567842082,112.9336596524013,57.223100798118594,168,Selatan,10.71730020913027,Normal
2024-06-02 06:54:00,-8.072510266173921,114.2497949240682,246.53362698109575,313,Barat Laut,7.723990341465827,Normal
2024-06-02 09:36:00,-8.047225075442757,114.2877632761703,265.39598614612373,257,Barat,8.683536439793462,Normal
2024-06-03 05:06:00,-8.062978945859559,114.2250049756851,80.40515155162755,116,Tenggara,5.676310915105514,Normal
2024-06-03 18:31:00,-8.060559582218202,114.0186173289354,129.27259126140885,157,Tenggara,10.22196814700653,Normal
2024-06-04 05:25:00,-8.0367461636294,114.2991272079383,46.70880878330171,251,Barat,10.01251096055009,Normal
2024-06-04 11:42:00,-8.001262211134685,114.2034991190737,28.274333882308138,147,Tenggara,9.790496445486603,Normal
2024-06-04 12:40:00,-8.049574188978164,114.2392203020902,73.87701081739593,169,Selatan,5.110079933382635,Normal
2024-06-04 18:25:00,-8.074279989496546,114.1978814972027,126.64682194476794,59,Timur Laut,8.23102004434515,Normal
2024-06-05 04:20:00,-8.11110219183253,114.0391433962711,453.5066389134436,204,Barat Daya,6.140609761742143,Normal
2024-06-07 02:30:00,-8.046916950975346,112.9032427633338,93.36044200023319,29,Timur Laut,12.97227621420518,Normal
2024-06-07 20:43:00,-8.176035215148927,112.9385116293222,170.87183483201923,341,Utara,10.0348998103255,Normal
2024-06-08 18:28:00,-8.183328074961782,114.0674857249646,104.56616918149375,337,Barat Laut,10.05920813900165,Normal
2024-06-10 02:16:00,-8.149601258688193,112.9415622400083,256.2878235367079,320,Barat Laut,8.456670472436777,Normal
2024-06-10 05:45:00,-7.879660092946885,112.9395682228048,87.18441691568943,172,Selatan,10.20971183787474,Normal
2024-06-10 18:16:00,-7.860693496740352,112.3112468685284,80.4539565237517,182,Selatan,10.43145911574999,Normal
2024-06-11 01:10:00,-8.094513347391068,114.1842956049391,364.6333423426376,58,Timur Laut,9.598780807510522,Normal
2024-06-11 07:35:00,-8.134050823519653,114.0573953649162,28.274333882308138,276,Barat,6.107448574529663,Normal
2024-06-12 13:47:00,-7.89014217196479,112.3707819686921,74.72305147588094,241,Barat Daya,10.66852306807177,Normal
2024-06-12 19:27:00,-8.09469886203837,114.2346524240599,102.74426872203559,355,Utara,6.958919282608484,Normal
2024-06-14 06:50:00,-8.143770065105114,112.9342461036346,301.0855537684492,321,Barat Laut,7.66421378909207,Normal
2024-06-15 20:14:00,-7.934784834789852,112.2649160644458,35.02095643486118,69,Timur,9.376093625650439,Normal
2024-06-17 12:07:00,-8.017638355486703,114.1690450853572,220.77257029655266,121,Tenggara,10.87890833992202,Normal
2024-06-19 08:11:00,-7.949604013505034,112.9504687094647,28.274333882308138,186,Selatan,12.12459977318,Normal
2024-06-19 22:23:00,-7.913116749318477,112.2952194328462,28.274333882308138,161,Selatan,6.70962078171304,Normal
2024-06-21 07:05:00,-7.990642908600839,112.2819003809069,365.9587189609489,20,Utara,10.77311374983709,Normal
2024-06-21 16:04:00,-7.952686186737453,112.9698308262186,78.71653350220708,186,Selatan,12.50968848992064,Normal
2024-06-21 16:14:00,-8.095690641970156,112.9385533217151,28.274333882308138,228,Barat Daya,6.455823310647204,Normal
2024-06-24 08:12:00,-8.033062005454784,114.2180774492786,121.99859973943362,152,Tenggara,7.435833501722245,Normal
2024-06-24 09:36:00,-8.099263659251655,112.9537309545089,192.14430565652094,244,Barat Daya,7.529026978446823,Normal
2024-06-24 23:20:00,-8.006743516456769,114.2972176692483,106.46386932995375,227,Barat Daya,10.72245062137553,Normal
2024-06-27 12:18:00,-8.182400163997764,113.9865391797266,103.19945410715631,39,Timur Laut,10.93530181872809,Normal
2024-06-27 18:29:00,-8.06842125153152,114.2466732928785,95.68301052467807,305,Barat Laut,7.972757940061928,Normal
2024-06-29 01:20:00,-8.133440523046824,114.052701998785,51.053119889685,271,Barat,5.725412159468728,Normal
2024-06-29 04:13:00,-8.06759459576874,114.0352624609373,79.7657446992311,173,Selatan,9.187323799204965,Normal
2024-06-30 18:04:00,-8.076339870052886,114.2458010076805,119.28239800548351,317,Barat Laut,7.359417910163759,Normal
2024-06-30 18:08:00,-7.945690191579476,112.3010072121224,28.274333882308138,357,Utara,6.333088085980575,Normal
2024-06-30 20:07:00,-8.086363745067828,114.1869775431236,31.60600557779452,60,Timur Laut,9.151140262005665,Normal
2024-07-01 07:22:00,-8.080880282935295,114.2986315235317,120.13387020920922,294,Barat Laut,9.970503761316575,Normal
2024-07-01 20:18:00,-8.162677996034947,114.0431695447198,144.8260700635988,356,Utara,7.408526396652301,Normal
2024-07-02 12:38:00,-8.100219396753372,114.0504285498141,256.4844493734798,218,Barat Daya,7.482083356117117,Normal
2024-07-03 08:54:00,-8.157806450861123,114.0981533961888,144.0887206955262,298,Barat Laut,9.89113253133096,Normal
2024-07-03 11:19:00,-7.968127499550682,112.3090064031606,453.5448001253112,353,Utara,8.240726566807973,Normal
2024-07-04 00:48:00,-8.137488152584062,114.0521471480761,190.56206130254492,279,Barat,5.502703913273066,Normal
2024-07-04 16:46:00,-7.897678664395259,112.3100301334627,230.66613108770892,185,Selatan,7.513717848670131,Normal
2024-07-04 22:03:00,-8.024959842315578,114.2371072727017,40.77028670696225,187,Selatan,6.600753016992445,Normal
2024-07-05 03:39:00,-8.078093275306403,113.9782563164193,119.48955362599884,132,Tenggara,10.42695093948783,Normal
2024-07-06 09:17:00,-8.101218714956152,114.2410959880928,101.2755262914671,350,Utara,7.56164092530779,Normal
2024-07-06 13:02:00,-7.946448430837619,112.9133778900966,30.708225119280318,94,Timur,7.655949111505738,Normal
2024-07-06 16:08:00,-7.926634661970374,112.9345097825733,117.16116462172567,143,Tenggara,7.6842044722788,Normal
2024-07-06 19:49:00,-7.877976530045132,112.2809379079026,394.25033204568064,157,Tenggara,9.822577082024576,Normal
2024-07-09 03:25:00,-8.135402495772396,114.0857222751594,123.65827628517896,281,Barat,8.6027261446621,Normal
2024-07-10 01:45:00,-7.947869395800644,112.9017259205199,36.19238564567895,85,Timur,8.789303738951732,Normal
2024-07-11 19:28:00,-8.01255777666911,114.2281372592777,369.07216522286075,174,Selatan,8.114403057263686,Normal
2024-07-12 00:14:00,-8.005853476080816,112.9094742580085,28.274333882308138,170,Selatan,12.38275925547447,Normal
2024-07-13 02:21:00,-7.988135546316331,114.2910112486612,181.9168277702198,217,Barat Daya,11.46446036047832,Normal
2024-07-13 17:58:00,-8.04106809012931,114.2417240454588,65.40938177984509,214,Barat Daya,6.281548430296723,Normal
2024-07-13 19:42:00,-7.969836858372675,112.3507342140385,28.274333882308138,315,Barat Laut,10.53599306558166,Normal
2024-07-14 05:31:00,-8.0076845050296,114.1820343571985,138.54225772149042,131,Tenggara,10.63283114122857,Normal
2024-07-14 10:28:00,-7.895754739320076,112.281605433756,47.003631372956,151,Tenggara,8.735888434900474,Normal
2024-07-16 06:22:00,-7.929927699483631,112.3030950582752,126.12081114776493,347,Utara,5.325680771088816,Normal
2024-07-16 13:07:00,-7.987245318782929,112.8831297074931,188.43302810495712,159,Selatan,13.58725145557229,Normal
2024-07-17 01:44:00,-7.944459557460276,112.3071843093117,64.24627713034758,347,Utara,6.510295520146276,Normal
2024-07-17 08:11:00,-7.893896335609565,112.2960033342779,360.83661517889175,167,Selatan,7.998364180995493,Normal
2024-07-17 11:59:00,-7.94663593958086,112.943090794355,79.73015088202699,47,Timur Laut,6.066030749389036,Normal
2024-07-19 02:36:00,-7.940520246813125,112.2902683802964,28.274333882308138,48,Timur Laut,7.802737720471953,Normal
2024-07-20 08:35:00,-8.082255449665062,114.073996906303,262.4629185846631,219,Barat Daya,9.14422025552783,Normal
2024-07-21 08:06:00,-7.928279557679426,112.2799561892378,67.25704915233892,58,Timur Laut,8.707425642846884,Normal
2024-07-21 16:02:00,-7.92756052269848,112.3278688003036,28.274333882308138,317,Barat Laut,8.015064579940121,Normal
2024-07-21 18:32:00,-8.194866894505262,114.0252015753266,130.55332410783706,17,Utara,10.66714092340101,Normal
2024-07-22 02:25:00,-8.108585371241487,112.9485043581618,38.42533876095678,257,Barat,6.320173654578805,Normal
2024-07-22 06:03:00,-7.913340130558596,112.2597808315951,212.40453901004452,116,Tenggara,8.974169546942544,Normal
2024-07-22 06:12:00,-8.165845025655015,112.8830845909744,28.66476480132659,38,Timur Laut,10.52903958545796,Normal
2024-07-22 13:14:00,-7.963307591513786,112.2414067158619,80.38732949970587,60,Timur Laut,10.77604124375796,Normal
2024-07-22 18:14:00,-8.005260170614788,114.1737834442046,140.44846566718914,128,Tenggara,11.02109192584025,Normal
2024-07-23 11:29:00,-7.926660283749196,112.9218704115211,44.22601806702113,117,Tenggara,7.890709410511128,Normal
2024-07-23 13:05:00,-8.036654707432318,114.1995042334042,38.44632508097897,127,Tenggara,8.700472833489808,Normal
2024-07-23 23:45:00,-8.098463821859653,114.0288598263011,131.09048763011631,138,Tenggara,8.093065849797943,Normal
2024-07-24 00:58:00,-7.933858015303232,112.3090277305809,28.274333882308138,340,Utara,6.09630257458056,Normal
2024-07-24 21:50:00,-7.920780334201297,112.9347375623313,28.274333882308138,148,Tenggara,8.465730503235342,Normal
2024-07-25 09:13:00,-7.941041004332058,112.9404090957866,48.821042221362994,200,Selatan,11.16532687581933,Normal
2024-07-25 18:02:00,-8.160923900207472,112.8660263571771,47.64696029154436,48,Timur Laut,11.228534072836,Normal
2024-07-26 20:22:00,-8.099090541360015,114.0149293546247,308.46020153209906,136,Tenggara,8.639568369096548,Normal
2024-07-27 14:12:00,-8.12268559063162,112.9078584770938,83.67646659468362,50,Timur Laut,7.332664415450697,Normal
2024-07-28 12:26:00,-8.123224419999877,114.2532486075143,368.679210609073,349,Utara,9.668152578430723,Normal
2024-07-28 19:24:00,-8.043239580646208,114.2308018832442,110.93941635654502,161,Selatan,5.858345354406581,Normal
2024-07-28 21:42:00,-8.086724381102263,112.8683921956926,119.81791197097522,121,Tenggara,9.62736906639091,Normal
2024-07-30 12:45:00,-8.051831910078265,114.2516189562421,87.66032940490003,235,Barat Daya,6.45639966586457,Normal
2024-07-31 03:35:00,-7.950036782647888,112.373854339969,154.33754766240838,290,Barat,11.11990685714512,Normal
2024-07-31 20:02:00,-7.924712838329512,112.301622531212,32.97656227412064,169,Selatan,5.727457140646826,Normal
2024-08-01 17:42:00,-8.101142374362261,114.0500610744853,28.274333882308138,218,Barat Daya,7.392124559693454,Normal
2024-08-01 21:52:00,-8.096135061005768,114.3107190997701,92.98173156009022,301,Barat Laut,11.17607393313139,Normal
2024-08-02 18:27:00,-8.150904273668813,112.9326995650902,127.1443275578206,343,Utara,8.146474981253748,Normal
2024-08-03 09:53:00,-8.045121035454324,114.1891470906485,190.8352993862811,112,Timur,9.018915277770269,Normal
2024-08-04 22:02:00,-8.137549281316113,112.86153844192,193.34406411862068,68,Timur,10.5223790164266,Normal
2024-08-05 07:16:00,-8.111058122088533,114.0234304885134,28.274333882308138,122,Tenggara,7.344012678157597,Normal
2024-08-05 09:41:00,-7.878281842139875,113.0170090836256,92.686506349642,215,Barat Daya,11.51263957780009,Normal
2024-08-06 16:57:00,-7.932569683625116,112.963273985968,91.5742430223617,225,Barat Daya,8.300072217279139,Normal
2024-08-07 11:12:00,-8.067721992407515,114.2430138602275,138.38328116835942,306,Barat Laut,7.583535265639492,Normal
2024-08-08 19:32:00,-8.13182232197717,112.9423259587683,184.22341889411487,312,Barat Laut,7.48054170034837,Normal
2024-08-09 16:58:00,-7.931876398301521,112.310313491477,80.16689863737278,330,Barat Laut,6.901814359987248,Normal
2024-08-11 02:57:00,-8.13763875369338,114.0252082783279,37.7795182512498,61,Timur Laut,6.227927276275805,Normal
2024-08-11 03:36:00,-7.936044375576748,112.2963364254259,41.30620895455567,44,Timur Laut,7.530391748738982,Normal
2024-08-12 00:33:00,-7.933562856492894,112.9456454024512,69.56377624604244,165,Selatan,7.653214824446565,Normal
2024-08-12 04:18:00,-8.100202039144852,112.8586354761092,73.96581438519767,103,Timur,9.956775483611313,Normal
2024-08-12 12:32:00,-8.096500313631637,112.9268176901937,28.274333882308138,216,Barat Daya,5.634237842070267,Normal
2024-08-13 07:21:00,-8.12339174909804,112.9192237416423,409.13238945294046,349,Utara,8.899809745241328,Normal
2024-08-13 07:25:00,-8.106633731819418,114.0278056504598,126.32528680491275,129,Tenggara,7.532456966621842,Normal
2024-08-13 16:18:00,-7.956398571343331,112.9610596225098,28.274333882308138,174,Selatan,12.40465868679304,Normal
2024-08-13 23:54:00,-7.898575621161071,112.3004729319158,246.2122622596088,177,Selatan,7.261799645063297,Normal
2024-08-15 03:44:00,-8.151410067292263,112.9296506310815,29.41110998311106,348,Utara,8.074644656254145,Normal
2024-08-15 08:55:00,-8.051220593927415,114.1922191171184,354.3173118678293,116,Tenggara,8.957723518500659,Normal
2024-08-15 23:00:00,-8.125191537907712,114.0577677041416,28.274333882308138,259,Barat,6.043322385133951,Normal
2024-08-16 00:40:00,-7.928639208595404,112.9667347408987,71.41452850179435,220,Barat Daya,8.113740242736194,Normal
2024-08-16 06:51:00,-7.932929447624375,112.9358052639717,241.87433414183818,134,Tenggara,7.223910645011421,Normal
2024-08-16 12:10:00,-8.194383106071573,114.0823563501388,356.14936076214195,326,Barat Laut,11.13655499141745,Normal
2024-08-18 09:41:00,-7.938351096747209,112.9294268481334,121.27221995090979,84,Timur,6.280573409229541,Normal
2024-08-19 02:08:00,-8.101844876553018,114.0309650645752,28.274333882308138,138,Tenggara,7.793419433632061,Normal
2024-08-19 11:23:00,-7.941636973171216,112.3057141946273,60.35158942984387,353,Utara,6.169541602917327,Normal
2024-08-19 14:49:00,-7.897769599248816,112.2605016933998,246.6563649171543,133,Tenggara,9.907578137705139,Normal
2024-08-19 23:07:00,-8.018707359038098,114.2556870086417,324.4887344141309,209,Barat Daya,8.104995710073082,Normal
2024-08-21 19:29:00,-8.082861663559864,114.3103450588725,89.09135914913495,286,Barat,10.37426043412167,Normal
2024-08-24 15:11:00,-8.12952100880229,114.2711128475882,48.29686038978743,338,Utara,10.58437687619829,Normal
2024-08-25 03:41:00,-7.894011087112993,112.3432563209985,296.40987126661406,237,Barat Daya,9.383087804928133,Normal
2024-08-25 11:29:00,-8.114178181428793,114.3040321907625,267.36449839134383,309,Barat Laut,11.44061980253812,Normal
2024-08-25 11:48:00,-7.927803460122517,113.0009865098477,46.19363611151785,254,Barat,9.22449450302781,Normal
2024-08-27 08:46:00,-7.924177133866078,112.3482872465397,338.4850666098102,260,Barat,8.235225573163708,Normal
2024-08-27 15:36:00,-7.906392994989011,112.3574633879456,89.43302108540935,251,Barat,9.646754461475993,Normal
2024-08-28 12:08:00,-7.955057497022664,112.9580873375109,46.91502094164476,171,Selatan,12.54620539847906,Normal
2024-08-29 01:15:00,-8.010352942636779,114.3001288049243,104.32530537372683,230,Barat Daya,10.77692849965234,Normal
2024-08-29 07:33:00,-7.99317714667953,114.259162198482,76.91886498017006,198,Selatan,10.21945735338472,Normal
2024-08-29 11:47:00,-7.927449821430088,112.9641033058116,146.8532598367017,214,Barat Daya,8.604765859133783,Normal
2024-08-30 21:14:00,-8.068942222923473,114.2587631012799,28.274333882308138,301,Barat Laut,7.857077931176302,Normal
2024-08-30 22:14:00,-8.135542926549713,114.0846486210207,254.842482970946,279,Barat,8.34546910710285,Normal
2024-08-31 10:23:00,-7.888337758639099,112.9405463292779,61.27676498854813,168,Selatan,9.223387001324252,Normal
2024-08-31 14:45:00,-8.173113518552938,112.911261293359,28.274333882308138,10,Utara,9.920255622375695,Normal
2024-09-01 06:12:00,-7.924184434260269,112.3106381888045,51.47956543429097,326,Barat Laut,6.80729334944454,Normal
2024-09-01 15:46:00,-7.925127826323042,112.9682034143291,51.849857968535424,219,Barat Daya,8.44313910581345,Normal
2024-09-01 23:29:00,-8.093599518159092,112.920963867647,28.274333882308138,198,Selatan,4.968958327568819,Normal
2024-09-02 01:26:00,-8.104540443764295,114.037395294935,121.71628164228542,146,Tenggara,7.536554869010521,Normal
2024-09-02 12:27:00,-7.974299819835839,112.9333170298067,142.88820475429108,176,Selatan,13.7421488975867,Normal
2024-09-03 04:17:00,-8.052676796889335,114.2575212648742,56.024093838621035,235,Barat Daya,6.68601222323267,Normal
2024-09-04 01:54:00,-8.144638903307536,112.9797245694543,183.2629559159785,298,Barat Laut,10.17718638928852,Normal
2024-09-04 03:25:00,-8.073824886621953,114.0842586167959,81.69909620809324,225,Barat Daya,10.53110090765824,Normal
2024-09-04 04:55:00,-8.00847029556742,114.2071911455769,157.2939961916729,149,Tenggara,9.434370965590226,Normal
2024-09-04 15:45:00,-8.131073633563181,112.9070300732996,95.0450194569021,44,Timur Laut,8.129522852336208,Normal
2024-09-04 16:40:00,-8.145672308721814,113.9707869754268,285.87446617667683,74,Timur,10.21111343501476,Normal
2024-09-04 20:31:00,-8.095769597333193,112.9184063613099,86.12013635167597,87,Timur,5.63806278827738,Normal
2024-09-04 21:42:00,-8.011506469459205,114.2133454920934,146.920139419469,156,Tenggara,9.205413253818598,Normal
2024-09-05 04:44:00,-7.962350267875129,112.3650087570924,167.10502582802815,297,Barat Laut,10.84037659694948,Normal
2024-09-06 15:12:00,-8.069400891353414,114.2943091527408,109.10653697922353,280,Barat,9.381032357879294,Normal
2024-09-07 01:19:00,-8.000314867971154,114.303165866955,43.71949187411297,226,Barat Daya,11.29937103782785,Normal
2024-09-07 01:55:00,-8.065418991587762,114.2555962968477,28.274333882308138,298,Barat Laut,8.243177160208273,Normal
2024-09-07 20:19:00,-8.076211513634252,114.238696106826,28.274333882308138,332,Barat Laut,7.437276084111881,Normal
2024-09-07 20:27:00,-8.079276170890983,114.2219399283242,28.274333882308138,27,Timur Laut,6.353809248311768,Normal
2024-09-08 23:58:00,-8.040929271399138,112.916436420612,474.2390298483578,177,Selatan,10.16860768731965,Normal
2024-09-09 03:00:00,-7.921000347759239,112.9587789271939,28.274333882308138,210,Barat Daya,8.616771391233872,Normal
2024-09-09 11:53:00,-7.97423898768311,112.9776286917035,464.33712272989806,195,Selatan,12.86698685465244,Normal
2024-09-09 18:33:00,-8.127766587758245,112.9319718849788,116.23319878054282,344,Utara,9.042664192812222,Normal
2024-09-09 20:25:00,-7.923581519732746,112.3206222390443,28.274333882308138,316,Barat Laut,7.474153780174177,Normal
2024-09-10 14:49:00,-7.941618347078297,112.3041802176549,28.274333882308138,354,Utara,6.113082980999736,Normal
2024-09-10 15:25:00,-8.162203270064913,112.9695262042517,330.92275989798634,316,Barat Laut,10.40181373563979,Normal
2024-09-10 21:26:00,-8.151050502635536,112.9198020522503,132.10053700632866,6,Utara,7.510767655647863,Normal
2024-09-11 06:28:00,-8.103661798037695,112.8851851208942,188.72204643395983,87,Timur,8.014572017750528,Normal
2024-09-11 08:18:00,-7.914721729240541,112.9131931742408,39.98393716600376,127,Tenggara,9.153044795412407,Normal
2024-09-11 10:51:00,-7.967657959204327,112.8898172272295,187.10289711408427,71,Timur,10.30972399083378,Normal
2024-09-12 00:48:00,-7.886682765038281,113.01977307933,345.9963466491391,230,Barat Daya,11.15772829423278,Normal
2024-09-12 05:52:00,-8.104266392029789,114.2043402969399,188.23130656432713,34,Timur Laut,8.960003836992362,Normal
2024-09-12 19:56:00,-8.092062379387132,114.2284373373697,133.77529049894676,2,Utara,6.764175869025623,Normal
2024-09-13 08:17:00,-8.060867649307689,112.9519107845549,191.15101133777074,6,Utara,12.99656058113094,Normal
2024-09-13 18:21:00,-8.047291208851552,114.2034750937584,233.94984892054006,124,Tenggara,7.91875895908959,Normal
2024-09-13 20:46:00,-8.069772053118308,114.1715827182915,71.70481310463336,80,Timur,10.033815242563,Normal
2024-09-14 20:30:00,-8.127587456897988,114.2385402619018,105.27379843390749,1,Utara,9.952364781011532,Normal
2024-09-16 18:41:00,-7.97040845199472,112.3633673456488,97.0029760158559,310,Barat Laut,11.14750041170133,Normal
2024-09-16 23:54:00,-8.168117816797619,113.9932532919714,166.00888619449526,41,Timur Laut,9.99114613230356,Normal
2024-09-19 18:49:00,-7.924558631453565,112.3091397017617,28.274333882308138,328,Barat Laut,6.520479548051011,Normal
2024-09-21 11:40:00,-8.031298472805625,114.2647336673782,105.39784568054691,228,Barat Daya,8.126472886919945,Normal
2024-09-22 17:57:00,-7.911717626093851,112.3099236679248,79.87652722595845,187,Selatan,6.376225509446439,Normal
2024-09-22 18:22:00,-7.936112941724258,112.9624057149931,178.20925213649062,214,Barat Daya,9.660593074905375,Normal
2024-09-23 05:27:00,-7.999616766596962,114.3081969489616,50.502755261483436,230,Barat Daya,11.56670666891022,Normal
2024-09-23 22:17:00,-8.105631475151776,114.0416373852623,62.92498052029728,206,Barat Daya,6.532568248551989,Normal
2024-09-24 04:07:00,-8.095670213051097,112.9726369347944,136.15188610031922,252,Barat,8.917518096536835,Normal
2024-09-24 22:10:00,-7.957679832535637,112.339201436417,212.718146836358,310,Barat Laut,9.51970201341604,Normal
2024-09-25 11:18:00,-7.933170521189357,112.950098705582,61.33446502342585,194,Selatan,8.869182017510347,Normal
2024-09-27 02:52:00,-7.93412753327287,112.3164046937518,30.03588971638458,324,Barat Laut,7.205482021879272,Normal
2024-09-28 03:25:00,-8.134912233778566,114.0481531517816,28.274333882308138,273,Barat,5.302378148253396,Normal
2024-09-28 07:20:00,-8.119017875577633,114.0375326559379,88.28667176025101,234,Barat Daya,5.979183753429057,Normal
2024-09-28 16:13:00,-8.084769553605868,114.0511060386325,407.8989356807939,207,Barat Daya,8.615960061100328,Normal
2024-09-28 18:44:00,-8.12733600186888,114.2239111147382,321.63593146122116,11,Utara,10.02974545140825,Normal
2024-09-28 18:57:00,-7.992756344152398,112.9062514582383,69.36463910959218,169,Selatan,13.32857662500409,Normal
2024-09-29 01:22:00,-7.930452074027289,112.3228251103251,28.274333882308138,323,Barat Laut,7.912143338977826,Normal
2024-09-29 05:45:00,-7.930045153959231,112.9548938784763,93.83145525040362,211,Barat Daya,9.317740529028557,Normal
2024-09-29 11:50:00,-7.933588823225515,112.9369093941838,28.274333882308138,142,Tenggara,7.606168719202172,Normal
2024-09-30 00:03:00,-7.952737645321747,112.9324287544127,348.6181575929632,62,Timur Laut,6.825088509992584,Normal
2024-10-01 07:50:00,-8.05789618347148,114.2442270613288,82.04832358818273,307,Barat Laut,7.866429540842242,Normal
2024-10-01 08:26:00,-7.956157652836473,112.9667415914607,110.81426849038364,176,Selatan,12.10319301405827,Normal
2024-10-01 16:38:00,-7.954222533007372,112.9371901595134,59.07096512745137,180,Selatan,12.29744009745729,Normal
2024-10-01 19:51:00,-8.105102068961225,112.8616104178472,61.57581205364166,88,Timur,10.1981946187816,Normal
2024-10-03 07:20:00,-7.969191184928155,112.9070154341995,153.52168064023186,64,Timur Laut,9.095729794319443,Normal
2024-10-03 14:51:00,-8.119726049206081,114.0854431053157,28.274333882308138,264,Barat,8.48891694678458,Normal
2024-10-04 04:10:00,-8.071388075825343,114.0856305826011,223.62315977382696,225,Barat Daya,10.82342715241979,Normal
2024-10-04 05:47:00,-8.069347354394878,114.2287125726956,128.04171819310483,356,Utara,4.87578055484417,Normal
2024-10-04 15:11:00,-8.159259405776965,112.8817848212889,28.274333882308138,41,Timur Laut,10.13884995619994,Normal
2024-10-05 18:50:00,-8.139932802609385,114.0330135952841,109.24038666506863,37,Timur Laut,6.304049292506557,Normal
2024-10-06 07:45:00,-8.08402094259261,114.2161857960338,352.2277581241592,34,Timur Laut,7.260577032942168,Normal
2024-10-07 14:34:00,-8.067582094871291,114.2581050512219,28.274333882308138,300,Barat Laut,7.760688921607002,Normal
2024-10-07 17:38:00,-8.0593358670953,112.8809903511922,91.03782612215659,145,Tenggara,10.03946716182026,Normal
2024-10-08 06:54:00,-8.14558864295448,112.8480074729467,275.7294904212311,66,Timur Laut,11.30535731007091,Normal
2024-10-08 11:08:00,-8.100072399010175,114.0222542990544,55.71327886896803,128,Tenggara,8.055220706702231,Normal
2024-10-08 16:06:00,-8.071451248948225,114.2890713855478,92.0370380585905,283,Barat,8.917375205817388,Normal
2024-10-08 22:44:00,-7.998800135649009,112.9863374173984,154.78552968820594,201,Selatan,13.09416179777817,Normal
2024-10-09 12:39:00,-8.124399601630033,114.0765572877509,237.24104094370264,265,Barat,7.520485527253919,Normal
2024-10-09 23:00:00,-7.974077416787543,112.3185748980541,68.3336403427905,341,Utara,9.705720745748394,Normal
2024-10-10 09:00:00,-7.991319403405152,113.011182034609,28.274333882308138,311,Barat Laut,10.30422038135001,Normal
2024-10-10 14:09:00,-7.89871369448147,112.2527026531779,28.274333882308138,127,Tenggara,9.952519454933707,Normal
2024-10-10 22:37:00,-8.103156098922122,114.0563206412779,91.01596269516595,230,Barat Daya,7.913951181385642,Normal
2024-10-10 23:42:00,-8.114084222840567,114.2653511463235,245.3353138896131,335,Barat Laut,9.451329719148644,Normal
2024-10-11 16:06:00,-8.05504669627384,114.2864502479379,94.27050346009517,261,Barat,8.450371425974078,Normal
2024-10-12 20:58:00,-7.952410046208722,112.9460603770946,150.72909972958593,183,Selatan,11.85870625040926,Normal
2024-10-13 00:37:00,-8.124940767139979,112.9323446765769,177.73926875072277,345,Utara,8.859379396851406,Normal
2024-10-13 10:11:00,-8.142405759995418,114.05643419661,234.33093922663377,290,Barat,5.82748212578161,Normal
2024-10-13 23:09:00,-7.879732488892812,113.0151410408861,58.215415259750074,224,Barat Daya,11.24360532019225,Normal
2024-10-14 15:10:00,-8.068652385413515,114.2353884954295,108.01551297156237,326,Barat Laut,7.18900474453039,Normal
2024-10-14 18:09:00,-7.962159930586506,112.9770580027509,98.46321052116518,191,Selatan,12.43418866479322,Normal
2024-10-14 22:20:00,-8.099786330246966,114.2226644043905,95.33246522850463,21,Utara,7.935397450668672,Normal
2024-10-15 07:18:00,-8.143686809390958,114.0320411514628,174.319623333802,35,Timur Laut,6.448641691558786,Normal
2024-10-15 11:56:00,-8.114852799293429,114.0855919550165,181.52157778106798,262,Barat,8.616643792367693,Normal
2024-10-15 21:23:00,-8.101697961457209,112.8852718399219,145.68359754177771,89,Timur,7.988961885489758,Normal
2024-10-16 13:36:00,-8.1807503129757,114.0615340334134,52.790010673478044,341,Utara,9.763142848604861,Normal
2024-10-17 11:53:00,-8.039131896919821,114.2946219630347,59.527055892807354,247,Barat Daya,9.621219128770676,Normal
2024-10-19 06:06:00,-8.050321495008289,114.2286757247803,320.59582986823875,151,Tenggara,5.96307373477286,Normal
2024-10-19 17:45:00,-8.091824280715235,114.204204681495,40.78338920766908,43,Timur Laut,8.450705241792383,Normal
2024-10-20 13:08:00,-8.098685541447136,112.8660129136716,83.44638650123302,96,Timur,9.552325345140279,Normal
2024-10-21 01:54:00,-8.077071919168105,114.3108956707757,78.02706150971932,281,Barat,10.37151376870951,Normal
2024-10-22 10:15:00,-8.109834370667905,112.9305145853691,31.232202911670278,347,Utara,10.31357451691154,Normal
2024-10-23 01:01:00,-8.09138432651079,112.9318192529021,71.78802109335433,215,Barat Daya,6.33990604111791,Normal
2024-10-23 10:45:00,-7.999205171459081,112.3603922682326,131.3677939743306,321,Barat Laut,11.3432638000848,Normal
2024-10-24 07:04:00,-8.1406171576467,113.9753498116418,100.58046970865318,76,Timur,9.825642550479825,Normal
2024-10-26 06:00:00,-8.191429155045727,114.0349738405191,216.1704035282362,3,Utara,10.15606515624123,Normal
2024-10-26 06:28:00,-8.098433916893388,114.186615038327,229.21434539344514,53,Timur Laut,9.555705641274075,Normal
2024-10-26 17:53:00,-8.107506351230272,112.9251598507767,119.1021676647363,62,Timur Laut,5.324236358976107,Normal
2024-10-28 19:10:00,-8.058611695038556,114.0138226454556,104.05140353250682,154,Tenggara,10.52553697523087,Normal
2024-10-29 10:36:00,-7.983105765947715,113.0210996243705,141.92595707874074,301,Barat Laut,10.59290840133256,Normal
2024-10-30 13:33:00,-7.910451023646811,112.3682985480434,94.0339181080798,256,Barat,10.38875482520547,Normal
2024-10-30 17:00:00,-7.981680378798574,112.9239894777108,51.95973168136502,175,Selatan,13.34065668325081,Normal
2024-10-31 07:20:00,-8.122283746786938,112.9043935912293,28.274333882308138,51,Timur Laut,7.375745466785814,Normal
2024-10-31 15:32:00,-7.920906448679151,112.9865302805078,28.274333882308138,239,Barat Daya,8.592500368619595,Normal
2024-10-31 20:53:00,-8.18021874520367,112.9319663427489,158.88213081488232,350,Utara,10.13948442240779,Normal
2024-11-01 00:05:00,-8.000325151151841,112.3036940556044,588.1996112377067,6,Utara,10.66099492125014,Normal
2024-11-02 08:43:00,-8.086818645972926,114.1946727349782,92.77600890727228,54,Timur Laut,8.862852635515948,Normal
2024-11-03 12:45:00,-8.058724251884671,114.2554432308049,28.274333882308138,300,Barat Laut,8.343369774965913,Normal
2024-11-04 14:13:00,-8.078280918827485,114.2353450047363,295.5974543909678,335,Barat Laut,7.393336286375204,Normal
2024-11-04 16:17:00,-7.920705829825472,112.3058587007871,28.274333882308138,177,Selatan,5.997562553202236,Normal
2024-11-05 03:31:00,-8.188254559640386,114.0175573079618,65.05127960821585,21,Utara,10.26584578629364,Normal
2024-11-05 11:37:00,-7.996032531365852,112.2397307233648,239.56516512298862,32,Timur Laut,12.20112879506992,Normal
2024-11-06 01:52:00,-7.885421309541607,112.9413922352967,57.57518508951429,169,Selatan,9.486946332577244,Normal
2024-11-06 04:02:00,-8.027350091812577,114.2647081725157,86.16366642742027,223,Barat Daya,8.429407646042584,Normal
2024-11-06 16:35:00,-7.936451415086966,112.3312659874719,43.844545628496526,299,Barat Laut,8.182673130797642,Normal
2024-11-07 02:44:00,-7.913524714996233,112.9653567788554,246.5284319730619,212,Barat Daya,8.995138063448076,Normal
2024-11-07 15:27:00,-8.111257687938608,114.0575254583296,32.630563936090255,239,Barat Daya,7.681933327214072,Normal
2024-11-07 16:41:00,-8.155361561797658,112.8831020212976,345.4741016033249,40,Timur Laut,9.85742777192849,Normal
2024-11-08 07:39:00,-7.995205698144722,114.261421812293,290.9178411404194,201,Selatan,10.14389679541793,Normal
2024-11-09 02:29:00,-8.088278877832206,114.0450897161878,505.9006702995694,200,Selatan,8.178676021763415,Normal
2024-11-10 04:10:00,-7.932990214751879,112.9470637364164,103.63208923237025,189,Selatan,9.57219956942658,Normal
2024-11-11 07:03:00,-8.176448615573065,114.0604606105172,80.41961085805333,341,Utara,9.289099868776447,Normal
2024-11-11 13:11:00,-8.11888388651333,112.8695337660423,165.83409040028127,82,Timur,9.241803118966502,Normal
2024-11-12 18:14:00,-8.085360732477488,112.9718647374404,477.59079879144815,241,Barat Daya,9.148417294460527,Normal
2024-11-12 23:34:00,-8.110386213317657,114.2795346908806,179.89379546788817,318,Barat Laut,9.792195028541913,Normal
2024-11-13 04:01:00,-8.10435521565182,112.9120756532322,28.274333882308138,79,Timur,6.220796034380023,Normal
2024-11-14 10:12:00,-8.198229577566085,114.018765931129,93.64009660498316,20,Utara,11.04589157235389,Normal
2024-11-15 10:52:00,-8.194780222991453,114.0788092167515,293.3786404195912,336,Barat Laut,11.04330058652682,Normal
2024-11-15 16:02:00,-8.045949545164028,114.2530714653916,297.88759368766546,220,Barat Daya,6.772527344592554,Normal
2024-11-15 19:29:00,-8.077997303425365,114.2525045489648,146.1352169203243,314,Barat Laut,7.374872191705471,Normal
2024-11-15 21:15:00,-8.049006529444563,112.9762551297919,155.2008586944163,212,Barat Daya,10.50258557923146,Normal
2024-11-16 20:57:00,-7.945291001905017,112.9476282743001,64.03897486932958,203,Barat Daya,10.23632456315636,Normal
2024-11-16 22:44:00,-8.112032148563276,112.9274998378625,55.5256539807531,52,Timur Laut,6.906664829086987,Normal
2024-11-17 11:22:00,-8.11683902886174,112.960478382463,64.06953579180764,275,Barat,7.311771586186683,Normal
2024-11-17 16:14:00,-8.044842561341914,114.2403427198587,29.942867561018176,171,Selatan,5.62812999790094,Normal
2024-11-18 02:58:00,-8.13980909897733,114.0577955989141,124.25521163375132,286,Barat,5.883360331815073,Normal
2024-11-19 04:06:00,-7.872561889260039,112.3148681788223,128.0597144228574,182,Selatan,10.02932029890286,Normal
2024-11-19 07:58:00,-8.103605726965858,114.245449580425,28.274333882308138,338,Utara,8.7632798714214,Normal
2024-11-20 00:59:00,-8.080674168590589,112.8815100529499,96.76248140825459,136,Tenggara,8.942152742529194,Normal
2024-11-20 09:07:00,-7.92441713527517,112.3779917241345,225.55381455868476,270,Barat,11.02412501756875,Normal
2024-11-20 17:41:00,-7.905703327339682,112.9597534621092,28.274333882308138,183,Selatan,8.307754013355101,Normal
2024-11-20 18:15:00,-7.888550277426519,112.8841316112639,94.91458120746601,127,Tenggara,11.95217884502038,Normal
2024-11-21 05:04:00,-7.958710779150459,112.8885467669147,64.16035660421628,76,Timur,10.18211511913196,Normal
2024-11-21 15:54:00,-8.072631315317118,112.9194022807249,123.65077383790828,182,Selatan,6.999194423515966,Normal
2024-11-21 17:56:00,-8.071138229309753,114.2398309165393,484.23749417634485,319,Barat Laut,7.272400088190153,Normal
2024-11-21 18:33:00,-8.084023362533406,114.0393350349855,28.274333882308138,194,Selatan,8.197798412343637,Normal
2024-11-22 19:00:00,-8.1114329849164,112.8607368710397,87.05645555383715,89,Timur,9.964594109271426,Normal
2024-11-23 20:11:00,-7.999201899956481,112.9045248506271,149.99618861414604,167,Selatan,12.95024125845769,Normal
2024-11-24 05:32:00,-7.937107458768575,112.2954473358299,154.3111716670366,44,Timur Laut,7.529551009421164,Normal
2024-11-24 23:18:00,-8.122582036402601,114.0474809650702,134.74070658791217,247,Barat Daya,5.668112231232291,Normal
2024-11-25 11:16:00,-7.92851652819184,112.3103765992972,28.274333882308138,328,Barat Laut,6.453148318674847,Normal
2024-11-25 14:43:00,-7.944213728066757,112.3048885224643,29.03648182745329,349,Utara,6.458856801025039,Normal
2024-11-25 21:57:00,-8.041832166101079,114.2548467658002,28.274333882308138,226,Barat Daya,6.876132409606631,Normal
2024-11-26 06:25:00,-7.929868225137292,112.9685857719822,137.91026363825932,226,Barat Daya,8.006164655155766,Normal
2024-11-27 04:41:00,-7.992764611572363,114.2873486558825,151.42391486432481,216,Barat Daya,11.10404370420431,Normal
2024-11-28 08:08:00,-8.136277650616675,112.9266666516395,223.49817593932192,345,Utara,8.535862328201924,Normal
2024-11-30 16:20:00,-8.061683387659953,114.2602789685675,52.7039970148089,296,Barat Laut,8.443711195464681,Normal
2024-12-01 16:37:00,-8.140193286155393,112.8883885132782,186.4961220916399,54,Timur Laut,9.039167654827263,Normal
2024-12-04 00:46:00,-8.086614254967753,114.0533131367238,256.3519160410171,210,Barat Daya,8.482031486568328,Normal
2024-12-04 01:04:00,-8.185698614705805,114.0441615868923,64.12820399140888,356,Utara,9.675477263990196,Normal
2024-12-04 07:48:00,-8.023803246885523,114.2750934554324,368.60395759979787,226,Barat Daya,8.849632645316838,Normal
2024-12-04 10:11:00,-8.061606008368768,114.249179533029,28.274333882308138,306,Barat Laut,8.13993101039037,Normal
2024-12-05 08:39:00,-7.929929389869893,112.9692968413557,54.34435408685757,227,Barat Daya,7.997233334968522,Normal
2024-12-05 11:37:00,-8.011184542270176,114.1681073527441,301.11107663079224,125,Tenggara,11.14862000971234,Normal
2024-12-06 02:16:00,-8.155369549627311,114.1041956880467,29.600131200655948,295,Barat Laut,10.45420613918098,Normal
2024-12-06 03:02:00,-8.075986677827622,112.8648803712101,393.61351533214554,125,Tenggara,10.20694375597958,Normal
2024-12-06 06:30:00,-8.105948799311058,112.9101831978182,85.45511472708738,76,Timur,6.42782626576147,Normal
2024-12-06 07:23:00,-8.13903778003452,114.0255506984048,101.00770886254283,65,Timur Laut,6.111155065108584,Normal
2024-12-06 22:00:00,-8.201362375260475,113.973619993669,62.161753966584676,37,Timur Laut,11.99849176503026,Normal
2024-12-07 16:00:00,-8.11130445938937,112.8589477541441,28.274333882308138,89,Timur,10.13749372636914,Normal
2024-12-07 22:58:00,-8.00140034035918,114.1844617068325,277.84363903872924,133,Tenggara,10.82882179532221,Normal
2024-12-09 08:19:00,-8.05176283277207,114.2294873376876,115.91501988076985,149,Tenggara,6.219030248344907,Normal
2024-12-09 20:06:00,-7.929009491618226,112.3225610524937,218.1075785324744,322,Barat Laut,7.774983345147588,Normal
2024-12-10 02:53:00,-7.964033515959083,112.2503958543974,441.49331417527713,57,Timur Laut,10.12583167778494,Normal
2024-12-10 17:04:00,-8.129932306917866,114.0274353552108,28.274333882308138,69,Timur,5.844740618257187,Normal
2024-12-11 17:34:00,-8.133600040478994,113.9806187404996,340.14100272600746,83,Timur,9.231350822911757,Normal
2024-12-11 22:01:00,-7.987957483790622,112.9723837585582,229.82261967005482,192,Selatan,13.4034922546506,Normal
2024-12-12 21:49:00,-7.92094616110435,113.0081047115193,40.58739385973146,248,Barat,9.370271190165125,Normal
2024-12-13 00:12:00,-8.030960328293043,114.2929523775949,28.274333882308138,239,Barat Daya,9.763731414838158,Normal
2024-12-13 10:21:00,-7.872305349919857,112.2868896536822,84.94048267305233,162,Selatan,10.18505036668293,Normal
2024-12-16 22:13:00,-8.070736972180336,114.1805774579405,32.28680869246652,81,Timur,9.29253754775719,Normal
2024-12-17 10:08:00,-8.117623308791343,114.2326393383509,236.20343654589556,8,Utara,9.025332058154202,Normal
2024-12-17 13:03:00,-8.046998730886923,112.9531521195887,80.46449907816145,204,Barat Daya,10.19485410685795,Normal
2024-12-18 04:59:00,-8.003665077278717,112.9114276750404,92.98173156009022,169,Selatan,12.47352684655296,Normal
2024-12-18 07:07:00,-7.929445451121148,112.2953200979983,91.34543069902774,49,Timur Laut,7.752843893681122,Normal
2024-12-20 03:25:00,-7.932690578153833,112.9425306858805,28.274333882308138,145,Tenggara,7.500463047871094,Normal
2024-12-20 23:03:00,-8.128833209431308,114.0232769951585,42.77757716372197,72,Timur,6.024902294931433,Normal
2024-12-21 08:29:00,-7.963502982110443,112.9364342452135,448.99572739841125,174,Selatan,13.69504825286182,Normal
2024-12-21 12:08:00,-8.061873488495396,114.2496931639358,49.16021450698527,311,Barat Laut,8.167650578912708,Normal
2024-12-22 06:55:00,-8.12792971181715,114.0670060259845,148.83661355724632,271,Barat,6.847486503067604,Normal
2024-12-23 02:20:00,-7.956133003447512,112.9521364822721,453.59468949271246,179,Selatan,13.98815972346625,Normal
2024-12-23 08:27:00,-8.106751724827891,112.9015178135898,28.274333882308138,82,Timur,6.764305160409176,Normal
2024-12-23 09:34:00,-7.940660978459965,112.2900778599157,28.274333882308138,48,Timur Laut,7.808501532399863,Normal
2024-12-23 10:46:00,-7.875040435980634,112.3760437157027,431.1472142068404,238,Barat Daya,11.49107538651633,Normal
2024-12-23 11:53:00,-8.052073640061934,114.2249179372025,392.6891120757275,141,Tenggara,6.246398812622651,Normal
2024-12-23 14:54:00,-8.003638790282894,112.9541684639073,101.31549089359571,191,Selatan,12.95682881845197,Normal
2024-12-24 09:57:00,-7.9969767549905,112.8987166263653,188.43049013478478,165,Selatan,13.16299791284987,Normal
2024-12-24 11:24:00,-8.1854991793235,114.0115621378089,158.03528912036083,29,Timur Laut,10.37346806258502,Normal
2024-12-25 11:13:00,-8.119321243188523,114.040388309356,97.22299326671799,235,Barat Daya,6.20213892622785,Normal
2024-12-25 14:41:00,-8.076085716802568,114.3072110457359,164.7583480922595,282,Barat,10.27110294610347,Normal
2024-12-26 15:55:00,-7.946853260414324,112.959518607158,97.16641585355083,233,Barat Daya,7.525839174216488,Normal
2024-12-27 17:14:00,-7.976851527809038,112.9732706535821,131.80649533364223,193,Selatan,13.18619751823339,Normal
2024-12-29 16:07:00,-7.969887214512007,113.0006979899435,140.62333492538318,298,Barat Laut,8.9863612320664,Normal
2024-12-29 23:16:00,-8.000666103714634,112.9148243902182,440.2670173756446,172,Selatan,12.74180263503983,Normal
2024-12-30 02:44:00,-7.968814089073542,112.3771109259309,31.268946729005506,299,Barat Laut,11.57037437554101,Normal
2024-12-30 14:09:00,-7.934790749050698,112.3286611945381,38.099178090897375,300,Barat Laut,7.86236490381985,Normal
