{
  "pred_lat": -7.922036831968879,
  "pred_lon": 114.19462981103919,
  "base_lat": -7.99,
  "base_lon": 114.21,
  "movement_scale": 1.3807159954734811,
  "bearing_degree": 347.37430657615266,
  "bearing_rad": -0.22035992059353193,
  "bearing_std_deg": 165.33764858116191,
  "angular_concentration_R": 0.01555158305169007,
  "distance_km": 7.744407194020869,
  "distance_mean_km": 5.608979123447559,
  "distance_std_km": 1.4871582333426516,
  "vector_lat": 7.557138450648664,
  "vector_lon": -1.6927791422774843,
  "movement_direction": "N",
  "confidence": 0.42604905144267824,
  "_generated_at": "2025-12-24T19:31:53.830648",
  "_n_segment": 5
}