{
  "pred_lat": -8.171539261224186,
  "pred_lon": 114.77189401594444,
  "base_lat": -8.030960328293043,
  "base_lon": 114.2929523775949,
  "movement_scale": 0.7308827024690486,
  "bearing_degree": 106.54761799692665,
  "bearing_rad": 1.859606744203535,
  "bearing_std_deg": 41.85761392429936,
  "angular_concentration_R": 0.7657848874914565,
  "distance_km": 54.99290595417836,
  "distance_mean_km": 75.24176693250884,
  "distance_std_km": 38.119927104664136,
  "vector_lat": -15.662645734627368,
  "vector_lon": 52.715284632416285,
  "movement_direction": "E",
  "confidence": 0.12595660198219277,
  "_generated_at": "2025-12-20T14:43:21.613530",
  "_n_segment": 5
}