{
  "pred_lat": -8.213893853529822,
  "pred_lon": 114.71398770332951,
  "base_lat": -8.030960328293043,
  "base_lon": 114.2929523775949,
  "movement_scale": 0.749884964996383,
  "bearing_degree": 113.72572018365383,
  "bearing_rad": 1.9848882614065295,
  "bearing_std_deg": 50.23207096350592,
  "angular_concentration_R": 0.6809171629643092,
  "distance_km": 50.61471061636514,
  "distance_mean_km": 67.49663345578514,
  "distance_std_km": 39.20190044646171,
  "vector_lat": -20.36527315347987,
  "vector_lon": 46.33685984356879,
  "movement_direction": "SE",
  "confidence": 0.13948405923751672,
  "_generated_at": "2025-12-19T14:04:22.184366",
  "_n_segment": 5
}