{
  "pred_lat": -8.083978006034535,
  "pred_lon": 114.76560141795996,
  "base_lat": -8.030960328293043,
  "base_lon": 114.2929523775949,
  "movement_scale": 0.8602732555927944,
  "bearing_degree": 96.49655452372684,
  "distance_km": 52.37028072715667,
  "vector_lat": -0.05301767774149191,
  "vector_lon": 0.47264904036505584,
  "movement_direction": "E",
  "confidence": 0.21133838229771187
}