{
  "_generated_at": "2025-12-30T15:43:13.755793",
  "bearing_degree": 112.0,
  "distance_km": 3.91755631744768
}