{
  "pred_lat": -7.989320574622198,
  "pred_lon": 114.27983668759168,
  "base_lat": -7.99,
  "base_lon": 114.21,
  "movement_scale": 1.3872013280968096,
  "bearing_degree": 89.4419901231613,
  "bearing_rad": 1.5610572171854138,
  "bearing_std_deg": 147.64585927832596,
  "angular_concentration_R": 0.03614476249906195,
  "distance_km": 7.690488797187909,
  "distance_mean_km": 5.543888000553592,
  "distance_std_km": 1.4453558681651835,
  "vector_lat": 0.07489732932806739,
  "vector_lon": 7.6901240776552005,
  "movement_direction": "E",
  "confidence": 0.40045418294518076,
  "_generated_at": "2025-12-22T19:21:04.799807",
  "_n_segment": 5
}