{
  "pred_lat": -8.213877638516253,
  "pred_lon": 114.71557939602417,
  "base_lat": -8.030960328293043,
  "base_lon": 114.2929523775949,
  "movement_scale": 0.7532860791074875,
  "bearing_degree": 113.64450927715592,
  "bearing_rad": 1.9834708636996121,
  "bearing_std_deg": 50.26317532047828,
  "angular_concentration_R": 0.6805930604585335,
  "distance_km": 50.774478645688376,
  "distance_mean_km": 67.40397845377319,
  "distance_std_km": 39.26513874852322,
  "vector_lat": -20.363651648827908,
  "vector_lon": 46.51203471432586,
  "movement_direction": "SE",
  "confidence": 0.14190271995479564,
  "_generated_at": "2025-12-19T17:19:04.457217",
  "_n_segment": 5
}