{
  "pred_lat": -7.966185953960982,
  "pred_lon": 114.28222482355972,
  "base_lat": -7.99,
  "base_lon": 114.21,
  "movement_scale": 1.4864344864093302,
  "bearing_degree": 71.59016724906428,
  "bearing_rad": 1.249484130549583,
  "bearing_std_deg": 169.0139670607009,
  "angular_concentration_R": 0.012896386513778701,
  "distance_km": 8.382549466971318,
  "distance_mean_km": 5.639366917017933,
  "distance_std_km": 1.4856047716926901,
  "vector_lat": 2.647308644247552,
  "vector_lon": 7.953545907852252,
  "movement_direction": "E",
  "confidence": 0.43874979820802473,
  "_generated_at": "2025-12-28T20:41:28.992694",
  "_n_segment": 5
}