{
  "pred_lat": -7.93768680738518,
  "pred_lon": 114.25161590528012,
  "base_lat": -7.99,
  "base_lon": 114.21,
  "movement_scale": 1.344111758120125,
  "bearing_degree": 38.23542230768794,
  "bearing_rad": 0.6673340101596428,
  "bearing_std_deg": 158.92829617176463,
  "angular_concentration_R": 0.021342724664463866,
  "distance_km": 7.40538283510641,
  "distance_mean_km": 5.509499333197993,
  "distance_std_km": 1.445881673506,
  "vector_lat": 5.816738792813897,
  "vector_lon": 4.583147908442688,
  "movement_direction": "NE",
  "confidence": 0.4084106032954545,
  "_generated_at": "2025-12-24T20:43:52.889922",
  "_n_segment": 5
}