{
  "_generated_at": "2025-12-30T17:38:37.015752",
  "bearing_degree": 101.0,
  "distance_km": 3.91755631744768
}