{
  "pred_lat": -8.227746615532098,
  "pred_lon": 114.71584366599745,
  "base_lat": -8.030960328293043,
  "base_lon": 114.2929523775949,
  "movement_scale": 0.7979016472177494,
  "bearing_degree": 115.20607617800192,
  "bearing_rad": 2.010725347609539,
  "bearing_std_deg": 52.18267830165747,
  "angular_concentration_R": 0.6605110153085743,
  "distance_km": 51.437262403003324,
  "distance_mean_km": 64.46566764508253,
  "distance_std_km": 39.29681967060866,
  "vector_lat": -21.905856751520094,
  "vector_lon": 46.539503687698485,
  "movement_direction": "SE",
  "confidence": 0.16000870409215803,
  "_generated_at": "2025-12-20T01:37:06.848362",
  "_n_segment": 5
}