{
  "pred_lat": -8.082814368704465,
  "pred_lon": 114.66833258073993,
  "base_lat": -8.030960328293043,
  "base_lon": 114.2929523775949,
  "movement_scale": 0.7334964804005984,
  "bearing_degree": 97.96860273381037,
  "distance_km": 41.72870163850991,
  "vector_lat": -0.051854040411422275,
  "vector_lon": 0.37538020314502774,
  "movement_direction": "E",
  "confidence": 0.17560316255416983
}