{
  "pred_lat": -7.970361640118958,
  "pred_lon": 114.27795186502607,
  "base_lat": -7.99,
  "base_lon": 114.21,
  "movement_scale": 1.4025849555638699,
  "bearing_degree": 73.73588854200722,
  "bearing_rad": 1.2869340319415872,
  "bearing_std_deg": 157.0656874797937,
  "angular_concentration_R": 0.023344367446944368,
  "distance_km": 7.794866014414225,
  "distance_mean_km": 5.557500088314093,
  "distance_std_km": 1.4572998682628124,
  "vector_lat": 2.1830727170099817,
  "vector_lon": 7.48292253701163,
  "movement_direction": "E",
  "confidence": 0.41678499183367923,
  "_generated_at": "2025-12-23T22:51:56.454256",
  "_n_segment": 5
}