{
  "pred_lat": -7.972569281605572,
  "pred_lon": 114.27501440892632,
  "base_lat": -7.99,
  "base_lon": 114.21,
  "movement_scale": 1.29,
  "bearing_degree": 74.85607655907955,
  "bearing_rad": 1.3064850010808855,
  "bearing_std_deg": 179.71476026827418,
  "angular_concentration_R": 0.007305158224626606,
  "distance_km": 7.416980624912464,
  "distance_mean_km": 5.7495973836530725,
  "distance_std_km": 1.500496585694777,
  "vector_lat": 1.9376459266991959,
  "vector_lon": 7.15940848485913,
  "movement_direction": "E",
  "confidence": 0.5036525791123133,
  "_generated_at": "2025-12-22T13:01:56.886030",
  "_n_segment": 5
}