{
  "pred_lat": -7.929338275286627,
  "pred_lon": 114.21120304065664,
  "base_lat": -7.99,
  "base_lon": 114.21,
  "movement_scale": 1.2233148331112078,
  "bearing_degree": 1.12527882297519,
  "bearing_rad": 0.019639820463883947,
  "bearing_std_deg": 160.89296342508453,
  "angular_concentration_R": 0.019394875911552853,
  "distance_km": 6.7465862671463075,
  "distance_mean_km": 5.515004056631917,
  "distance_std_km": 1.462364078371348,
  "vector_lat": 6.745285153747373,
  "vector_lon": 0.1324932250434863,
  "movement_direction": "N",
  "confidence": 0.3906193454938366,
  "_generated_at": "2025-12-28T14:22:27.861987",
  "_n_segment": 5
}