{
  "class_names": [
    "Normal",
    "Tidak Normal"
  ],
  "accuracy": 0.9347826086956522,
  "confusion_matrix": [
    [
      171,
      14
    ],
    [
      1,
      44
    ]
  ],
  "report_str": "              precision    recall  f1-score   support\n\n      Normal       0.99      0.92      0.96       185\nTidak Normal       0.76      0.98      0.85        45\n\n    accuracy                           0.93       230\n   macro avg       0.88      0.95      0.91       230\nweighted avg       0.95      0.93      0.94       230\n",
  "roc_auc": {
    "fpr": {
      "0": [
        0.0,
        0.0,
        0.0,
        0.0,
        0.0,
        0.0,
        0.044444444444444446,
        0.044444444444444446,
        0.06666666666666667,
        0.06666666666666667,
        0.4222222222222222,
        0.4222222222222222,
        0.4888888888888889,
        0.4888888888888889,
        0.6222222222222222,
        0.6222222222222222,
        0.7333333333333333,
        0.7333333333333333,
        0.8,
        0.8,
        0.8444444444444444,
        0.8444444444444444,
        0.9333333333333333,
        0.9333333333333333,
        0.9555555555555556,
        0.9555555555555556,
        0.9777777777777777,
        0.9777777777777777,
        1.0,
        1.0
      ],
      "1": [
        0.0,
        0.005405405405405406,
        0.005405405405405406,
        0.010810810810810811,
        0.010810810810810811,
        0.021621621621621623,
        0.021621621621621623,
        0.02702702702702703,
        0.02702702702702703,
        0.032432432432432434,
        0.032432432432432434,
        0.03783783783783784,
        0.03783783783783784,
        0.043243243243243246,
        0.043243243243243246,
        0.04864864864864865,
        0.04864864864864865,
        0.05945945945945946,
        0.05945945945945946,
        0.06486486486486487,
        0.06486486486486487,
        0.07027027027027027,
        0.07027027027027027,
        0.07567567567567568,
        0.07567567567567568,
        1.0
      ]
    },
    "tpr": {
      "0": [
        0.0,
        0.04864864864864865,
        0.05945945945945946,
        0.14054054054054055,
        0.15135135135135136,
        0.9243243243243243,
        0.9243243243243243,
        0.9297297297297298,
        0.9297297297297298,
        0.9351351351351351,
        0.9351351351351351,
        0.9405405405405406,
        0.9405405405405406,
        0.9513513513513514,
        0.9513513513513514,
        0.9567567567567568,
        0.9567567567567568,
        0.9621621621621622,
        0.9621621621621622,
        0.9675675675675676,
        0.9675675675675676,
        0.972972972972973,
        0.972972972972973,
        0.9783783783783784,
        0.9783783783783784,
        0.9891891891891892,
        0.9891891891891892,
        0.9945945945945946,
        0.9945945945945946,
        1.0
      ],
      "1": [
        0.0,
        0.0,
        0.022222222222222223,
        0.022222222222222223,
        0.044444444444444446,
        0.044444444444444446,
        0.06666666666666667,
        0.06666666666666667,
        0.15555555555555556,
        0.15555555555555556,
        0.2,
        0.2,
        0.26666666666666666,
        0.26666666666666666,
        0.37777777777777777,
        0.37777777777777777,
        0.5111111111111111,
        0.5111111111111111,
        0.5777777777777777,
        0.5777777777777777,
        0.9333333333333333,
        0.9333333333333333,
        0.9555555555555556,
        0.9555555555555556,
        1.0,
        1.0
      ]
    },
    "roc_auc": {
      "Normal": 0.9495495495495495,
      "Tidak Normal": 0.9495495495495495
    }
  }
}