{
  "class_names": [
    "Normal",
    "Waspada",
    "Siaga",
    "Awas"
  ],
  "accuracy": 0.8888888888888888,
  "confusion_matrix": [
    [
      0,
      0,
      0,
      0
    ],
    [
      0,
      8,
      1,
      0
    ],
    [
      0,
      0,
      0,
      0
    ],
    [
      0,
      0,
      0,
      0
    ]
  ],
  "report_str": "              precision    recall  f1-score   support\n\n      Normal       0.00      0.00      0.00         0\n     Waspada       1.00      0.89      0.94         9\n       Siaga       0.00      0.00      0.00         0\n        Awas       0.00      0.00      0.00         0\n\n    accuracy                           0.89         9\n   macro avg       0.25      0.22      0.24         9\nweighted avg       1.00      0.89      0.94         9\n",
  "roc_auc": {
    "fpr": {
      "1": [
        NaN,
        NaN,
        NaN,
        NaN
      ]
    },
    "tpr": {
      "1": [
        0.0,
        0.1111111111111111,
        0.3333333333333333,
        1.0
      ]
    },
    "roc_auc": {
      "Normal": 0.5,
      "Waspada": NaN,
      "Siaga": 0.5,
      "Awas": 0.5
    }
  }
}