{
  "class_names": [
    "Normal",
    "Waspada",
    "Siaga",
    "Awas"
  ],
  "accuracy": 1.0,
  "confusion_matrix": [
    [
      0,
      0,
      0,
      0
    ],
    [
      0,
      0,
      0,
      0
    ],
    [
      0,
      0,
      0,
      0
    ],
    [
      0,
      0,
      0,
      9
    ]
  ],
  "report_str": "              precision    recall  f1-score   support\n\n      Normal       0.00      0.00      0.00         0\n     Waspada       0.00      0.00      0.00         0\n       Siaga       0.00      0.00      0.00         0\n        Awas       1.00      1.00      1.00         9\n\n    accuracy                           1.00         9\n   macro avg       0.25      0.25      0.25         9\nweighted avg       1.00      1.00      1.00         9\n",
  "roc_auc": {
    "fpr": {
      "3": [
        NaN,
        NaN,
        NaN,
        NaN,
        NaN
      ]
    },
    "tpr": {
      "3": [
        0.0,
        0.1111111111111111,
        0.2222222222222222,
        0.4444444444444444,
        1.0
      ]
    },
    "roc_auc": {
      "Normal": 0.5,
      "Waspada": 0.5,
      "Siaga": 0.5,
      "Awas": NaN
    }
  }
}