{
  "class_names": [
    "Ringan",
    "Sedang",
    "Parah"
  ],
  "accuracy": 0.6149732620320856,
  "confusion_matrix": [
    [
      239,
      0,
      2
    ],
    [
      3,
      106,
      0
    ],
    [
      151,
      60,
      0
    ]
  ],
  "report_str": "              precision    recall  f1-score   support\n\n      Ringan       0.61      0.99      0.75       241\n      Sedang       0.64      0.97      0.77       109\n       Parah       0.00      0.00      0.00       211\n\n    accuracy                           0.61       561\n   macro avg       0.42      0.65      0.51       561\nweighted avg       0.39      0.61      0.47       561\n",
  "roc_auc": {
    "fpr": {
      "0": [
        0.0,
        0.0,
        0.0,
        0.003125,
        0.003125,
        0.00625,
        0.00625,
        0.009375,
        0.009375,
        0.0125,
        0.0125,
        0.021875,
        0.021875,
        0.028125,
        0.028125,
        0.03125,
        0.03125,
        0.034375,
        0.034375,
        0.0375,
        0.0375,
        0.040625,
        0.040625,
        0.04375,
        0.04375,
        0.046875,
        0.046875,
        0.05,
        0.05,
        0.053125,
        0.053125,
        0.059375,
        0.059375,
        0.06875,
        0.06875,
        0.071875,
        0.071875,
        0.075,
        0.075,
        0.078125,
        0.078125,
        0.084375,
        0.084375,
        0.0875,
        0.0875,
        0.11875,
        0.11875,
        0.14375,
        0.14375,
        0.15625,
        0.15625,
        0.203125,
        0.203125,
        0.20625,
        0.20625,
        0.303125,
        0.303125,
        0.34375,
        0.34375,
        1.0,
        1.0
      ],
      "1": [
        0.0,
        0.0,
        0.0,
        0.0022123893805309734,
        0.0022123893805309734,
        0.00663716814159292,
        0.00663716814159292,
        0.011061946902654867,
        0.011061946902654867,
        0.017699115044247787,
        0.017699115044247787,
        0.024336283185840708,
        0.024336283185840708,
        0.028761061946902654,
        0.028761061946902654,
        0.030973451327433628,
        0.030973451327433628,
        0.03982300884955752,
        0.03982300884955752,
        0.084070796460177,
        0.084070796460177,
        0.09070796460176991,
        0.09070796460176991,
        0.11946902654867257,
        0.11946902654867257,
        0.13274336283185842,
        0.13274336283185842,
        0.1902654867256637,
        0.1902654867256637,
        0.995575221238938,
        1.0
      ],
      "2": [
        0.0,
        0.005714285714285714,
        0.008571428571428572,
        0.008571428571428572,
        0.011428571428571429,
        0.011428571428571429,
        0.014285714285714285,
        0.014285714285714285,
        0.017142857142857144,
        0.017142857142857144,
        0.02,
        0.02,
        0.022857142857142857,
        0.022857142857142857,
        0.025714285714285714,
        0.025714285714285714,
        0.02857142857142857,
        0.02857142857142857,
        0.03428571428571429,
        0.03428571428571429,
        0.037142857142857144,
        0.037142857142857144,
        0.04,
        0.04,
        0.04857142857142857,
        0.04857142857142857,
        0.05142857142857143,
        0.05142857142857143,
        0.054285714285714284,
        0.054285714285714284,
        0.05714285714285714,
        0.05714285714285714,
        0.06,
        0.06,
        0.08857142857142856,
        0.08857142857142856,
        0.09714285714285714,
        0.09714285714285714,
        0.10285714285714286,
        0.10285714285714286,
        0.10571428571428572,
        0.10571428571428572,
        0.10857142857142857,
        0.10857142857142857,
        0.12571428571428572,
        0.12571428571428572,
        0.14,
        0.14,
        0.16,
        0.16,
        0.1657142857142857,
        0.1657142857142857,
        0.18571428571428572,
        0.18571428571428572,
        0.19142857142857142,
        0.19142857142857142,
        0.19714285714285715,
        0.19714285714285715,
        0.20857142857142857,
        0.20857142857142857,
        0.21428571428571427,
        0.21428571428571427,
        0.21714285714285714,
        0.21714285714285714,
        0.22,
        0.22,
        0.22285714285714286,
        0.22285714285714286,
        0.22857142857142856,
        0.22857142857142856,
        0.23142857142857143,
        0.23142857142857143,
        0.24571428571428572,
        0.24571428571428572,
        0.24857142857142858,
        0.24857142857142858,
        0.26,
        0.26,
        0.2714285714285714,
        0.2714285714285714,
        0.2742857142857143,
        0.2742857142857143,
        0.2857142857142857,
        0.2857142857142857,
        0.33714285714285713,
        0.33714285714285713,
        0.4114285714285714,
        0.4114285714285714,
        1.0
      ]
    },
    "tpr": {
      "0": [
        0.0,
        0.029045643153526972,
        0.5975103734439834,
        0.5975103734439834,
        0.6556016597510373,
        0.6556016597510373,
        0.6887966804979253,
        0.6887966804979253,
        0.7012448132780082,
        0.7012448132780082,
        0.7095435684647303,
        0.7095435684647303,
        0.7551867219917012,
        0.7551867219917012,
        0.7634854771784232,
        0.7634854771784232,
        0.7676348547717843,
        0.7676348547717843,
        0.7717842323651453,
        0.7717842323651453,
        0.7759336099585062,
        0.7759336099585062,
        0.8091286307053942,
        0.8091286307053942,
        0.8174273858921162,
        0.8174273858921162,
        0.8672199170124482,
        0.8672199170124482,
        0.9045643153526971,
        0.9045643153526971,
        0.9128630705394191,
        0.9128630705394191,
        0.91701244813278,
        0.91701244813278,
        0.921161825726141,
        0.921161825726141,
        0.9253112033195021,
        0.9253112033195021,
        0.9336099585062241,
        0.9336099585062241,
        0.941908713692946,
        0.941908713692946,
        0.946058091286307,
        0.946058091286307,
        0.9543568464730291,
        0.9543568464730291,
        0.9626556016597511,
        0.9626556016597511,
        0.970954356846473,
        0.970954356846473,
        0.975103734439834,
        0.975103734439834,
        0.979253112033195,
        0.979253112033195,
        0.983402489626556,
        0.983402489626556,
        0.9875518672199171,
        0.9875518672199171,
        0.991701244813278,
        0.991701244813278,
        1.0
      ],
      "1": [
        0.0,
        0.009174311926605505,
        0.6605504587155964,
        0.6605504587155964,
        0.6972477064220184,
        0.6972477064220184,
        0.7889908256880734,
        0.7889908256880734,
        0.7981651376146789,
        0.7981651376146789,
        0.8165137614678899,
        0.8165137614678899,
        0.8990825688073395,
        0.8990825688073395,
        0.908256880733945,
        0.908256880733945,
        0.9174311926605505,
        0.9174311926605505,
        0.944954128440367,
        0.944954128440367,
        0.9541284403669725,
        0.9541284403669725,
        0.963302752293578,
        0.963302752293578,
        0.9724770642201835,
        0.9724770642201835,
        0.981651376146789,
        0.981651376146789,
        1.0,
        1.0,
        1.0
      ],