Acquired_Date,EQ_Lintang,EQ_Bujur,Magnitudo,Kedalaman (km),Nama,Sumber,VRP_Max,Hembusan,Tektonik_Lokal,Tektonik_Jauh,Tremor_Menerus,Vulkanik_Dangkal,Vulkanik_Dalam,Letusan_Erupsi,Guguran,Harmonik,Tremor_Non_Harmonik,Magnitudo_Original,Kedalaman_Original,Tanggal,Keterangan,isVulkanik,isTektonik,seismic_energy_log10,R1_final,R2_final,R3_final,AreaTerdampak_km2,tfe_doy_sin,tfe_doy_cos,tfe_weekday_sin,Intensity,cluster_id,time_since_last_event_days,OLI_total (W),MSI_total (W),Magnitudo_scaled,Kedalaman (km)_scaled,seismic_energy_log10_scaled,time_since_last_event_days_scaled,impact_level,Magnitudo_lag1,Magnitudo_lag3,Magnitudo_roll_mean3,Magnitudo_roll_std3,Magnitudo_roll_mean7,Magnitudo_roll_std7,VRP_Max_lag1,VRP_Max_lag3,VRP_Max_roll_mean3,VRP_Max_roll_std3,VRP_Max_roll_mean7,VRP_Max_roll_std7,R3_final_lag1,R3_final_lag3,R3_final_roll_mean3,R3_final_roll_std3,R3_final_roll_mean7,R3_final_roll_std7,seismic_energy_log10_lag1,seismic_energy_log10_lag3,seismic_energy_log10_roll_mean3,seismic_energy_log10_roll_std3,seismic_energy_log10_roll_mean7,seismic_energy_log10_roll_std7,Lintang,Bujur,PheromoneScore,Pheromone_Score,Risk_Index,Status_Zona,Radius_Visual_KM,lstm_prediction,prediction_sigma,prediction_error,anomaly_score,aco_center_lat,aco_center_lon,aco_area_km2,ga_bearing,ga_distance_km,cnn_bearing,cnn_distance,cnn_angle_deg,cnn_distance_km,cnn_confidence,cnn_cardinal,cnn_dx_km,cnn_dy_km,cnn_direction_text,binary_status,luas_cnn,kelas_prediksi,nb_confidence,is_anomaly
2022-01-04 03:51:00,-8.120653112817681,114.0430431181575,3.52,6,Raung,VolcanoDiscovery,0.0,0,0,0,0,0,0,0,0,1,0,3.52,6,2022-01-04 03:51:00,Unknown,0,1,10.08,14.877444444444444,32.73037777777778,59.50977777777778,11125.679109808414,0.06875540848113941,0.9976335468520451,0.7818314824680298,35.2,0,6.123392770499757,0.0,0.0,0.023746701846965663,-0.45217391304347826,0.02374670184696598,1.4224657191187589,Parah,0.0,0.0,3.52,0.0,3.52,0.0,0.0,0.0,0.0,0.0,0.0,0.0,0.0,0.0,59.50977777777778,0.0,59.50977777777778,0.0,0.0,0.0,10.08,0.0,10.08,0.0,-8.120653112817681,114.0430431181575,0.4104249848816458,0.4104249848816458,41.04,Aman,6.188267621025323,,,,0.0004459276419096492,,,,,,,,167.71177673339844,94.20055389404297,0.85,Selatan,20.04867172241211,-92.0423583984375,Bergerak ke arah Selatan sejauh 94.20 km,Normal,,Normal,0.9995540723580904,False
2022-01-05 13:34:00,-7.877878372092454,113.0102125479923,3.59,55,Bromo,VolcanoDiscovery,0.0,0,1,1,0,0,2,0,1,0,0,3.59,55,2022-01-05 13:34:00,Unknown,0,1,10.184999999999999,11.095680785123966,24.410497727272727,44.38272314049586,6188.391246599668,0.08590610426133272,0.9963032375991965,0.9749279121818236,35.9,0,1.4048611111111111,0.0,0.0,0.06068601583113444,1.2521739130434784,0.06068601583113438,0.0003139553136937333,Sedang,3.52,0.0,3.5549999999999997,0.049497474683058366,3.5549999999999997,0.049497474683058366,0.0,0.0,0.0,0.0,0.0,0.0,59.50977777777778,0.0,51.94625045913682,10.696442913401452,51.94625045913682,10.696442913401452,10.08,0.0,10.1325,0.07424621202458591,10.1325,0.07424621202458591,-7.877878372092454,113.0102125479923,0.12965863038886827,0.12965863038886827,12.97,Aman,5.609223980918246,,,,0.0004272627084520586,,,,,,,,167.71177673339844,94.20055389404297,0.85,Selatan,20.04867172241211,-92.0423583984375,Bergerak ke arah Selatan sejauh 94.20 km,Normal,,Normal,0.9995727372915479,False
2022-01-09 12:54:00,-7.914582772778076,112.2972084053225,3.9,9,Kelud,VolcanoDiscovery,0.0,0,0,0,0,0,2,0,0,0,0,3.9,9,2022-01-09 12:54:00,Unknown,0,1,10.649999999999999,14.521651234567901,31.947632716049387,58.086604938271606,10599.90223271506,0.1542040475626894,0.988039023376751,-0.7818314824680299,39.0,0,3.9722222222222223,0.0,0.0,0.22427440633245374,-0.34782608695652173,0.22427440633245363,0.7741091517973941,Parah,3.59,0.0,3.67,0.20223748416156692,3.67,0.20223748416156692,0.0,0.0,0.0,0.0,0.0,0.0,44.38272314049586,0.0,53.99303528551508,8.353138923560708,53.99303528551508,8.353138923560708,10.184999999999999,0.0,10.305,0.3033562262423491,10.305,0.3033562262423491,-7.914582772778076,112.2972084053225,0.3017578818267869,0.3017578818267869,30.18,Aman,6.751707703323689,,,,0.005900767472714841,,,,,,,,167.71177673339844,94.20055389404297,0.85,Selatan,20.04867172241211,-92.0423583984375,Bergerak ke arah Selatan sejauh 94.20 km,Normal,,Normal,0.9940992325272852,False
2022-01-09 14:37:00,-8.103611631905009,114.0559746660739,1.06,19,Raung,VolcanoDiscovery,0.0,0,0,0,0,5,0,0,0,0,0,1.06,19,2022-01-09 14:37:00,Unknown,0,1,6.39,4.291108725761773,9.440439196675902,17.16443490304709,925.5691963360202,0.1542040475626894,0.988039023376751,-0.7818314824680299,10.600000000000001,0,0.07152777777777777,0.0,0.0,-1.274406332453826,0.0,-1.274406332453826,-0.40154884621422204,Ringan,3.9,3.52,2.85,1.5579152736910953,3.0175,1.3154055141539687,0.0,0.0,0.0,0.0,0.0,0.0,58.086604938271606,59.50977777777778,39.87792099393819,20.829688713052818,44.78588518989808,19.636778540545215,10.649999999999999,10.08,9.075,2.3368729105366426,9.32625,1.9731082712309531,-8.103611631905009,114.0559746660739,0.019177678483136004,0.019177678483136004,1.92,Aman,3.0,,,,0.0,,,,,,,,167.71177673339844,94.20055389404297,0.85,Selatan,20.04867172241211,-92.0423583984375,Bergerak ke arah Selatan sejauh 94.20 km,Normal,,Normal,1.0,False
2022-01-11 03:09:00,-7.935504592414176,112.9528861897165,2.15,0,Bromo,VolcanoDiscovery,0.0,3,0,1,0,0,4,0,3,0,0,2.15,0,2022-01-11 03:09:00,Unknown,0,1,8.024999999999999,39.344375,86.557625,157.3775,77809.95370011617,0.18809941761179758,0.9821499931752291,0.7818314824680298,21.5,0,1.5222222222222221,0.0,0.0,-0.6992084432717679,-0.6608695652173913,-0.6992084432717682,0.0356862539898488,Parah,1.06,3.59,2.37,1.4327246769704223,2.844,1.2034242809582996,0.0,0.0,0.0,0.0,0.0,0.0,17.16443490304709,44.38272314049586,77.5428466137729,72.10294661851361,67.30420815191846,53.14674636040371,6.39,10.184999999999999,8.354999999999999,2.149087015455633,9.065999999999999,1.8051364214374492,-7.935504592414176,112.9528861897165,0.5074566268531121,0.5074566268531121,50.75,Aman,3.391356393890791,,,,1.8110224431211464e-10,,,,,,,,167.71177673339844,94.20055389404297,0.85,Selatan,20.04867172241211,-92.0423583984375,Bergerak ke arah Selatan sejauh 94.20 km,Normal,,Normal,0.9999999998188978,False
2022-01-11 22:36:00,-7.877175259824345,113.0042268670792,2.97,30,Bromo,VolcanoDiscovery,0.0,3,0,1,0,0,0,1,0,0,0,2.97,30,2022-01-11 22:36:00,Unknown,0,1,9.254999999999999,9.616569444444444,21.15645277777778,38.466277777777776,4648.4717889748945,0.18809941761179758,0.9821499931752291,0.7818314824680298,29.700000000000003,0,0.8104166666666667,0.0,0.0,-0.2664907651715039,0.3826086956521739,-0.2664907651715041,-0.17884987703416874,Sedang,2.15,3.9,2.06,0.9581753492967772,2.865,1.0776038233042793,0.0,0.0,0.0,0.0,0.0,0.0,157.3775,58.086604938271606,71.00273756027495,75.55720890394332,62.49788642289502,48.97209093284629,8.024999999999999,10.649999999999999,7.889999999999998,1.4372630239451656,9.097499999999998,1.6164057349564187,-7.877175259824345,113.0042268670792,0.1394047106962616,0.1394047106962616,13.94,Aman,4.4039901218539,,,,2.355452994873275e-07,,,,,,,,167.71177673339844,94.20055389404297,0.85,Selatan,20.04867172241211,-92.0423583984375,Bergerak ke arah Selatan sejauh 94.20 km,Normal,,Normal,0.9999997644547005,False
2022-02-02 12:47:00,-8.129788267218117,114.0456054777548,3.69,9,Raung,VolcanoDiscovery,0.0,0,0,0,0,0,0,0,0,0,0,3.69,9,2022-02-02 12:47:00,Unknown,0,1,10.335,13.8645262345679,30.501957716049382,55.4581049382716,9662.286774117054,0.5376773767406141,0.8431506618282,0.9749279121818236,36.9,0,21.590972222222224,0.0,0.0,0.11345646437994715,-0.34782608695652173,0.1134564643799478,6.08434932761237,Parah,2.97,1.06,2.936666666666666,0.7705409355338199,2.9828571428571427,1.0319514569609414,0.0,0.0,0.0,0.0,0.0,0.0,38.466277777777776,17.16443490304709,83.76729423868312,64.31195333474626,61.4922033536631,44.7843112149331,9.254999999999999,6.39,9.204999999999998,1.155811403300731,9.274285714285712,1.5479271854414123,-8.129788267218117,114.0456054777548,0.30203580346174563,0.30203580346174563,30.2,Aman,6.283713191535921,,,,0.000949022958780299,,,,,,,,167.71177673339844,94.20055389404297,0.85,Selatan,20.04867172241211,-92.0423583984375,Bergerak ke arah Selatan sejauh 94.20 km,Normal,,Normal,0.9990509770412197,False
2022-02-07 20:57:00,-8.08158950689447,114.2425090210902,5.65,23,Ijen,VolcanoDiscovery,0.0,0,0,0,0,0,1,1,3,0,0,5.65,23,2022-02-07 20:57:00,Unknown,0,1,13.275000000000002,17.9842025047259,39.565245510396984,71.9368100189036,16257.442386529783,0.6081214998935418,0.7938439653781019,0.0,56.5,0,5.340277777777778,0.0,0.0,1.1477572559366755,0.1391304347826087,1.1477572559366767,1.1864371304484327,Parah,3.69,2.15,4.1033333333333335,1.3869871424542244,3.2871428571428574,1.447212427228225,0.0,0.0,0.0,0.0,0.0,0.0,55.4581049382716,157.3775,55.28706424498432,16.735921645225627,63.26749367382393,44.93867190063506,10.335,8.024999999999999,10.955,2.0804807136813364,9.730714285714285,2.1708186408423384,-8.08158950689447,114.2425090210902,0.6216941151145783,0.6216941151145783,62.17,Aman,12.451308848514596,,,,0.005097115347186043,,,,,,,,167.71177673339844,94.20055389404297,0.85,Selatan,20.04867172241211,-92.0423583984375,Bergerak ke arah Selatan sejauh 94.20 km,Normal,,Tidak Normal,0.994902884652814,False
2022-02-07 23:41:00,-7.925336968794523,112.3294332196857,1.86,3,Kelud,VolcanoDiscovery,0.0,0,0,0,0,4,0,0,0,0,0,1.86,3,2022-02-07 23:41:00,Unknown,0,1,7.59,14.134694444444442,31.096327777777773,56.53877777777777,10042.519982427486,0.6081214998935418,0.7938439653781019,0.0,18.6,0,0.11388888888888889,0.0,0.0,-0.8522427440633246,-0.5565217391304348,-0.8522427440633246,-0.3887813301240123,Sedang,5.65,2.97,3.733333333333333,1.8953715554828119,3.04,1.532100954027943,0.0,0.0,0.0,0.0,0.0,0.0,71.9368100189036,38.466277777777776,61.31123091165099,9.21787187857776,65.00407290772135,44.317860396273616,13.275000000000002,9.254999999999999,10.4,2.8430573332242184,9.36,2.2981514310419158,-7.925336968794523,112.3294332196857,0.23904356146647524,0.23904356146647524,23.9,Aman,3.0,,,,4.263256414560601e-14,,,,,,,,167.71177673339844,94.20055389404297,0.85,Selatan,20.04867172241211,-92.0423583984375,Bergerak ke arah Selatan sejauh 94.20 km,Normal,,Normal,0.9999999999999574,False
2022-02-08 05:23:00,-8.04342367955421,112.906377108392,4.92,38,Semeru,VolcanoDiscovery,0.0,4,1,0,0,0,0,0,3,0,0,4.92,38,2022-02-08 05:23:00,Unknown,0,1,12.18,15.296372576177285,33.65201966759003,61.18549030470914,11761.0680230839,0.6216868902665479,0.7832658619336791,0.7818314824680298,49.2,0,0.2375,0.0,0.0,0.7625329815303429,0.6608695652173913,0.7625329815303433,-0.35152529956569506,Parah,1.86,3.69,4.1433333333333335,2.010829016434101,3.1857142857142864,1.6698388858695037,0.0,0.0,0.0,0.0,0.0,0.0,56.53877777777777,55.4581049382716,63.220359367130165,7.8981243533251035,65.44677081721242,44.25267381853096,7.59,10.335,11.015,3.016243524651151,9.578571428571427,2.5047583288042565,-8.04342367955421,112.906377108392,0.40672876761150634,0.40672876761150634,40.67,Aman,9.54886573959636,,,,0.1158014731065653,,,,,,,,167.71177673339844,94.20055389404297,0.85,Selatan,20.04867172241211,-92.0423583984375,Bergerak ke arah Selatan sejauh 94.20 km,Tidak Normal,,Tidak Normal,0.8841985268934347,False
2022-02-10 10:07:00,-8.045595230508807,114.2080836608827,5.46,26,Ijen,VolcanoDiscovery,0.0,0,0,3,0,0,0,5,0,0,0,5.46,26,2022-02-10 10:07:00,Unknown,0,1,12.989999999999998,17.264658284023668,37.98224822485207,69.05863313609467,14982.553221334945,0.6482618097757122,0.7614175109532997,0.43388373911755823,54.6,0,2.1972222222222224,0.0,0.0,1.0474934036939314,0.24347826086956523,1.0474934036939314,0.23912929726335627,Parah,4.92,5.65,4.08,1.9414427624836124,3.814285714285714,1.560884974865831,0.0,0.0,0.0,0.0,0.0,0.0,61.18549030470914,71.9368100189036,62.260967072860524,6.328837354318711,72.8602277076478,38.830703116549465,12.18,13.275000000000002,10.92,2.9121641437254175,10.52142857142857,2.341327462298747,-8.045595230508807,114.2080836608827,0.7660921208346336,0.7660921208346336,76.61,Terdampak,12.56571135655981,,,,0.0009064575152913923,,,,,,,,167.71177673339844,94.20055389404297,0.85,Selatan,20.04867172241211,-92.0423583984375,Bergerak ke arah Selatan sejauh 94.20 km,Normal,,Tidak Normal,0.9990935424847086,False
2022-02-10 21:18:00,-8.003837694925195,112.9348997433124,3.13,58,Bromo,VolcanoDiscovery,0.0,1,0,5,0,0,0,5,2,5,0,3.13,58,2022-02-10 21:18:00,Unknown,0,1,9.495000000000001,9.697063168846611,21.333538971462545,38.788252675386445,4726.61582600333,0.6482618097757122,0.7614175109532997,0.43388373911755823,31.299999999999997,0,0.46597222222222223,0.0,0.0,-0.1820580474934038,1.3565217391304347,-0.18205804749340312,-0.282664434095547,Ringan,5.46,1.86,4.503333333333334,1.2196037607900911,3.954285714285714,1.424743920181883,0.0,0.0,0.0,0.0,0.0,0.0,69.05863313609467,56.53877777777777,56.344125372063424,15.705193221265894,55.91890666127443,13.264066008323734,12.989999999999998,7.59,11.555,1.8294056411851347,10.731428571428571,2.1371158802728245,-8.003837694925195,112.9348997433124,0.0001,0.0001,0.01,Aman,4.407875840806431,,,,2.930107320109343e-06,,,,,,,,167.71177673339844,94.20055389404297,0.85,Selatan,20.04867172241211,-92.0423583984375,Bergerak ke arah Selatan sejauh 94.20 km,Normal,,Normal,0.9999970698926799,False
2022-03-01 12:48:00,-7.868128963606708,112.369014268496,3.59,14,Kelud,VolcanoDiscovery,0.0,4,0,0,0,0,0,0,3,1,0,3.59,14,2022-03-01 12:48:00,Unknown,0,1,10.184999999999999,12.481752551020406,27.459855612244898,49.927010204081625,7831.067950177311,0.8584015232918917,0.512978386299228,0.7818314824680298,35.9,0,18.645833333333332,0.0,0.0,0.06068601583113444,-0.17391304347826086,0.06068601583113438,5.196693004029092,Sedang,3.13,4.92,4.06,1.2340583454602139,4.042857142857143,1.371637880852843,0.0,0.0,0.0,0.0,0.0,0.0,38.788252675386445,61.18549030470914,52.59129867185425,15.310055783328718,57.5561541507464,11.314866292148547,9.495000000000001,12.18,10.889999999999999,1.8510875181903204,10.864285714285716,2.0574568212792643,-7.868128963606708,112.369014268496,0.30225311948643596,0.30225311948643596,30.23,Aman,6.0638138073843,,,,0.0003498508223682695,,,,,,,,167.71177673339844,94.20055389404297,0.85,Selatan,20.04867172241211,-92.0423583984375,Bergerak ke arah Selatan sejauh 94.20 km,Normal,,Normal,0.9996501491776317,False
2022-03-01 13:56:00,-8.141551831137674,114.0651860489784,2.64,49,Raung,VolcanoDiscovery,0.0,0,1,0,0,0,5,3,5,0,0,2.64,49,2022-03-01 13:56:00,Unknown,0,1,8.76,8.309042482299041,18.279893461057892,33.236169929196166,3470.3383071318985,0.8584015232918917,0.512978386299228,0.7818314824680298,26.400000000000002,0,0.04722222222222222,0.0,0.0,-0.44063324538258575,1.0434782608695652,-0.4406332453825857,-0.40887447020040807,Ringan,3.59,5.46,3.1199999999999997,0.4750789408087875,3.892857142857143,1.4705068773013195,0.0,0.0,0.0,0.0,0.0,0.0,49.927010204081625,69.05863313609467,40.65047760288808,8.499820499921876,54.381592006592776,14.632567009038608,10.184999999999999,12.989999999999998,9.479999999999999,0.7126184112131916,10.639285714285714,2.205760315951979,-8.141551831137674,114.0651860489784,0.04136998861330132,0.04136998861330132,4.14,Aman,3.6055941043287163,,,,4.200874315074543e-09,,,,,,,,167.71177673339844,94.20055389404297,0.85,Selatan,20.04867172241211,-92.0423583984375,Bergerak ke arah Selatan sejauh 94.20 km,Normal,,Normal,0.9999999957991257,False
2022-03-01 19:35:00,-8.133701421527677,114.0581574221127,2.18,11,Raung,VolcanoDiscovery,0.0,0,0,0,0,0,0,0,0,0,0,2.18,11,2022-03-01 19:35:00,Unknown,0,1,8.07,8.633621900826448,18.993968181818186,34.53448760330579,3746.760266610952,0.8584015232918917,0.512978386299228,0.7818314824680298,21.8,0,0.23541666666666666,0.0,0.0,-0.683377308707124,-0.2782608695652174,-0.6833773087071238,-0.35215321019308243,Sedang,2.64,3.13,2.8033333333333332,0.7190502995850374,3.3971428571428572,1.3601803101759988,0.0,0.0,0.0,0.0,0.0,0.0,33.236169929196166,38.788252675386445,39.232555912194535,9.284391291122665,49.03840309007881,13.967499792949933,8.76,9.495000000000001,9.004999999999999,1.0785754493775652,9.895714285714286,2.040270465263997,-8.133701421527677,114.0581574221127,0.0938008090566008,0.0938008090566008,9.38,Aman,3.0,,,,2.3714363805993344e-12,,,,,,,,167.71177673339844,94.20055389404297,0.85,Selatan,20.04867172241211,-92.0423583984375,Bergerak ke arah Selatan sejauh 94.20 km,Normal,,Normal,0.9999999999976286,False
2022-03-04 20:07:00,-8.08663710886625,112.9748634504888,3.36,23,Semeru,VolcanoDiscovery,0.0,0,0,1,0,0,0,3,0,0,0,3.36,23,2022-03-04 20:07:00,Unknown,0,1,9.84,11.050729678638941,24.311605293005673,44.202918714555764,6138.351674561099,0.8837203473619977,0.4680153284438345,-0.433883739117558,33.6,0,3.022222222222222,0.0,0.0,-0.06068601583113468,0.1391304347826087,-0.06068601583113438,0.4877819057087541,Sedang,2.18,3.59,2.7266666666666666,0.5947548514584241,3.6114285714285717,1.1844608980661286,0.0,0.0,0.0,0.0,0.0,0.0,34.53448760330579,49.927010204081625,37.32452541568591,5.9921305039343835,47.276137509618515,13.637775549638253,8.07,10.184999999999999,8.889999999999999,0.8921322771876488,10.217142857142857,1.7766913470991919,-8.08663710886625,112.9748634504888,0.2997827184663218,0.2997827184663218,29.98,Aman,5.557735459545658,,,,3.619641953278574e-05,,,,,,,,167.71177673339844,94.20055389404297,0.85,Selatan,20.04867172241211,-92.0423583984375,Bergerak ke arah Selatan sejauh 94.20 km,Normal,,Normal,0.9999638035804672,False
2022-03-07 16:55:00,-7.945309070306905,112.3216230085198,2.68,4,Kelud,VolcanoDiscovery,0.0,0,0,0,0,5,0,0,0,0,0,2.68,4,2022-03-07 16:55:00,Unknown,0,1,8.82,14.507000000000001,31.915400000000005,58.028000000000006,10578.524042623567,0.9066860720977985,0.4218060770826634,0.0,26.8,0,2.8666666666666667,0.0,0.0,-0.41952506596306066,-0.5217391304347826,-0.41952506596306044,0.44089791219716395,Sedang,3.36,2.64,2.7399999999999998,0.5922837157984328,3.2914285714285714,1.0689625589238159,0.0,0.0,0.0,0.0,0.0,0.0,44.202918714555764,33.236169929196166,45.58846877262052,11.8078826597303,46.82506746608864,13.144338034545854,9.84,8.76,8.909999999999998,0.8884255736976617,9.737142857142857,1.6034438383857221,-7.945309070306905,112.3216230085198,0.5282126979648439,0.5282126979648439,52.82,Aman,4.553641588240297,,,,8.052215461074042e-08,,,,,,,,167.71177673339844,94.20055389404297,0.85,Selatan,20.04867172241211,-92.0423583984375,Bergerak ke arah Selatan sejauh 94.20 km,Normal,,Normal,0.9999999194778454,False
2022-03-09 09:42:00,-8.037398223899373,114.2723186963029,4.3,32,Ijen,VolcanoDiscovery,0.0,4,0,5,0,0,4,0,0,0,0,4.3,32,2022-03-09 09:42:00,Unknown,0,1,11.25,13.567265625,29.847984375,54.2690625,9252.40236782467,0.9206588168102428,0.3903682146763026,0.9749279121818236,43.0,0,1.6993055555555556,0.0,0.0,0.43535620052770435,0.45217391304347826,0.43535620052770485,0.08905865731777517,Parah,2.68,2.18,3.4466666666666668,0.813469933884058,3.125714285714286,0.7045532187814048,0.0,0.0,0.0,0.0,0.0,0.0,58.028000000000006,34.53448760330579,52.16666040485193,7.148306727089147,44.71227166093225,9.71661816220776,8.82,8.07,9.969999999999999,1.2202049008260931,9.48857142857143,1.0568298281721051,-8.037398223899373,114.2723186963029,0.4222016853936953,0.4222016853936953,42.22,Aman,8.066577275351367,,,,0.23881206126564736,,,,,,,,167.71177673339844,94.20055389404297,0.85,Selatan,20.04867172241211,-92.0423583984375,Bergerak ke arah Selatan sejauh 94.20 km,Normal,,Normal,0.7611879387343526,False
2022-03-10 01:38:00,-7.972056007868172,112.2964058616427,4.71,45,Kelud,VolcanoDiscovery,0.0,0,0,0,0,0,4,0,0,0,0,4.71,45,2022-03-10 01:38:00,Unknown,0,1,11.864999999999998,14.554202160493826,32.01924475308642,58.216808641975305,10647.475795016508,0.9272375462179537,0.374473674486883,0.43388373911755823,47.1,0,0.6638888888888889,0.0,0.0,0.6517150395778364,0.9043478260869565,0.6517150395778363,-0.223012924493747,Parah,4.3,3.36,3.896666666666667,1.0734213214452817,3.351428571428571,0.9248140096154215,0.0,0.0,0.0,0.0,0.0,0.0,54.2690625,44.202918714555764,56.83795704732511,2.2267300178241047,47.48777965615924,10.48674096793298,11.25,9.84,10.645,1.6101319821679256,9.827142857142857,1.3872210144231305,-7.972056007868172,112.2964058616427,0.3884672897706238,0.3884672897706238,38.85,Aman,8.953987454815937,,,,0.23022920373698108,,,,,,,,167.71177673339844,94.20055389404297,0.85,Selatan,20.04867172241211,-92.0423583984375,Bergerak ke arah Selatan sejauh 94.20 km,Tidak Normal,,Tidak Normal,0.7697707962630189,False
2022-04-02 04:58:00,-7.993411853462411,112.912157511184,2.8,29,Bromo,VolcanoDiscovery,0.0,3,0,0,0,0,0,1,3,0,0,2.8,29,2022-04-02 04:58:00,Unknown,0,1,9.0,9.132752675386444,20.09205588585018,36.531010701545775,4192.501712327933,0.9999300657962057,-0.011826390691832589,-0.9749279121818236,28.0,0,23.13888888888889,0.0,0.0,-0.3562005277044856,0.34782608695652173,-0.3562005277044853,6.550886923761184,Sedang,4.71,2.68,3.936666666666667,1.0055015332327122,3.2385714285714284,0.9389431749122445,0.0,0.0,0.0,0.0,0.0,0.0,58.216808641975305,58.028000000000006,49.672293947840366,11.550591712976349,45.574065441511266,11.167626145564594,11.864999999999998,8.82,10.704999999999998,1.508252299849072,9.657857142857141,1.4084147623683654,-7.993411853462411,112.912157511184,0.02460116967516356,0.02460116967516356,2.46,Aman,3.860245527789303,,,,2.1844502873236138e-08,,,,,,,,167.71177673339844,94.20055389404297,0.85,Selatan,20.04867172241211,-92.0423583984375,Bergerak ke arah Selatan sejauh 94.20 km,Normal,,Normal,0.9999999781554971,False
2022-04-03 20:55:00,-8.091258000767896,112.8871094064781,2.9,61,Semeru,VolcanoDiscovery,0.0,4,0,0,0,0,1,0,3,0,0,2.9,61,2022-04-03 20:55:00,Unknown,0,1,9.149999999999999,8.989019416823433,19.775842717011557,35.956077667293734,4061.5751421241735,0.9995786855478958,-0.029025013321975237,-0.7818314824680299,29.0,0,1.6645833333333333,0.0,0.0,-0.30343007915567294,1.4608695652173913,-0.30343007915567316,0.07859348019465233,Ringan,2.8,4.3,3.47,1.0750348831549612,3.275714285714286,0.916185154919702,0.0,0.0,0.0,0.0,0.0,0.0,36.531010701545775,54.2690625,43.56796567027161,12.68952667776439,45.96262368981091,10.70451947332316,9.0,11.25,10.004999999999997,1.6125523247324465,9.713571428571427,1.3742777323795514,-8.091258000767896,112.8871094064781,0.031246982821236426,0.031246982821236426,3.12,Aman,4.053686278004628,,,,1.9638011061751115e-07,,,,,,,,167.71177673339844,94.20055389404297,0.85,Selatan,20.04867172241211,-92.0423583984375,Bergerak ke arah Selatan sejauh 94.20 km,Normal,,Normal,0.9999998036198894,False
2022-04-04 05:30:00,-8.06026167336589,114.0313091168393,5.26,61,Raung,VolcanoDiscovery,0.0,2,0,0,0,0,0,3,0,0,0,5.26,61,2022-04-04 05:30:00,Unknown,0,1,12.69,16.038552203708683,35.28481484815911,64.15420881483473,12930.049261118442,0.9989315138848577,-0.046215046983708354,0.0,52.599999999999994,0,0.3576388888888889,0.0,0.0,0.9419525065963059,1.4608695652173913,0.9419525065963064,-0.3153157867196902,Parah,2.9,4.71,3.6533333333333338,1.3923122255203157,3.7157142857142857,1.0342446058655113,0.0,0.0,0.0,0.0,0.0,0.0,35.956077667293734,58.216808641975305,45.54709906122475,16.116793633835336,50.19401243431504,11.273267368188787,9.149999999999999,11.864999999999998,10.28,2.088468338280477,10.373571428571427,1.5513669087982656,-8.06026167336589,114.0313091168393,0.14527388826939605,0.14527388826939605,14.53,Aman,9.283980474561217,,,,0.08340946055636633,,,,,,,,167.71177673339844,94.20055389404297,0.85,Selatan,20.04867172241211,-92.0423583984375,Bergerak ke arah Selatan sejauh 94.20 km,Tidak Normal,,Tidak Normal,0.9165905394436337,False
2022-04-11 05:19:00,-8.115549121861777,114.0741115353676,3.74,14,Raung,VolcanoDiscovery,0.0,0,2,5,0,0,3,0,0,0,0,3.74,14,2022-04-11 05:19:00,Unknown,0,1,10.41,12.942198979591836,28.47283775510204,51.768795918367346,8419.49416955948,0.986146248341595,-0.16587819893463143,0.0,37.400000000000006,0,6.992361111111111,0.0,0.0,0.13984168865435362,-0.17391304347826086,0.1398416886543539,1.684370257966616,Parah,5.26,2.8,3.9666666666666663,1.1962162569257013,3.77,1.0223665357069038,0.0,0.0,0.0,0.0,0.0,0.0,64.15420881483473,36.531010701545775,50.62636080016528,14.133736892731415,51.27485203485956,10.961512838837445,12.69,9.0,10.75,1.794324385388555,10.455,1.533549803560354,-8.115549121861777,114.0741115353676,0.20421688869134016,0.20421688869134016,20.42,Aman,6.122903472246905,,,,0.000893445690807626,,,,,,,,167.71177673339844,94.20055389404297,0.85,Selatan,20.04867172241211,-92.0423583984375,Bergerak ke arah Selatan sejauh 94.20 km,Normal,,Normal,0.9991065543091924,False
2022-05-08 21:36:00,-8.170181557199566,112.9778083073995,3.87,12,Semeru,VolcanoDiscovery,0.0,4,3,0,0,0,1,1,0,2,0,3.87,12,2022-05-08 21:36:00,Unknown,0,1,10.605,13.663902777777775,30.060586111111107,54.6556111111111,9384.678125278819,0.8073707443023492,-0.5900444739548627,-0.7818314824680299,38.7,0,27.678472222222222,0.0,0.0,0.20844327176781002,-0.24347826086956523,0.20844327176781047,7.91910418083826,Parah,3.74,2.9,4.29,0.8425556361451766,3.94,0.9028658076739144,0.0,0.0,0.0,0.0,0.0,0.0,51.768795918367346,35.956077667293734,56.859538614771076,6.480168630910542,50.79308219358971,10.68588158528864,10.41,9.149999999999999,11.235,1.263833454217766,10.709999999999999,1.3542987115108702,-8.170181557199566,112.9778083073995,0.17965497317939838,0.17965497317939838,17.97,Aman,6.32968374546232,,,,0.002545879990620059,,,,,,,,167.71177673339844,94.20055389404297,0.85,Selatan,20.04867172241211,-92.0423583984375,Bergerak ke arah Selatan sejauh 94.20 km,Normal,,Normal,0.9974541200093799,False
2022-05-10 08:56:00,-7.885866609616146,112.9650242144303,4.83,40,Bromo,VolcanoDiscovery,0.0,0,0,3,0,0,0,1,4,0,0,4.83,40,2022-05-10 08:56:00,Unknown,0,1,12.045,14.99,32.978,59.96,11294.65893473427,0.7865965660866021,-0.6174672802835514,0.7818314824680298,48.3,0,1.4722222222222223,0.0,0.0,0.7150395778364116,0.7304347826086957,0.715039577836412,0.02061639893255201,Parah,3.87,5.26,4.146666666666667,0.5953430383680796,4.015714285714286,0.9585902347172339,0.0,0.0,0.0,0.0,0.0,0.0,54.6556111111111,64.15420881483473,55.46146900982615,4.154637323693882,51.60607326501828,11.198598521930002,10.605,12.69,11.020000000000001,0.8930145575521222,10.823571428571428,1.4378853520758497,-7.885866609616146,112.9650242144303,0.23561777558243857,0.23561777558243857,23.56,Aman,8.659619872079249,,,,0.32855235876707944,,,,,,,,167.71177673339844,94.20055389404297,0.85,Selatan,20.04867172241211,-92.0423583984375,Bergerak ke arah Selatan sejauh 94.20 km,Tidak Normal,,Tidak Normal,0.6714476412329206,False
2022-05-10 17:27:00,-8.109960666189982,114.0703534888758,5.78,61,Raung,VolcanoDiscovery,0.0,0,0,0,0,0,3,0,0,1,0,5.78,61,2022-05-10 17:27:00,Unknown,0,1,13.469999999999999,17.591839088954583,38.70204599570008,70.36735635581833,15555.799726709449,0.7865965660866021,-0.6174672802835514,0.7818314824680298,57.800000000000004,0,0.3548611111111111,0.0,0.0,1.216358839050132,1.4608695652173913,1.216358839050132,-0.31615300088954,Parah,4.83,3.74,4.826666666666667,0.9550043629917823,4.168571428571428,1.1532913562413256,0.0,0.0,0.0,0.0,0.0,0.0,59.96,51.768795918367346,61.66098915564316,7.992794113409705,53.34186579556729,13.163362945168796,12.045,10.41,12.04,1.4325065444876688,11.05285714285714,1.729937034361988,-8.109960666189982,114.0703534888758,0.318073755192141,0.318073755192141,31.81,Aman,11.339749065611212,,,,0.024538179730208443,,,,,,,,167.71177673339844,94.20055389404297,0.85,Selatan,20.04867172241211,-92.0423583984375,Bergerak ke arah Selatan sejauh 94.20 km,Tidak Normal,,Tidak Normal,0.9754618202697916,False
2022-05-12 12:11:00,-8.141732252021846,113.9927001308411,2.21,4,Raung,VolcanoDiscovery,0.0,0,0,0,0,0,0,3,2,0,0,2.21,4,2022-05-12 12:11:00,Unknown,0,1,8.115,12.938374999999999,28.464425,51.753499999999995,8414.519556277588,0.7648913904341225,-0.6441592666722685,0.43388373911755823,22.1,0,1.7805555555555554,0.0,0.0,-0.6675461741424803,-0.5217391304347826,-0.6675461741424801,0.11354717178588249,Sedang,5.78,3.87,4.273333333333333,1.8489546596207644,4.0842857142857145,1.2841191162668317,0.0,0.0,0.0,0.0,0.0,0.0,70.36735635581833,54.6556111111111,60.6936187852728,9.3285882908583,55.51650712391789,11.003479349104408,13.469999999999999,10.605,11.209999999999999,2.7734319894311468,10.926428571428572,1.9261786744002463,-8.141732252021846,113.9927001308411,0.050901519821583086,0.050901519821583086,5.09,Aman,3.0,,,,6.103562100179261e-12,,,,,,,,167.71177673339844,94.20055389404297,0.85,Selatan,20.04867172241211,-92.0423583984375,Bergerak ke arah Selatan sejauh 94.20 km,Normal,,Normal,0.9999999999938964,False
2022-06-01 21:43:00,-7.951727155089354,112.9363494824208,3.07,12,Bromo,VolcanoDiscovery,0.0,0,0,0,0,0,1,0,0,0,0,3.07,12,2022-06-01 21:43:00,Unknown,0,1,9.405,11.193902777777774,24.626586111111106,44.7756111111111,6298.438840243439,0.5027907197793043,-0.8644081744776648,0.9749279121818236,30.7,0,20.397222222222222,0.0,0.0,-0.21372031662269142,-0.24347826086956523,-0.2137203166226913,5.7245565381194075,Sedang,2.21,4.83,3.686666666666667,1.8631782881231025,4.1085714285714285,1.2593573569011127,0.0,0.0,0.0,0.0,0.0,0.0,51.753499999999995,59.96,55.63215582230982,13.22941171815484,56.776440473034654,8.641988284319044,8.115,12.045,10.329999999999998,2.794767432184656,10.962857142857144,1.8890360353516678,-7.951727155089354,112.9363494824208,0.3412827540750247,0.3412827540750247,34.13,Aman,5.031572775139096,,,,1.6016313980626862e-06,,,,,,,,167.71177673339844,94.20055389404297,0.85,Selatan,20.04867172241211,-92.0423583984375,Bergerak ke arah Selatan sejauh 94.20 km,Normal,,Normal,0.9999983983686019,False
2022-06-05 23:39:00,-7.913397644711904,112.3240040525849,1.44,15,Kelud,VolcanoDiscovery,0.0,0,0,0,0,0,0,0,2,0,0,1.44,15,2022-06-05 23:39:00,Unknown,0,1,6.96,5.771111111111111,12.696444444444445,23.084444444444443,1674.1282581495213,0.44216815196707204,-0.8969321743510065,-0.7818314824680299,14.399999999999999,0,4.080555555555556,0.0,0.0,-1.0738786279683379,-0.1391304347826087,-1.0738786279683377,0.8067605044215373,Ringan,3.07,5.78,2.24,0.8154140052758427,3.562857142857143,1.4847414397318965,0.0,0.0,0.0,0.0,0.0,0.0,44.7756111111111,70.36735635581833,39.87118518518519,14.950542861684143,50.909331277264606,14.650723005580598,9.405,13.469999999999999,8.159999999999998,1.2231210079137844,10.144285714285715,2.2271121595978425,-7.913397644711904,112.3240040525849,0.021789449609222977,0.021789449609222977,2.18,Aman,3.0,,,,0.0,,,,,,,,167.71177673339844,94.20055389404297,0.85,Selatan,20.04867172241211,-92.0423583984375,Bergerak ke arah Selatan sejauh 94.20 km,Normal,,Normal,1.0,False
2022-06-08 00:00:00,-7.996996362540687,114.1717563019548,5.89,47,Ijen,VolcanoDiscovery,0.0,0,0,1,0,0,0,0,4,3,0,5.89,47,2022-06-08 00:00:00,Unknown,0,1,13.634999999999998,18.061843424626527,39.73605553417836,72.24737369850611,16398.117786758816,0.3953117887649151,-0.9185469991587165,0.9749279121818236,58.9,0,2.0145833333333334,0.0,0.0,1.2744063324538257,0.9739130434782609,1.2744063324538257,0.18408246559573024,Parah,1.44,2.21,3.466666666666667,2.251362550397721,3.8700000000000006,1.7296724159986683,0.0,0.0,0.0,0.0,0.0,0.0,23.084444444444443,51.753499999999995,46.70247641802056,24.6380399107396,53.83484238871301,16.74577148405148,6.96,8.115,9.999999999999998,3.3770438255965844,10.604999999999999,2.5945086239980006,-7.996996362540687,114.1717563019548,0.4556442745511034,0.4556442745511034,45.56,Aman,12.310773543449224,,,,0.015093209620882675,,,,,,,,167.71177673339844,94.20055389404297,0.85,Selatan,20.04867172241211,-92.0423583984375,Bergerak ke arah Selatan sejauh 94.20 km,Normal,,Tidak Normal,0.9849067903791173,False
2022-06-09 18:50:00,-8.153370871948999,112.9536839000561,2.44,61,Semeru,VolcanoDiscovery,0.0,3,0,3,0,0,5,0,0,0,0,2.44,61,2022-06-09 18:50:00,Unknown,0,1,8.46,7.6149579414136,16.75290747110992,30.4598317656544,2914.773908895373,0.37945284372454435,-0.925211078289358,0.43388373911755823,24.4,0,1.7847222222222223,0.0,0.0,-0.5461741424802111,1.4608695652173913,-0.5461741424802107,0.11480299304065728,Ringan,5.89,3.07,3.2566666666666664,2.334701979553992,3.665714285714286,1.8121521012584016,0.0,0.0,0.0,0.0,0.0,0.0,72.24737369850611,44.7756111111111,41.930549969534994,26.512854152176775,50.378302482219205,18.90594685556451,13.634999999999998,9.405,9.685,3.5020529693309914,10.29857142857143,2.7182281518876,-8.153370871948999,112.9536839000561,0.0001,0.0001,0.01,Aman,3.1888088628683047,1.154918909072876,,1.285081090927124,3.638724876964261e-10,,,,,,,,144.9417724609375,80.47396850585938,0.85,Tenggara,46.22493362426758,-65.87347412109375,Bergerak ke arah Tenggara sejauh 80.47 km,Normal,,Normal,0.9999999996361275,False
2022-06-11 21:47:00,-8.060757472991952,112.8944085830006,5.94,28,Semeru,VolcanoDiscovery,0.0,2,4,3,0,0,0,0,2,0,0,5.94,28,2022-06-11 21:47:00,Unknown,0,1,13.71,18.633576530612245,40.99386836734694,74.53430612244898,17452.68692643525,0.3474028211842774,-0.9377159910299093,-0.9749279121818236,59.400000000000006,0,2.122916666666667,0.0,0.0,1.3007915567282324,0.3130434782608696,1.300791556728233,0.21673381821987345,Parah,2.44,1.44,4.756666666666667,2.00644793935286,3.8242857142857143,1.9724845343107869,0.0,0.0,0.0,0.0,0.0,0.0,30.4598317656544,23.084444444444443,59.08050386220318,24.812590925204574,52.460346213997624,20.840538224295216,8.46,6.96,11.935,3.0096719090292887,10.536428571428571,2.9587268014661787,-8.060757472991952,112.8944085830006,0.6817158924069956,0.6817158924069956,68.17,Aman,13.59268174374173,0.8877677321434021,,5.052232267856598,0.003188420213633525,,,,,,,,149.45260620117188,69.3689956665039,0.85,Tenggara,35.256866455078125,-59.74120330810547,Bergerak ke arah Tenggara sejauh 69.37 km,Tidak Normal,,Tidak Normal,0.9968115797863665,False
2022-06-12 09:20:00,-7.914666619357855,112.9723418998253,3.01,40,Bromo,VolcanoDiscovery,0.0,3,0,0,0,0,0,3,1,0,0,3.01,40,2022-06-12 09:20:00,Unknown,0,1,9.315,9.53,20.966,38.12,4565.156355718612,0.3312212278016865,-0.9435531242349544,-0.7818314824680299,30.099999999999998,0,0.48125,0.0,0.0,-0.24538258575197905,0.7304347826086957,-0.24538258575197888,-0.27805975616137296,Sedang,5.94,5.89,3.7966666666666673,1.8779332611499628,3.4285714285714284,1.7835491636194447,0.0,0.0,0.0,0.0,0.0,0.0,74.53430612244898,72.24737369850611,47.704712629367805,23.548670017595658,47.853581020309285,19.758528619895838,13.71,13.634999999999998,10.495,2.816899891724947,9.942857142857141,2.6753237454291643,-7.914666619357855,112.9723418998253,0.08959600663141215,0.08959600663141215,8.96,Aman,4.376921707769432,1.1491607427597046,,1.8608392572402952,4.631250061226666e-07,,,,,,,,145.80276489257812,80.78248596191406,0.85,Tenggara,45.40327072143555,-66.81581115722656,Bergerak ke arah Tenggara sejauh 80.78 km,Normal,,Normal,0.9999995368749939,False
2022-07-04 18:53:00,-7.860213556390638,112.2786635463538,4.13,39,Kelud,VolcanoDiscovery,0.0,3,5,0,0,0,3,2,0,0,0,4.13,39,2022-07-04 18:53:00,Unknown,0,1,10.995000000000001,12.906956032215648,28.39530327087443,51.62782412886259,8373.702294441959,-0.04084439154329611,-0.9991655196610109,0.0,41.3,0,22.397916666666667,0.0,0.0,0.34564643799472283,0.6956521739130435,0.3456464379947236,6.327560043953744,Sedang,3.01,2.44,4.36,1.4784789481084957,3.7028571428571433,1.7110787463440948,0.0,0.0,0.0,0.0,0.0,0.0,38.12,30.4598317656544,54.76071008377053,18.40819527818253,47.835627324432515,19.754451000501966,9.315,8.46,11.340000000000002,2.217718422162745,10.354285714285714,2.56661811951614,-7.860213556390638,112.2786635463538,0.288075489059651,0.288075489059651,28.81,Aman,7.23061803797632,0.9308112859725952,,3.1991887140274047,0.03702749927438209,,,,,,,,149.6394500732422,73.06400299072266,0.85,Tenggara,36.92946243286133,-63.04413986206055,Bergerak ke arah Tenggara sejauh 73.06 km,Normal,,Normal,0.9629725007256179,False
2022-07-04 20:14:00,-7.915206871235005,112.378159646595,3.93,38,Kelud,VolcanoDiscovery,0.0,1,3,4,0,0,0,0,0,3,0,3.93,38,2022-07-04 20:14:00,Unknown,0,1,10.695,12.324418628808866,27.11372098337951,49.297674515235464,7634.889201043773,-0.04084439154329611,-0.9991655196610109,0.0,39.300000000000004,0,0.05625,0.0,0.0,0.24010554089709765,0.6608695652173913,0.24010554089709804,-0.40615352414839617,Sedang,4.13,5.94,3.690000000000001,0.5973273809227232,3.825714285714286,1.6887950057447991,0.0,0.0,0.0,0.0,0.0,0.0,51.62782412886259,74.53430612244898,46.34849954803269,7.220703076186796,48.48163638216456,19.711598086875316,10.995000000000001,13.71,10.335,0.8959910713840933,10.538571428571428,2.5331925086171965,-7.915206871235005,112.378159646595,0.19765083397261518,0.19765083397261518,19.77,Aman,6.5108698200281445,1.2096259593963623,,2.720374040603638,0.007348437912060524,,,,,,,,142.64306640625,79.7350082397461,0.85,Tenggara,48.381500244140625,-63.37903594970703,Bergerak ke arah Tenggara sejauh 79.74 km,Normal,,Normal,0.9926515620879395,False
2022-07-05 01:54:00,-8.161964544652097,114.0140996009133,3.32,36,Raung,VolcanoDiscovery,0.0,0,5,0,0,0,0,4,0,3,0,3.32,36,2022-07-05 01:54:00,Unknown,0,1,9.78,10.53016049382716,23.16635308641975,42.12064197530864,5573.651832440249,-0.05802556932878035,-0.9983150972033183,0.7818314824680298,33.199999999999996,0,0.2361111111111111,0.0,0.0,-0.08179419525065976,0.591304347826087,-0.08179419525065962,-0.35194390665062,Sedang,3.93,3.01,3.7933333333333343,0.4219399641339199,4.094285714285714,1.3645128207881536,0.0,0.0,0.0,0.0,0.0,0.0,49.297674515235464,38.12,47.68204687313557,4.955231340074123,51.20109317228803,16.708078733157084,10.695,9.315,10.49,0.6329099462008914,10.94142857142857,2.0467692311822288,-8.161964544652097,114.0140996009133,0.08507410241808791,0.08507410241808791,8.51,Aman,4.961020336546778,1.261321783065796,,2.058678216934204,1.6439112743293904e-05,,,,,,,,138.79029846191406,80.1156005859375,0.85,Tenggara,52.78152084350586,-60.27123260498047,Bergerak ke arah Tenggara sejauh 80.12 km,Normal,,Normal,0.9999835608872567,False
2022-07-06 04:52:00,-7.915169953097054,112.3012598095605,1.84,16,Kelud,VolcanoDiscovery,0.0,0,0,0,0,0,0,0,0,0,0,1.84,16,2022-07-06 04:52:00,Unknown,0,1,7.5600000000000005,6.896937500000001,15.173262500000003,27.587750000000003,2391.015746281452,-0.07518957641475855,-0.9971692572470178,0.9749279121818236,18.400000000000002,0,1.1236111111111111,0.0,0.0,-0.862796833773087,-0.10434782608695652,-0.8627968337730868,-0.08445397938360101,Ringan,3.32,4.13,3.0300000000000007,1.0747557862137782,3.515714285714286,1.334501868899119,0.0,0.0,0.0,0.0,0.0,0.0,42.12064197530864,51.62782412886259,39.668688830181374,11.060707991974647,44.82114692964429,15.836021296878119,9.78,10.995000000000001,9.345,1.612133679320676,10.073571428571428,2.001752803348675,-7.915169953097054,112.3012598095605,0.15842019171040245,0.15842019171040245,15.84,Aman,3.0,1.2891302108764648,,0.5508697891235352,1.0658141036401503e-14,,,,,,,,135.51626586914062,81.41820526123047,0.85,Tenggara,57.05028533935547,-58.087772369384766,Bergerak ke arah Tenggara sejauh 81.42 km,Normal,,Normal,0.9999999999999893,False
2022-07-07 22:51:00,-7.993102102037696,112.3212659107985,5.89,66,Kelud,VolcanoDiscovery,0.0,4,4,0,0,0,0,4,1,0,0,5.89,66,2022-07-07 22:51:00,Unknown,0,1,13.634999999999998,17.884526744719928,39.345958838383844,71.53810697887971,16077.73107985311,-0.09233133369539122,-0.9957283388645872,0.43388373911755823,58.9,0,1.7493055555555554,0.0,0.0,1.2744063324538257,1.6347826086956523,1.2744063324538257,0.10412851237507195,Parah,1.84,3.93,3.6833333333333336,2.0493006937327016,4.008571428571429,1.4980590617131746,0.0,0.0,0.0,0.0,0.0,0.0,27.587750000000003,49.297674515235464,47.0821663180628,22.391315559733147,50.68947196010505,17.181217135203845,7.5600000000000005,10.695,10.325000000000001,3.073951040599054,10.812857142857142,2.24708859256976,-7.993102102037696,112.3212659107985,0.3815221427150591,0.3815221427150591,38.15,Aman,11.939180316755982,1.2215232849121094,,4.66847671508789,0.012796602570173565,,,,,,,,142.29251098632812,79.63078308105469,0.85,Tenggara,48.70461654663086,-62.999385833740234,Bergerak ke arah Tenggara sejauh 79.63 km,Tidak Normal,,Tidak Normal,0.9872033974298264,False
2022-07-11 05:51:00,-8.13114692389815,112.9035975786973,2.14,25,Semeru,VolcanoDiscovery,0.0,2,0,0,0,0,0,0,5,0,0,2.14,25,2022-07-11 05:51:00,Unknown,0,1,8.01,7.274150000000001,16.003130000000002,29.096600000000002,2659.7104529488915,-0.16057454459499376,-0.9870237158387383,0.0,21.400000000000002,0,3.2916666666666665,0.0,0.0,-0.704485488126649,0.20869565217391303,-0.704485488126649,0.5689916801841871,Ringan,5.89,3.32,3.2900000000000005,2.2566568192793506,3.4657142857142853,1.3640241584231223,0.0,0.0,0.0,0.0,0.0,0.0,71.53810697887971,42.12064197530864,42.74081899295991,24.950591247275632,44.19837108546948,15.132198577784823,13.634999999999998,9.78,9.735,3.384985228919029,9.998571428571427,2.0460362376346795,-8.13114692389815,112.9035975786973,0.12639690327865813,0.12639690327865813,12.64,Aman,3.0,1.3703848123550415,,0.7696151876449586,1.7923440509548527e-12,,,,,,,,133.4989776611328,87.69812774658203,0.85,Tenggara,63.615055084228516,-60.36626434326172,Bergerak ke arah Tenggara sejauh 87.70 km,Normal,,Normal,0.9999999999982077,False
2022-07-11 17:28:00,-7.931266766346668,112.9322956785745,2.22,14,Bromo,VolcanoDiscovery,0.0,0,0,0,0,4,0,0,0,0,0,2.22,14,2022-07-11 17:28:00,Unknown,0,1,8.129999999999999,8.276341836734694,18.20795204081633,33.10536734693878,3443.076683276355,-0.16057454459499376,-0.9870237158387383,0.0,22.200000000000003,0,0.4840277777777778,0.0,0.0,-0.6622691292875988,-0.17391304347826086,-0.6622691292875992,-0.27722254199152313,Ringan,2.14,1.84,3.4166666666666674,2.1423429541820167,3.352857142857143,1.4386534709664491,0.0,0.0,0.0,0.0,0.0,0.0,29.096600000000002,27.587750000000003,44.58002477527284,23.43226837040732,43.481994992175025,15.57998917803516,8.01,7.5600000000000005,9.924999999999999,3.213514431273028,9.829285714285716,2.157980206449669,-7.931266766346668,112.9322956785745,0.15714147636750536,0.15714147636750536,15.71,Aman,3.041637825598039,1.2646589279174805,,0.9553410720825197,5.892175636290631e-12,,,,,,,,138.34410095214844,80.19879913330078,0.85,Tenggara,53.304569244384766,-59.920528411865234,Bergerak ke arah Tenggara sejauh 80.20 km,Normal,,Normal,0.9999999999941078,False
2022-08-02 10:32:00,-7.984972858877901,112.3053919701103,3.69,61,Kelud,VolcanoDiscovery,0.0,0,0,1,0,0,1,0,3,1,0,3.69,61,2022-08-02 10:32:00,Unknown,0,1,10.335,11.348820646331632,24.96740542192959,45.39528258532653,6473.979510054529,-0.5139010013093103,-0.8578494977869301,0.7818314824680298,36.9,0,21.711111111111112,0.0,0.0,0.11345646437994715,1.4608695652173913,0.1134564643799478,6.120558840458375,Sedang,2.22,5.89,2.683333333333334,0.8727160668472458,3.2899999999999996,1.4083323471396947,0.0,0.0,0.0,0.0,0.0,0.0,33.10536734693878,71.53810697887971,35.86574997742178,8.492734995530745,42.591631914527014,15.210595478951964,8.129999999999999,13.634999999999998,8.825000000000001,1.3090741002708846,9.735,2.1124985207095373,-7.984972858877901,112.3053919701103,0.28998925806263254,0.28998925806263254,29.0,Aman,6.250830542133591,1.1517277956008911,,2.538272204399109,0.002643132782020663,,,,,,,,145.41893005371094,80.64495086669922,0.85,Tenggara,45.771793365478516,-66.39691925048828,Bergerak ke arah Tenggara sejauh 80.64 km,Normal,,Normal,0.9973568672179793,False
2022-08-02 16:39:00,-7.883216115225961,112.968124654109,3.93,41,Bromo,VolcanoDiscovery,0.0,0,0,0,0,0,0,1,0,2,0,3.93,41,2022-08-02 16:39:00,Unknown,0,1,10.695,12.274061644854255,27.002935618679363,49.09624657941702,7572.62508270051,-0.5139010013093103,-0.8578494977869301,0.7818314824680298,39.300000000000004,0,0.2548611111111111,0.0,0.0,0.24010554089709765,0.7652173913043478,0.24010554089709804,-0.3462927110041337,Sedang,3.69,2.14,3.2800000000000007,0.9257969539807294,3.29,1.4083323471396947,0.0,0.0,0.0,0.0,0.0,0.0,45.39528258532653,29.096600000000002,42.53229883722745,8.371054988072713,42.56285649512438,15.195978071783427,10.335,8.01,9.72,1.3886954309711053,9.735,2.1124985207095373,-7.883216115225961,112.968124654109,0.1290092851037701,0.1290092851037701,12.9,Aman,6.307508948491389,1.265731692314148,,2.664268307685852,0.006722378011289498,,,,,,,,138.2007293701172,80.22554016113281,0.85,Tenggara,53.47217559814453,-59.806888580322266,Bergerak ke arah Tenggara sejauh 80.23 km,Normal,,Normal,0.9932776219887105,False
2022-08-03 19:10:00,-8.095052704005203,112.9458030657855,4.01,35,Semeru,VolcanoDiscovery,0.0,4,0,0,0,0,0,0,1,0,0,4.01,35,2022-08-03 19:10:00,Unknown,0,1,10.815,12.623931122448978,27.772648469387754,50.49572448979591,8010.490099189445,-0.5285813283559292,-0.8488826652214553,0.9749279121818236,40.099999999999994,0,1.104861111111111,0.0,0.0,0.2823218997361476,0.5565217391304348,0.2823218997361479,-0.09010517503008734,Sedang,3.93,2.22,3.8766666666666674,0.16653327995729195,3.3885714285714283,1.4346826428567008,0.0,0.0,0.0,0.0,0.0,0.0,49.09624657941702,33.10536734693878,48.32908455151317,2.6353424991850756,43.75929685433685,15.482361208571177,10.695,8.129999999999999,10.615,0.24979991993597592,9.882857142857143,2.152023964285047,-8.095052704005203,112.9458030657855,0.3729505560824439,0.3729505560824439,37.3,Aman,7.216828383676795,1.3030576705932617,,2.706942329406738,0.03385153826322296,,,,,,,,135.05299377441406,83.760498046875,0.85,Tenggara,59.17281723022461,-59.28236389160156,Bergerak ke arah Tenggara sejauh 83.76 km,Normal,,Normal,0.966148461736777,False
2022-08-04 10:47:00,-7.982819609687915,112.9834356040801,3.81,42,Bromo,VolcanoDiscovery,0.0,3,2,0,0,0,0,0,0,0,0,3.81,42,2022-08-04 10:47:00,Unknown,0,1,10.515,11.899103458049886,26.17802760770975,47.596413832199545,7117.0224614951285,-0.5431052396834317,-0.8396646346181327,0.43388373911755823,38.1,0,0.6506944444444445,0.0,0.0,0.1767810026385224,0.8,0.17678100263852292,-0.22698969180053366,Sedang,4.01,3.69,3.9166666666666674,0.1006644591369466,3.6699999999999995,1.2632629707758145,0.0,0.0,0.0,0.0,0.0,0.0,50.49572448979591,45.39528258532653,49.062794967137506,1.449944767943603,46.61767740179393,13.749140670827641,10.815,10.335,10.674999999999999,0.15099668870548139,10.305000000000001,1.894894456163719,-7.982819609687915,112.9834356040801,0.14942084324987975,0.14942084324987975,14.94,Aman,6.116372523892082,1.3816434144973755,,2.4283565855026246,0.0028285071452340826,,,,,,,,132.4199676513672,87.2772216796875,0.85,Tenggara,64.42981719970703,-58.87369155883789,Bergerak ke arah Tenggara sejauh 87.28 km,Normal,,Normal,0.9971714928547659,False
2022-08-05 10:42:00,-8.100908163238753,112.8868846261678,2.37,21,Semeru,VolcanoDiscovery,0.0,0,1,0,0,0,0,5,0,2,0,2.37,21,2022-08-05 10:42:00,Unknown,0,1,8.355,8.153562641723354,17.937837811791383,32.61425056689342,3341.678616371778,-0.5574684374327892,-0.8301981337405212,-0.433883739117558,23.700000000000003,0,0.9965277777777778,0.0,0.0,-0.58311345646438,0.06956521739130435,-0.5831134564643797,-0.12275652765423048,Ringan,3.81,3.93,3.396666666666667,0.8947252837230715,3.167142857142857,0.8724049955098134,0.0,0.0,0.0,0.0,0.0,0.0,47.596413832199545,49.09624657941702,43.568796296296306,9.597033639385575,41.05712648579589,9.06332612331435,10.515,10.695,9.895000000000001,1.342087925584616,9.550714285714287,1.3086074932647125,-8.100908163238753,112.8868846261678,0.15313119703318315,0.15313119703318315,15.31,Aman,3.3053187535393738,1.3605092763900757,,1.0094907236099244,6.559375265169365e-11,,,,,,,,133.79554748535156,87.83963775634766,0.85,Tenggara,63.40387725830078,-60.792686462402344,Bergerak ke arah Tenggara sejauh 87.84 km,Normal,,Normal,0.9999999999344062,False
2022-08-05 17:30:00,-8.129631120404412,114.0422691810547,2.41,17,Raung,VolcanoDiscovery,0.0,0,0,0,0,0,0,0,0,2,0,2.41,17,2022-08-05 17:30:00,Unknown,0,1,8.415,8.54863884083045,18.80700544982699,34.1945553633218,3673.362554062018,-0.5574684374327892,-0.8301981337405212,-0.433883739117558,24.1,0,0.2833333333333333,0.0,0.0,-0.5620052770448548,-0.06956521739130435,-0.562005277044855,-0.337711265763173,Sedang,2.37,4.01,2.8633333333333337,0.820081296783025,3.205714285714286,0.8240521250272377,0.0,0.0,0.0,0.0,0.0,0.0,32.61425056689342,50.49572448979591,38.13507325413826,8.23177167825719,41.785405823413285,8.095175883859282,8.355,10.815,9.095,1.2301219451745495,9.608571428571427,1.2360781875408489,-8.129631120404412,114.0422691810547,0.21435605601545157,0.21435605601545157,21.44,Aman,3.474078391599187,1.2944562435150146,,1.1155437564849855,1.368540836210741e-10,,,,,,,,135.4434814453125,82.4286117553711,0.85,Tenggara,57.832942962646484,-58.7352294921875,Bergerak ke arah Tenggara sejauh 82.43 km,Normal,,Normal,0.9999999998631459,False
2022-09-02 11:02:00,-8.056279965885585,114.2463168959872,3.58,7,Ijen,VolcanoDiscovery,0.0,0,0,0,0,0,0,0,0,0,0,3.58,7,2022-09-02 11:02:00,Unknown,0,1,10.17,14.39840306122449,31.67648673469388,57.59361224489796,10420.73876869921,-0.8786374941610001,-0.4774894280028391,-0.433883739117558,35.8,0,27.730555555555554,0.0,0.0,0.05540897097625329,-0.41739130434782606,0.05540897097625354,7.934801946522944,Parah,2.41,3.81,2.786666666666667,0.6873378596682475,3.4,0.7045802532950635,0.0,0.0,0.0,0.0,0.0,0.0,34.1945553633218,47.596413832199545,41.46747272503773,13.987981365190034,45.28372652312174,8.96362857914167,8.415,10.515,8.98,1.0310067895023856,9.9,1.0568703799425883,-8.056279965885585,114.2463168959872,0.5929197009904815,0.5929197009904815,59.29,Aman,6.8046690287812845,1.2728180885314941,,2.307181911468506,0.004688033503350564,,,,,,,,137.25328063964844,80.40220642089844,0.85,Tenggara,54.573699951171875,-59.044273376464844,Bergerak ke arah Tenggara sejauh 80.40 km,Normal,,Normal,0.9953119664966494,False
2022-09-02 13:40:00,-7.976324463047001,112.317223945895,2.76,22,Kelud,VolcanoDiscovery,0.0,4,0,1,0,0,0,0,0,0,0,2.76,22,2022-09-02 13:40:00,Unknown,0,1,8.94,9.283070247933884,20.422754545454545,37.132280991735534,4331.647716568525,-0.8786374941610001,-0.4774894280028391,-0.433883739117558,27.599999999999998,0,0.10972222222222222,0.0,0.0,-0.3773087071240107,0.10434782608695652,-0.37730870712401055,-0.390037151378787,Sedang,3.58,2.37,2.9166666666666674,0.6005275458572472,3.2671428571428573,0.7280731255790712,0.0,0.0,0.0,0.0,0.0,0.0,57.59361224489796,32.61425056689342,42.97348286665178,12.746320851306633,44.10329772403731,9.475930546011636,10.17,8.355,9.174999999999999,0.900791318785887,9.700714285714286,1.0921096883685986,-7.976324463047001,112.317223945895,0.25809410493137175,0.25809410493137175,25.81,Aman,4.22565316521916,1.3512660264968872,,1.4087339735031126,2.5592793329032304e-08,,,,,,,,132.54139709472656,87.43549346923828,0.85,Tenggara,64.42151641845703,-59.11711883544922,Bergerak ke arah Tenggara sejauh 87.44 km,Normal,,Normal,0.9999999744072067,False
2022-09-07 14:58:00,-7.937198360909793,112.3424234886226,4.98,19,Kelud,VolcanoDiscovery,0.0,0,0,1,0,0,0,0,5,2,0,4.98,19,2022-09-07 14:58:00,Unknown,0,1,12.27,16.2135824099723,35.669881301939064,64.8543296398892,13213.80282424165,-0.9164086366943458,-0.4002439388573056,0.9749279121818236,49.800000000000004,0,5.054166666666666,0.0,0.0,0.7941952506596308,0.0,0.7941952506596309,1.1002040709539007,Parah,2.76,2.41,3.773333333333334,1.1225566058481566,3.417142857142857,0.9589528018575675,0.0,0.0,0.0,0.0,0.0,0.0,37.132280991735534,34.1945553633218,53.193407625507575,14.375303330087636,46.35445244696191,12.30827270897819,8.94,8.415,10.46,1.6838349087722424,9.925714285714287,1.438429202786346,-7.937198360909793,112.3424234886226,0.6185468239992119,0.6185468239992119,61.85,Aman,10.554277145080874,1.2652043104171753,,3.714795689582825,0.01763270971076436,,,,,,,,138.271240234375,80.21238708496094,0.85,Tenggara,53.389774322509766,-59.862831115722656,Bergerak ke arah Tenggara sejauh 80.21 km,Tidak Normal,,Tidak Normal,0.9823672902892356,False
2022-09-11 21:21:00,-8.102013415378096,112.980625825374,2.3,0,Semeru,VolcanoDiscovery,0.0,0,0,0,0,0,2,0,0,1,0,2.3,0,2022-09-11 21:21:00,Unknown,0,1,8.25,40.01375,88.03025000000001,160.055,80480.07346591968,-0.9417589340994617,-0.33628873017668287,-0.7818314824680299,23.0,0,4.2659722222222225,0.0,0.0,-0.6200527704485489,-0.6608695652173913,-0.6200527704485487,0.8626445502590132,Parah,4.98,3.58,3.3466666666666676,1.4330852498484978,3.172857142857143,0.9996951916411712,0.0,0.0,0.0,0.0,0.0,0.0,64.8543296398892,57.59361224489796,87.34720354387491,64.4743805277851,62.00577751984821,44.91636302885484,12.27,10.17,9.82,2.149627874772753,9.559285714285716,1.4995427874617495,-8.102013415378096,112.980625825374,0.3010899869116992,0.3010899869116992,30.11,Aman,3.3974243393394006,1.422804594039917,,0.8771954059600828,4.786531171419028e-10,,,,,,,,131.67816162109375,86.60560607910156,0.85,Tenggara,64.68499755859375,-57.58803176879883,Bergerak ke arah Tenggara sejauh 86.61 km,Normal,,Normal,0.9999999995213469,False
2022-09-11 23:34:00,-7.920552714165222,112.3001400150644,5.11,64,Kelud,VolcanoDiscovery,0.0,0,2,5,0,0,3,4,0,0,0,5.11,64,2022-09-11 23:34:00,Unknown,0,1,12.465,15.569175781250003,34.25218671875001,62.27670312500001,12184.314469830895,-0.9417589340994617,-0.33628873017668287,-0.7818314824680299,51.1,0,0.09236111111111112,0.0,0.0,0.8627968337730871,1.565217391304348,0.8627968337730875,-0.3952697399403484,Parah,2.3,2.76,4.130000000000001,1.5861588823317803,3.358571428571429,1.2316307424363393,0.0,0.0,0.0,0.0,0.0,0.0,160.055,37.132280991735534,95.7286775882964,55.723135732596674,64.10296170453398,44.47196565385957,8.25,8.94,10.995,2.379238323497675,9.837857142857143,1.8474461136545044,-7.920552714165222,112.3001400150644,0.4689943448593995,0.4689943448593995,46.9,Aman,10.290518783189357,1.4306070804595947,,3.6793929195404056,0.01500691305751456,,,,,,,,131.91134643554688,86.5794906616211,0.85,Tenggara,64.4306640625,-57.8333625793457,Bergerak ke arah Tenggara sejauh 86.58 km,Tidak Normal,,Tidak Normal,0.9849930869424854,False
2022-09-12 14:21:00,-7.990836427963495,112.8846342966832,5.68,12,Bromo,VolcanoDiscovery,0.0,0,0,0,0,0,4,5,3,0,0,5.68,12,2022-09-12 14:21:00,Unknown,0,1,13.32,19.252277777777778,42.35501111111111,77.00911111111111,18630.9111074837,-0.9474042892438845,-0.32003923622313857,0.0,56.8,0,0.6159722222222223,0.0,0.0,1.1635883905013191,-0.24347826086956523,1.1635883905013198,-0.23745486892365644,Parah,5.11,4.98,4.363333333333334,1.8094842727510334,3.8314285714285714,1.4111511680353823,0.0,0.0,0.0,0.0,0.0,0.0,62.27670312500001,64.8543296398892,99.78027141203705,52.71663059255356,70.44508463942223,42.3477793098506,12.465,12.27,11.344999999999999,2.714226409126554,10.547142857142857,2.116726752053073,-7.990836427963495,112.8846342966832,0.6779745775535954,0.6779745775535954,67.8,Aman,12.80646569927859,1.472462773323059,,4.207537226676941,0.002257589576422969,,,,,,,,133.1621856689453,86.43942260742188,0.85,Tenggara,63.0506591796875,-59.1302604675293,Bergerak ke arah Tenggara sejauh 86.44 km,Tidak Normal,,Tidak Normal,0.997742410423577,False
2022-10-02 01:42:00,-8.137538522924284,114.0223271833387,3.55,26,Raung,VolcanoDiscovery,0.0,3,2,3,0,0,0,0,0,0,0,3.55,26,2022-10-02 01:42:00,Unknown,0,1,10.125,11.49609097633136,25.291400147928993,45.98436390532544,6643.091576981239,-0.999832969770105,0.018276557681691223,-0.7818314824680299,35.5,0,19.472916666666666,0.0,0.0,0.039577836411609356,0.24347826086956523,0.03957783641160976,5.445973523101878,Sedang,5.68,2.3,4.780000000000001,1.1026785569693485,3.994285714285714,1.279399040472483,0.0,0.0,0.0,0.0,0.0,0.0,77.00911111111111,160.055,61.75672604714553,15.518908367435081,72.1293430025656,40.87455479319661,13.32,8.25,11.969999999999999,1.6540178354540287,10.791428571428572,1.919098560708725,-8.137538522924284,114.0223271833387,0.18706032388868643,0.18706032388868643,18.71,Aman,5.67711413177504,1.4839730262756348,,2.066026973724365,0.00020326718390761833,,,,,,,,133.50619506835938,86.40089416503906,0.85,Tenggara,62.666561126708984,-59.481231689453125,Bergerak ke arah Tenggara sejauh 86.40 km,Normal,,Normal,0.9997967328160924,False
2022-10-03 01:12:00,-8.137324681393752,114.0389350510227,4.92,39,Raung,VolcanoDiscovery,0.0,0,5,0,0,0,0,2,0,0,0,4.92,39,2022-10-03 01:12:00,Unknown,0,1,12.18,15.277715647600262,33.61097442472058,61.11086259040105,11732.395657942503,-0.9993706508539969,0.03547255575312556,0.0,49.2,0,0.9791666666666666,0.0,0.0,0.7625329815303429,0.6956521739130435,0.7625329815303433,-0.1279891162157919,Parah,3.55,5.11,4.716666666666668,1.079459741413888,4.185714285714285,1.307030440130825,0.0,0.0,0.0,0.0,0.0,0.0,45.98436390532544,62.27670312500001,61.36811253561254,15.513973312677171,72.63180733763748,40.687277959107206,10.125,12.465,11.875,1.619189612120838,11.078571428571427,1.960545660196239,-8.137324681393752,114.0389350510227,0.3477717762331943,0.3477717762331943,34.78,Aman,9.31494972768084,1.35135018825531,,3.56864981174469,0.1366675110325528,,,,,,,,132.55276489257812,87.43917846679688,0.85,Tenggara,64.41250610351562,-59.132389068603516,Bergerak ke arah Tenggara sejauh 87.44 km,Tidak Normal,,Tidak Normal,0.8633324889674472,False
2022-10-04 16:51:00,-8.073974807211206,112.859493974416,5.33,29,Semeru,VolcanoDiscovery,0.0,0,2,4,0,0,0,5,1,0,0,5.33,29,2022-10-04 16:51:00,Unknown,0,1,12.795,16.75873974435196,36.86922743757432,67.03495897740784,14117.33006152413,-0.9986126020839734,0.052658056924614005,0.7818314824680298,53.3,0,1.6520833333333333,0.0,0.0,0.978891820580475,0.34782608695652173,0.9788918205804754,0.07482601643032813,Parah,4.92,5.68,4.6000000000000005,0.9321480569094183,4.552857142857143,1.1960450700219531,0.0,0.0,0.0,0.0,0.0,0.0,61.11086259040105,77.00911111111111,58.04339515771145,10.855362986107528,76.90361847844781,37.80673942159577,12.18,13.32,11.700000000000001,1.3982220853641345,11.629285714285714,1.7940676050329332,-8.073974807211206,112.859493974416,0.5890125759812831,0.5890125759812831,58.9,Aman,11.39854809606793,1.4468482732772827,,3.8831517267227174,0.007580816062526474,,,,,,,,132.39669799804688,86.52513885498047,0.85,Tenggara,63.89830780029297,-58.340431213378906,Bergerak ke arah Tenggara sejauh 86.53 km,Tidak Normal,,Tidak Normal,0.9924191839374735,False
2022-10-05 18:12:00,-7.927198291889965,113.0185524691767,3.05,16,Bromo,VolcanoDiscovery,0.0,3,0,0,0,0,0,1,0,0,0,3.05,16,2022-10-05 18:12:00,Unknown,0,1,9.375,10.594999999999999,23.309,42.379999999999995,5642.502724414158,-0.9975590477788613,0.06982797572987089,0.9749279121818236,30.5,0,1.05625,0.0,0.0,-0.22427440633245396,-0.10434782608695652,-0.22427440633245363,-0.10475642300245928,Sedang,5.33,3.55,4.433333333333334,1.215414881155129,4.277142857142857,1.2991755627539914,0.0,0.0,0.0,0.0,0.0,0.0,67.03495897740784,45.98436390532544,56.841940522602975,12.869907624381613,73.69299995846363,39.897025048907715,12.795,10.125,11.450000000000001,1.823122321732699,11.215714285714284,1.9487633441309888,-7.927198291889965,113.0185524691767,0.10276574796983204,0.10276574796983204,10.28,Aman,4.480749754337961,1.4683542251586914,,1.5816457748413084,5.917536548549762e-07,,,,,,,,133.03939819335938,86.45316314697266,0.85,Tenggara,63.187286376953125,-59.00437545776367,Bergerak ke arah Tenggara sejauh 86.45 km,Normal,,Normal,0.9999994082463451,False
2022-10-11 17:08:00,-8.114019876998855,114.0473049388875,2.53,15,Raung,VolcanoDiscovery,0.0,0,0,0,0,0,0,0,0,5,0,2.53,15,2022-10-11 17:08:00,Unknown,0,1,8.594999999999999,9.10923611111111,20.040319444444446,36.43694444444444,4170.938378209689,-0.9850556718215013,0.172236243027682,0.7818314824680298,25.299999999999997,0,5.955555555555556,0.0,0.0,-0.49868073878627983,-0.1391304347826087,-0.49868073878627994,1.371880069070169,Sedang,3.05,4.92,3.636666666666667,1.4893398985232795,4.31,1.2425108986778912,0.0,0.0,0.0,0.0,0.0,0.0,42.379999999999995,61.11086259040105,48.617301140617435,16.22459760607088,56.033277736241416,14.703705570626457,9.375,12.18,10.255,2.2340098477849244,11.264999999999999,1.8637663480168394,-8.114019876998855,114.0473049388875,0.12873820126198787,0.12873820126198787,12.87,Aman,3.5575329868317027,1.3003867864608765,,1.2296132135391233,6.013163300622182e-10,,,,,,,,135.34176635742188,83.53099822998047,0.85,Tenggara,58.71195983886719,-59.41660690307617,Bergerak ke arah Tenggara sejauh 83.53 km,Normal,,Normal,0.9999999993986837,False
2022-10-11 17:55:00,-8.13193327164219,114.0575897605576,1.8,3,Raung,VolcanoDiscovery,0.0,0,0,0,0,0,0,0,2,0,0,1.8,3,2022-10-11 17:55:00,Unknown,0,1,7.5,13.926944444444443,30.639277777777778,55.70777777777777,9749.48199738417,-0.9850556718215013,0.172236243027682,0.7818314824680298,18.0,0,0.03263888888888889,0.0,0.0,-0.8839050131926122,-0.5565217391304348,-0.883905013192612,-0.41326984459211963,Sedang,2.53,5.33,2.4600000000000004,0.6279331174575784,3.837142857142857,1.4920870649944706,0.0,0.0,0.0,0.0,0.0,0.0,36.43694444444444,67.03495897740784,44.84157407407408,9.868422595931618,55.09485982949538,14.44619290972586,8.594999999999999,12.795,8.49,0.9418996761863797,10.555714285714286,2.238130597491706,-8.13193327164219,114.0575897605576,0.0805237053935027,0.0805237053935027,8.05,Aman,3.0,1.2720696926116943,,0.5279303073883057,1.0658141036401503e-14,,,,,,,,137.3533477783203,80.38355255126953,0.85,Tenggara,54.457862854003906,-59.125770568847656,Bergerak ke arah Tenggara sejauh 80.38 km,Normal,,Normal,0.9999999999999893,False
2022-11-04 16:11:00,-8.19610872424601,114.0081433673354,3.76,64,Raung,VolcanoDiscovery,0.0,0,4,3,0,0,0,0,4,0,0,3.76,64,2022-11-04 16:11:00,Unknown,0,1,10.44,11.53816015625,25.38395234375,46.152640625,6691.800440751971,-0.8331829385891785,0.5529974600700271,-0.433883739117558,37.599999999999994,0,23.927777777777777,0.0,0.0,0.15039577836411594,1.565217391304348,0.15039577836411622,6.7886557479985346,Sedang,1.8,3.05,2.696666666666667,0.9905722251978032,3.5628571428571427,1.2544017735653166,0.0,0.0,0.0,0.0,0.0,0.0,55.70777777777777,42.379999999999995,46.099120949074084,9.63552814364951,50.68679261719378,10.922960654361333,7.5,9.375,8.844999999999999,1.4858583377967123,10.144285714285713,1.8816026603479734,-8.19610872424601,114.0081433673354,0.06910421745351616,0.06910421745351616,6.91,Aman,5.787574156144121,1.2574851512908936,,2.5025148487091062,0.002884863188925668,,,,,,,,139.30325317382812,80.01995086669922,0.85,Tenggara,52.17744064331055,-60.66883087158203,Bergerak ke arah Tenggara sejauh 80.02 km,Normal,,Normal,0.9971151368110743,False
2022-11-06 15:22:00,-7.933260307284476,112.9699116803497,2.16,61,Bromo,VolcanoDiscovery,0.0,0,4,0,0,0,0,0,5,0,0,2.16,61,2022-11-06 15:22:00,Unknown,0,1,8.04,6.7785726955119605,14.912859930126315,27.114290782047842,2309.651055540739,-0.8136678304455991,0.5813300798152042,-0.7818314824680299,21.6,0,1.9659722222222222,0.0,0.0,-0.6939313984168866,1.4608695652173913,-0.6939313984168868,0.1694312176233583,Ringan,3.76,2.53,2.573333333333334,1.0433280085061105,3.364285714285714,1.3621656426790536,0.0,0.0,0.0,0.0,0.0,0.0,46.152640625,36.43694444444444,42.991569728275216,14.55648142767803,47.99106788529699,14.133576457659196,10.44,8.594999999999999,8.659999999999998,1.564992012759173,9.846428571428572,2.0432484640185784,-7.933260307284476,112.9699116803497,0.017458122608495573,0.017458122608495573,1.75,Aman,3.0,1.2442880868911743,,0.9157119131088258,5.227818178354937e-12,,,,,,,,141.06765747070312,79.69093322753906,0.85,Tenggara,50.07796859741211,-61.990657806396484,Bergerak ke arah Tenggara sejauh 79.69 km,Normal,,Normal,0.9999999999947722,False
2022-11-10 06:50:00,-8.042215094401644,112.9837314239681,4.28,10,Semeru,VolcanoDiscovery,0.0,0,2,1,0,0,0,0,2,0,0,4.28,10,2022-11-10 06:50:00,Unknown,0,1,11.219999999999999,15.396500000000001,33.8723,61.586000000000006,11915.543816348936,-0.7717727365467836,0.6358984534680745,0.43388373911755823,42.800000000000004,0,3.6444444444444444,0.0,0.0,0.42480211081794206,-0.3130434782608696,0.4248021108179419,0.6753178797551148,Parah,2.16,1.8,3.400000000000001,1.1048981853546493,3.2728571428571427,1.25782503136319,0.0,0.0,0.0,0.0,0.0,0.0,27.114290782047842,55.70777777777777,44.95097713568263,17.267242989485368,48.05894465809684,14.208030688148964,8.04,7.5,9.899999999999999,1.6573472780319816,9.709285714285713,1.886737547044782,-8.042215094401644,112.9837314239681,0.2815613322487799,0.2815613322487799,28.16,Aman,7.552296848642655,1.134009599685669,,3.1459904003143313,0.08291274815989613,,,,,,,,146.6666717529297,81.46728515625,0.85,Tenggara,44.76699447631836,-68.06492614746094,Bergerak ke arah Tenggara sejauh 81.47 km,Normal,,Normal,0.9170872518401039,False
2022-12-02 12:16:00,-7.931789743513793,112.8807586637624,5.15,21,Bromo,VolcanoDiscovery,0.0,0,2,0,0,0,4,0,3,3,0,5.15,21,2022-12-02 12:16:00,Unknown,0,1,12.525,16.587884070294784,36.49334495464853,66.35153628117914,13830.94449140242,-0.4822058478963526,0.8760579434344281,-0.433883739117558,51.5,0,22.226388888888888,0.0,0.0,0.8839050131926123,0.06956521739130435,0.8839050131926127,6.275862068965516,Parah,4.28,3.76,3.8633333333333346,1.537931511262232,3.2471428571428573,1.2096792176125908,0.0,0.0,0.0,0.0,0.0,0.0,61.586000000000006,46.152640625,51.683942354409,21.410941544038423,47.961312844349884,14.057452835044904,11.219999999999999,10.44,10.595,2.306897266893354,9.670714285714284,1.814518826418883,-7.931789743513793,112.8807586637624,0.30369110881634626,0.30369110881634626,30.37,Aman,9.699372716441866,1.1843756437301636,,3.965624356269837,0.1386110617583186,,,,,,,,143.38710021972656,79.95622253417969,0.85,Tenggara,47.686336517333984,-64.17951965332031,Bergerak ke arah Tenggara sejauh 79.96 km,Tidak Normal,,Tidak Normal,0.8613889382416814,False
2022-12-03 02:51:00,-7.951682008622979,112.9546779864826,3.01,2,Bromo,VolcanoDiscovery,0.0,0,0,0,0,0,0,0,0,0,0,3.01,2,2022-12-03 02:51:00,Unknown,0,1,9.315,23.549625000000002,51.80917500000001,94.19850000000001,27876.474427585217,-0.46706492487743034,0.8842230238742036,-0.9749279121818236,30.099999999999998,0,0.6076388888888888,0.0,0.0,-0.24538258575197905,-0.591304347826087,-0.24538258575197888,-0.23996651143320596,Parah,5.15,2.16,4.146666666666667,1.0762124945071652,3.241428571428571,1.2108595923479124,0.0,0.0,0.0,0.0,0.0,0.0,66.35153628117914,27.114290782047842,74.04534542705973,17.615045087720475,55.36395570149274,22.018191173680023,12.525,8.04,11.019999999999998,1.6143187417607547,9.662142857142856,1.8162893885218654,-7.951682008622979,112.9546779864826,0.6453317391129731,0.6453317391129731,64.53,Aman,5.5409801111939885,1.2038322687149048,,1.806167731285095,5.269600279333986e-05,,,,,,,,142.8137969970703,79.78575134277344,0.85,Tenggara,48.22309494018555,-63.5633430480957,Bergerak ke arah Tenggara sejauh 79.79 km,Normal,,Normal,0.9999473039972067,False
2022-12-03 10:11:00,-8.161151891053962,114.0206328292749,4.85,32,Raung,VolcanoDiscovery,0.0,0,0,1,0,0,3,0,0,0,0,4.85,32,2022-12-03 10:11:00,Unknown,0,1,12.075,15.222421875,33.489328125,60.8896875,11647.624546938927,-0.46706492487743034,0.8842230238742036,-0.9749279121818236,48.5,0,0.3055555555555556,0.0,0.0,0.7255936675461739,0.45217391304347826,0.7255936675461743,-0.33101355240437436,Parah,3.01,4.28,4.336666666666667,1.158677406931427,3.572857142857143,1.2980461507680734,0.0,0.0,0.0,0.0,0.0,0.0,94.19850000000001,61.586000000000006,73.81324126039306,17.86412685908989,58.85720470942925,20.394798731248372,9.315,11.219999999999999,11.305,1.7380161103971474,10.159285714285714,1.947069226152109,-8.161151891053962,114.0206328292749,0.22153243553479351,0.22153243553479351,22.15,Aman,8.651410574949027,1.2477909326553345,,3.602209067344665,0.33707775988426203,,,,,,,,140.59933471679688,79.77827453613281,0.85,Tenggara,50.638423919677734,-61.64676284790039,Bergerak ke arah Tenggara sejauh 79.78 km,Tidak Normal,,Tidak Normal,0.662922240115738,False
2022-12-03 11:44:00,-8.159233256599107,114.0268457541324,2.82,4,Raung,VolcanoDiscovery,0.0,4,0,1,0,0,0,4,1,0,0,2.82,4,2022-12-03 11:44:00,Unknown,0,1,9.03,14.97425,32.94335,59.897,11270.936796881346,-0.46706492487743034,0.8842230238742036,-0.9749279121818236,28.2,0,0.06458333333333334,0.0,0.0,-0.3456464379947231,-0.5217391304347826,-0.345646437994723,-0.4036418816388466,Sedang,4.85,5.15,3.5600000000000005,1.1212047092302095,3.718571428571429,1.109405675296893,0.0,0.0,0.0,0.0,0.0,0.0,60.8896875,66.35153628117914,71.66172916666669,19.52372625330013,59.45566502688957,20.348390979453548,12.075,12.525,10.139999999999999,1.6818070638453193,10.377857142857142,1.6641085129453395,-8.159233256599107,114.0268457541324,0.17693781825264446,0.17693781825264446,17.69,Aman,4.189284638439895,1.1470221281051636,,1.6729778718948363,5.5814434185563755e-08,,,,,,,,146.1225128173828,80.8970718383789,0.85,Tenggara,45.09355926513672,-67.16328430175781,Bergerak ke arah Tenggara sejauh 80.90 km,Normal,,Normal,0.9999999441855658,False
2022-12-04 23:20:00,-7.944606552034854,112.3641714778499,2.92,51,Kelud,VolcanoDiscovery,0.0,2,0,3,0,0,2,0,0,1,0,2.92,51,2022-12-04 23:20:00,Unknown,0,1,9.18,9.127481930026914,20.08046024605921,36.509927720107655,4187.663908615869,-0.451785789832884,0.8921264484954345,-0.7818314824680299,29.2,0,1.4833333333333334,0.0,0.0,-0.29287598944591037,1.1130434782608696,-0.2928759894459102,0.023965255611951296,Ringan,2.82,3.01,3.5300000000000007,1.1442464769445428,3.5985714285714288,1.148904239865514,0.0,0.0,0.0,0.0,0.0,0.0,59.897,94.19850000000001,52.43220507336923,13.798026822839676,58.07813461190495,21.681771778467734,9.03,9.315,10.094999999999999,1.7163697154168194,10.197857142857142,1.72335635979827,-7.944606552034854,112.3641714778499,0.06763862614910751,0.06763862614910751,6.76,Aman,4.163344494976236,1.1036874055862427,,1.8163125944137573,1.9057383182641274e-07,,,,,,,,147.21612548828125,82.47413635253906,0.85,Tenggara,44.657413482666016,-69.33757019042969,Bergerak ke arah Tenggara sejauh 82.47 km,Normal,,Normal,0.9999998094261682,False
2022-12-06 02:00:00,-8.00237556905056,114.1763449035899,3.1,51,Ijen,VolcanoDiscovery,0.0,0,2,0,0,0,0,1,5,0,0,3.1,51,2022-12-06 02:00:00,Unknown,0,1,9.45,9.666026047673972,21.26525730488274,38.66410419069589,4696.407550489435,-0.42083100859565564,0.9071390534005044,0.7818314824680298,31.0,0,1.1111111111111112,0.0,0.0,-0.19788918205804748,1.1130434782608696,-0.19788918205804754,-0.08822144314792521,Sedang,2.92,4.85,2.946666666666667,0.14189197769193657,3.732857142857143,0.997725985858415,0.0,0.0,0.0,0.0,0.0,0.0,36.509927720107655,60.8896875,45.02367730360118,12.925630162201694,59.72810795599753,19.234012551309974,9.18,12.075,9.22,0.2128379665379345,10.399285714285712,1.4965889787876223,-8.00237556905056,114.1763449035899,0.29237330187315397,0.29237330187315397,29.24,Aman,4.989138360669833,1.1101707220077515,,1.9898292779922486,3.704197922393959e-06,,,,,,,,147.15513610839844,82.35034942626953,0.85,Tenggara,44.66404342651367,-69.18600463867188,Bergerak ke arah Tenggara sejauh 82.35 km,Normal,,Normal,0.9999962958020776,False
2022-12-06 17:22:00,-8.120754787252373,114.2937465669942,4.62,42,Ijen,VolcanoDiscovery,0.0,0,3,0,0,0,0,1,0,4,0,4.62,42,2022-12-06 17:22:00,Unknown,0,1,11.73,14.327657029478457,31.52084546485261,57.31062811791383,10318.586502755856,-0.42083100859565564,0.9071390534005044,0.7818314824680298,46.2,0,0.6402777777777777,0.0,0.0,0.604221635883905,0.8,0.6042216358839055,-0.23012924493747053,Parah,3.1,2.82,3.546666666666667,0.9338807918215966,3.781428571428571,1.0363305227488748,0.0,0.0,0.0,0.0,0.0,0.0,38.66410419069589,59.897,44.1615533429058,11.438257937538983,59.117340544270924,19.2330645029399,9.45,9.03,10.12,1.400821187732401,10.472142857142856,1.5544957841233127,-8.120754787252373,114.2937465669942,0.07570910311292443,0.07570910311292443,7.57,Aman,7.588764269468765,1.065601110458374,,3.554398889541626,0.33218780194704745,,,,,,,,151.78475952148438,84.04195404052734,0.85,Tenggara,39.73379898071289,-74.05589294433594,Bergerak ke arah Tenggara sejauh 84.04 km,Normal,,Normal,0.6678121980529526,False
2022-12-06 19:47:00,-8.055919818490914,112.9482974274751,2.57,27,Semeru,VolcanoDiscovery,0.0,0,2,4,0,0,4,0,2,0,0,2.57,27,2022-12-06 19:47:00,Unknown,0,1,8.655,8.501601680384086,18.70352369684499,34.006406721536344,3633.0498935330947,-0.42083100859565564,0.9071390534005044,0.7818314824680298,25.7,0,0.10069444444444445,0.0,0.0,-0.47757255936675475,0.2782608695652174,-0.4775725593667547,-0.3927580974307989,Sedang,4.62,2.92,3.43,1.0640958603434176,3.4128571428571424,0.9208277849434225,0.0,0.0,0.0,0.0,0.0,0.0,57.31062811791383,36.509927720107655,43.32704634338203,12.332029673266181,54.496607750036254,21.008854600085993,11.73,9.18,9.945,1.5961437905151317,9.919285714285715,1.3812416774151308,-8.055919818490914,112.9482974274751,0.05122781907409796,0.05122781907409796,5.12,Aman,3.4986215148420943,1.0753029584884644,,1.4946970415115355,8.920100214027116e-10,,,,,,,,150.50387573242188,83.92833709716797,0.85,Tenggara,41.3233528137207,-73.05030059814453,Bergerak ke arah Tenggara sejauh 83.93 km,Normal,,Normal,0.99999999910799,False
2022-12-07 15:54:00,-7.865432594562226,112.2821787533944,3.3,1,Kelud,VolcanoDiscovery,0.0,2,0,0,0,0,0,0,1,4,0,3.3,1,2022-12-07 15:54:00,Unknown,0,1,9.75,44.47625,97.84775,177.905,99432.0013256683,-0.4051645224207563,0.9142437912130223,0.9749279121818236,33.0,0,0.8381944444444445,0.0,0.0,-0.0923482849604223,-0.6260869565217392,-0.09234828496042194,-0.17047773533567048,Parah,2.57,3.1,3.4966666666666675,1.039054056983241,3.454285714285714,0.9060878754818645,0.0,0.0,0.0,0.0,0.0,0.0,34.006406721536344,38.66410419069589,89.74067827981673,77.23653540914316,66.45467917860768,50.4986048538353,8.655,9.45,10.045,1.5585810854748667,9.981428571428571,1.3591318132227943,-7.865432594562226,112.2821787533944,0.3667343212620543,0.3667343212620543,36.67,Aman,5.587115313498457,1.101905345916748,,2.1980946540832518,0.00018731621395617903,,,,,,,,147.23291015625,82.5081558227539,0.85,Tenggara,44.65550231933594,-69.37925720214844,Bergerak ke arah Tenggara sejauh 82.51 km,Normal,,Normal,0.9998126837860438,False
2022-12-11 19:18:00,-8.107953463374733,114.1999741141021,3.53,16,Ijen,VolcanoDiscovery,0.0,2,0,2,0,0,0,5,0,0,0,3.53,16,2022-12-11 19:18:00,Unknown,0,1,10.094999999999999,12.062000000000001,26.536400000000004,48.248000000000005,7313.217732282116,-0.34134651424503615,0.9399375283564133,-0.7818314824680299,35.3,0,4.141666666666667,0.0,0.0,0.029023746701846816,-0.10434782608695652,0.029023746701846823,0.8251792161582334,Sedang,3.3,4.62,3.133333333333334,0.5012318159627636,3.2657142857142856,0.6751260905158661,0.0,0.0,0.0,0.0,0.0,0.0,177.905,57.31062811791383,86.71980224051212,79.28909737539568,64.64872382146481,50.95478103863041,9.75,11.73,9.5,0.7518477239441527,9.698571428571428,1.0126891357737935,-8.107953463374733,114.1999741141021,0.25701009955260323,0.25701009955260323,25.7,Aman,5.815815542852537,1.160906434059143,,2.3690935659408567,0.00016496651718789224,,,,,,,,144.07861328125,80.1618423461914,0.85,Tenggara,47.028934478759766,-64.9168701171875,Bergerak ke arah Tenggara sejauh 80.16 km,Normal,,Normal,0.9998350334828121,False
2022-12-12 20:31:00,-7.928824120921118,112.9317910738541,2.09,15,Bromo,VolcanoDiscovery,0.0,0,0,0,0,0,0,0,0,0,0,2.09,15,2022-12-12 20:31:00,Unknown,0,1,7.935,7.76173611111111,17.07581944444444,31.04694444444444,3028.2212434327616,-0.3251276029999093,0.9456701548465688,0.0,20.9,0,1.0506944444444444,0.0,0.0,-0.7308707124010555,-0.1391304347826087,-0.7308707124010555,-0.10643085134215893,Ringan,3.53,2.57,2.973333333333334,0.7735847292529296,3.1614285714285715,0.8002380598177963,0.0,0.0,0.0,0.0,0.0,0.0,48.248000000000005,34.006406721536344,85.73331481481483,80.28501566583886,60.52728731352831,52.545115995641346,10.094999999999999,8.655,9.26,1.1603770938793987,9.542142857142855,1.2003570897266884,-7.928824120921118,112.9317910738541,0.1335655915387413,0.1335655915387413,13.36,Aman,3.0,1.1639890670776367,,0.9260109329223631,6.306066779870889e-13,,,,,,,,143.98780822753906,80.13483428955078,0.85,Tenggara,47.11587142944336,-64.8204116821289,Bergerak ke arah Tenggara sejauh 80.13 km,Normal,,Normal,0.9999999999993694,False
2023-01-01 20:33:00,-7.933097997868748,112.3045871595133,3.98,2,Kelud,VolcanoDiscovery,0.0,0,0,0,0,0,0,0,0,1,0,3.98,2,2023-01-01 20:33:00,Unknown,0,1,10.77,27.15075,59.73165,108.603,37053.865182779286,0.017201575418260506,0.9998520419557735,-0.7818314824680299,39.8,0,20.00138888888889,0.0,0.0,0.2664907651715039,-0.591304347826087,0.2664907651715041,5.6052535189158075,Parah,2.09,3.3,3.2000000000000006,0.9872689603142585,3.312857142857143,0.8459258100983063,0.0,0.0,0.0,0.0,0.0,0.0,31.04694444444444,177.905,62.63264814814816,40.72989092906611,70.8262976392272,54.09542276173182,7.935,9.75,9.6,1.4809034404713914,9.769285714285715,1.2688887151474555,-7.933097997868748,112.3045871595133,0.5390388223930814,0.5390388223930814,53.9,Aman,7.646933956934811,1.142877221107483,,2.837122778892517,0.19207668538736067,,,,,,,,146.45687866210938,81.0932846069336,0.85,Tenggara,44.80926513671875,-67.58883666992188,Bergerak ke arah Tenggara sejauh 81.09 km,Normal,,Normal,0.8079233146126393,False
2023-01-02 19:37:00,-7.909467106458559,112.8991604130075,5.07,6,Bromo,VolcanoDiscovery,0.0,0,3,3,0,0,0,0,2,3,0,5.07,6,2023-01-02 19:37:00,Unknown,0,1,12.405000000000001,19.856819444444444,43.68500277777778,79.42727777777777,19819.341870976827,0.03439806061360801,0.9994082116062598,0.0,50.7,0,0.9611111111111111,0.0,0.0,0.8416886543535621,-0.45217391304347826,0.8416886543535629,-0.13343100831981575,Parah,3.98,3.53,3.7133333333333334,1.507790878515099,3.594285714285714,1.0631220867936915,0.0,0.0,0.0,0.0,0.0,0.0,108.603,48.248000000000005,73.02574074074074,39.17231414738631,76.64960815166748,52.217624957600705,10.77,10.094999999999999,10.37,2.2616863177726523,10.191428571428572,1.5946831301905369,-7.909467106458559,112.8991604130075,1.0,1.0,100.0,Terdampak,12.376607153252937,1.0954363346099854,,3.974563665390015,4.6184794530002016e-05,,,,,,,,147.68988037109375,82.77680969238281,0.85,Tenggara,44.244346618652344,-69.96025848388672,Bergerak ke arah Tenggara sejauh 82.78 km,Tidak Normal,,Tidak Normal,0.99995381520547,False
2023-01-03 02:48:00,-8.109648246476196,114.2161752269457,5.44,29,Ijen,VolcanoDiscovery,0.0,5,0,0,0,0,1,0,3,0,0,5.44,29,2023-01-03 02:48:00,Unknown,0,1,12.96,17.090304399524378,37.598669678953634,68.36121759809751,14681.466942550818,0.051584366869408364,0.9986686402879997,0.7818314824680298,54.400000000000006,0,0.29930555555555555,0.0,0.0,1.036939313984169,0.34782608695652173,1.0369393139841696,-0.3328972842865365,Parah,5.07,2.09,4.830000000000001,0.7590125163658421,3.7114285714285713,1.2274557503419916,0.0,0.0,0.0,0.0,0.0,0.0,79.42727777777777,31.04694444444444,85.46383179195844,20.788945403629906,78.22826379169373,51.69999730994503,12.405000000000001,7.935,12.045000000000002,1.138518774548773,10.367142857142856,1.8411836255129885,-8.109648246476196,114.2161752269457,0.4505956512961258,0.4505956512961258,45.06,Aman,11.079501801595352,1.237074613571167,,4.202925386428833,0.025850271363193844,,,,,,,,142.03207397460938,79.51111602783203,0.85,Tenggara,48.916847229003906,-62.68301010131836,Bergerak ke arah Tenggara sejauh 79.51 km,Normal,,Tidak Normal,0.9741497286368062,False
2023-01-05 03:48:00,-7.921085923241636,112.9573253569097,2.08,1,Bromo,VolcanoDiscovery,0.0,0,0,0,0,0,0,0,0,5,0,2.08,1,2023-01-05 03:48:00,Unknown,0,1,7.92,39.032000000000004,85.87040000000002,156.12800000000001,76579.31293382902,0.08590610426133272,0.9963032375991965,0.43388373911755823,20.8,0,2.0416666666666665,0.0,0.0,-0.7361477572559367,-0.6260869565217392,-0.7361477572559366,0.192245303751766,Parah,5.44,3.98,4.196666666666667,1.8423987986680128,3.641428571428572,1.314298654180607,0.0,0.0,0.0,0.0,0.0,0.0,68.36121759809751,108.603,101.30549845862511,47.79900028678019,95.6742056886171,54.80208081357318,12.96,10.77,11.095,2.7635981980020223,10.262142857142859,1.9714479812709105,-7.921085923241636,112.9573253569097,0.5431140610161198,0.5431140610161198,54.31,Aman,3.2947174714083336,1.2273441553115845,,0.8526558446884156,9.717338045334145e-11,,,,,,,,142.12100219726562,79.57978057861328,0.85,Tenggara,48.86166000366211,-62.813053131103516,Bergerak ke arah Tenggara sejauh 79.58 km,Normal,,Normal,0.9999999999028266,False
2023-01-05 07:36:00,-8.09363417205896,114.2612043963876,2.72,26,Ijen,VolcanoDiscovery,0.0,5,0,4,0,0,0,2,0,4,0,2.72,26,2023-01-05 07:36:00,Unknown,0,1,8.879999999999999,8.989331360946746,19.77652899408284,35.957325443786985,4061.857043057341,0.08590610426133272,0.9963032375991965,0.43388373911755823,27.200000000000003,0,0.15833333333333333,0.0,0.0,-0.3984168865435356,0.24347826086956523,-0.3984168865435358,-0.3753859034064151,Sedang,2.08,5.07,3.413333333333334,1.7840777262589573,3.5585714285714287,1.3569994911744148,0.0,0.0,0.0,0.0,0.0,0.0,156.12800000000001,79.42727777777777,86.81551434729484,62.17450086011459,75.39596646630096,44.61943096973277,7.92,12.405000000000001,9.92,2.6761165893884384,10.137857142857143,2.0354992367616216,-8.09363417205896,114.2612043963876,0.024761009835810917,0.024761009835810917,2.48,Aman,3.7177771062628544,1.315841794013977,,1.4041582059860231,8.453145738940293e-09,,,,,,,,133.67076110839844,84.85902404785156,0.85,Tenggara,61.38019561767578,-58.59629440307617,Bergerak ke arah Tenggara sejauh 84.86 km,Normal,,Normal,0.9999999915468543,False
2023-01-10 13:54:00,-7.936623599412356,112.3152470988132,2.52,12,Kelud,VolcanoDiscovery,0.0,0,0,0,0,1,0,0,0,0,0,2.52,12,2023-01-10 13:54:00,Unknown,0,1,8.58,9.495777777777777,20.89071111111111,37.98311111111111,4532.4282791706755,0.17117705961019986,0.985240282501282,0.7818314824680298,25.2,0,5.2625,0.0,0.0,-0.503957783641161,-0.24347826086956523,-0.5039577836411608,1.1629951336926379,Sedang,2.72,5.44,2.4400000000000004,0.32741411087488387,3.414285714285714,1.4130800536753885,0.0,0.0,0.0,0.0,0.0,0.0,35.957325443786985,68.36121759809751,76.68947885163271,68.80323345288492,73.92955376788827,45.813060036658726,8.879999999999999,12.96,8.459999999999999,0.4911211663123268,9.921428571428573,2.119620080513081,-7.936623599412356,112.3152470988132,0.23760713679371995,0.23760713679371995,23.76,Aman,3.720270734792368,1.1360749006271362,,1.3839250993728638,6.681322162194192e-10,,,,,,,,146.61781311035156,81.38018798828125,0.85,Tenggara,44.777103424072266,-67.95399475097656,Bergerak ke arah Tenggara sejauh 81.38 km,Normal,,Normal,0.9999999993318678,False
2023-02-01 10:01:00,-7.961737589078757,112.3227400106372,4.52,19,Kelud,VolcanoDiscovery,0.0,0,0,0,0,0,1,4,1,0,0,4.52,19,2023-02-01 10:01:00,Unknown,0,1,11.579999999999998,14.814516620498612,32.59193656509695,59.25806648199445,11031.76054405341,0.5230943033491326,0.8522748088519838,0.9749279121818236,45.199999999999996,0,21.838194444444444,0.0,0.0,0.551451187335092,0.0,0.5514511873350921,6.158861388729004,Parah,2.52,2.08,3.253333333333334,1.1015141094572185,3.761428571428571,1.3295416324361398,0.0,0.0,0.0,0.0,0.0,0.0,37.98311111111111,156.12800000000001,44.39950101229752,12.907698391093525,77.95971405896682,42.535588692539775,8.58,7.92,9.68,1.652271164185831,10.442142857142857,1.9943124486542103,-7.961737589078757,112.3227400106372,0.49482436679269487,0.49482436679269487,49.48,Aman,8.86522876042826,1.1044570207595825,,3.415542979240417,0.36564399166489536,,,,,,,,147.20889282226562,82.45943450927734,0.85,Tenggara,44.65819549560547,-69.319580078125,Bergerak ke arah Tenggara sejauh 82.46 km,Tidak Normal,,Tidak Normal,0.6343560083351046,False
2023-02-01 12:56:00,-7.967316261632204,112.9156216941466,4.76,29,Bromo,VolcanoDiscovery,0.0,5,4,0,0,0,0,2,0,0,0,4.76,29,2023-02-01 12:56:00,Unknown,0,1,11.94,15.040631985731272,33.089390368608804,60.16252794292509,11371.08813011652,0.5230943033491326,0.8522748088519838,0.9749279121818236,47.599999999999994,0,0.12152777777777778,0.0,0.0,0.6781002638522425,0.34782608695652173,0.678100263852243,-0.3864789911569253,Parah,4.52,2.72,3.9333333333333336,1.2298509394773558,3.8728571428571428,1.3825425163530463,0.0,0.0,0.0,0.0,0.0,0.0,59.25806648199445,35.957325443786985,52.467901845343555,12.552345780548652,71.03964662224185,40.61644855558083,11.579999999999998,8.879999999999999,10.699999999999998,1.8447764092160388,10.609285714285715,2.073813774529571,-7.967316261632204,112.9156216941466,0.5644502149244125,0.5644502149244125,56.45,Aman,9.746603863552004,1.1858247518539429,,3.574175248146057,0.06473872864403762,,,,,,,,143.34439086914062,79.94352722167969,0.85,Tenggara,47.72658920288086,-64.1337661743164,Bergerak ke arah Tenggara sejauh 79.94 km,Tidak Normal,,Tidak Normal,0.9352612713559624,False
2023-02-01 18:11:00,-8.080182448284257,113.9967946239974,2.16,31,Raung,VolcanoDiscovery,0.0,0,0,5,0,0,1,5,5,2,0,2.16,31,2023-02-01 18:11:00,Unknown,0,1,8.04,7.151018730489075,15.732241207075967,28.6040749219563,2570.4294389036613,0.5230943033491326,0.8522748088519838,0.9749279121818236,21.6,0,0.21875,0.0,0.0,-0.6939313984168866,0.41739130434782606,-0.6939313984168868,-0.35717649521218137,Ringan,4.76,2.52,3.813333333333334,1.4368484030451276,3.457142857142857,1.3999727888512012,0.0,0.0,0.0,0.0,0.0,0.0,60.16252794292509,37.98311111111111,49.34155644895862,17.96487872755199,63.77918907141021,43.31974346223984,11.94,8.58,10.519999999999998,2.1552726045676955,9.985714285714286,2.0999591832768005,-8.080182448284257,113.9967946239974,0.015908845788079783,0.015908845788079783,1.59,Aman,3.0,1.1936017274856567,,0.9663982725143434,2.142286348316702e-12,,,,,,,,143.115234375,79.87539672851562,0.85,Tenggara,47.94181823730469,-63.88787841796875,Bergerak ke arah Tenggara sejauh 79.88 km,Normal,,Normal,0.9999999999978577,False
2023-02-04 07:59:00,-8.12429269620722,112.8563779390882,3.23,51,Semeru,VolcanoDiscovery,0.0,0,4,5,0,0,0,0,4,3,0,3.23,51,2023-02-04 07:59:00,Unknown,0,1,9.645,10.054974577085737,22.120944069588624,40.21989830834295,5081.966631094298,0.5663619330814524,0.8241566360566663,-0.9749279121818236,32.3,0,2.575,0.0,0.0,-0.12928759894459108,1.1130434782608696,-0.12928759894459096,0.35299042436293243,Sedang,2.16,4.52,3.3833333333333333,1.3067644521233848,3.141428571428572,1.0940510130005898,0.0,0.0,0.0,0.0,0.0,0.0,28.6040749219563,59.25806648199445,42.995500391074785,15.961264500672387,59.75900060144527,44.122014214952316,8.04,11.579999999999998,9.875,1.96014667818508,9.512142857142857,1.6410765195008798,-8.12429269620722,112.8563779390882,0.11503044479964496,0.11503044479964496,11.5,Aman,4.855678306418907,1.1315269470214844,,2.0984730529785156,8.70347327008858e-06,,,,,,,,146.72543334960938,81.5719985961914,0.85,Tenggara,44.75463104248047,-68.1983413696289,Bergerak ke arah Tenggara sejauh 81.57 km,Normal,,Normal,0.9999912965267299,False
2023-02-04 18:19:00,-7.887505866898461,112.3071757593362,2.52,19,Kelud,VolcanoDiscovery,0.0,2,0,2,0,0,0,0,0,4,0,2.52,19,2023-02-04 18:19:00,Unknown,0,1,8.58,8.731621883656508,19.20956814404432,34.926487534626034,3832.3017425919547,0.5663619330814524,0.8241566360566663,-0.9749279121818236,25.2,0,0.4305555555555556,0.0,0.0,-0.503957783641161,0.0,-0.5039577836411608,-0.2933389147611323,Sedang,3.23,4.76,2.636666666666667,0.5444569159569226,3.204285714285714,1.033890019019707,0.0,0.0,0.0,0.0,0.0,0.0,40.21989830834295,60.16252794292509,34.58348692164177,5.81550301361074,42.44449882067755,12.326385568016109,9.645,11.94,8.755,0.8166853739353828,9.606428571428571,1.5508350285295558,-7.887505866898461,112.3071757593362,0.06564823849451248,0.06564823849451248,6.56,Aman,3.4343699408548063,0.9589769244194031,,1.561023075580597,3.369446943679577e-10,,,,,,,,151.16455078125,76.13275909423828,0.85,Tenggara,36.71851348876953,-66.69293212890625,Bergerak ke arah Tenggara sejauh 76.13 km,Normal,,Normal,0.9999999996630553,False
2023-02-06 07:21:00,-8.013560890505863,114.2595333597331,5.92,35,Ijen,VolcanoDiscovery,0.0,5,2,0,0,0,0,2,3,0,0,5.92,35,2023-02-06 07:21:00,Unknown,0,1,13.68,18.36416326530612,40.40115918367347,73.45665306122449,16951.656587384612,0.5943761565849831,0.804187157621448,0.0,59.2,0,1.5430555555555556,0.0,0.0,1.2902374670184695,0.5565217391304348,1.2902374670184702,0.04196536026372253,Parah,2.52,2.16,3.8900000000000006,1.7935160997325899,3.6614285714285715,1.419582433574848,0.0,0.0,0.0,0.0,0.0,0.0,34.926487534626034,28.6040749219563,49.53434630139784,20.885703721403868,47.801545623168636,16.484453919463284,8.58,8.04,10.635,2.6902741495988876,10.292142857142855,2.129373650362272,-8.013560890505863,114.2595333597331,0.6907489696446621,0.6907489696446621,69.07,Aman,13.578800438036785,0.9052287936210632,,5.014771206378937,0.0023287225869554895,,,,,,,,149.3918914794922,70.58340454101562,0.85,Tenggara,35.9384765625,-60.74901580810547,Bergerak ke arah Tenggara sejauh 70.58 km,Normal,,Tidak Normal,0.9976712774130445,False
2023-02-09 09:05:00,-8.0435382151659,112.9821663959665,4.88,45,Semeru,VolcanoDiscovery,0.0,2,0,0,0,0,0,0,2,3,0,4.88,45,2023-02-09 09:05:00,Unknown,0,1,12.120000000000001,15.063493827160494,33.13968641975309,60.25397530864198,11405.682632169894,0.6350683134867438,0.7724559775191742,0.43388373911755823,48.8,0,3.0722222222222224,0.0,0.0,0.7414248021108178,0.9043478260869565,0.7414248021108187,0.502851760766051,Parah,5.92,3.23,4.44,1.7421825392306072,3.9985714285714287,1.3830934961338022,0.0,0.0,0.0,0.0,0.0,0.0,73.45665306122449,40.21989830834295,56.21237196816418,19.580457912114586,50.983097651387325,16.422691424690964,13.68,9.645,11.459999999999999,2.613273808845915,10.797857142857142,2.0746402442007064,-8.0435382151659,112.9821663959665,0.2367908053451253,0.2367908053451253,23.68,Aman,8.78094267173133,1.112322211265564,,3.767677788734436,0.25485129397012185,,,,,,,,147.13491821289062,82.30927276611328,0.85,Tenggara,44.66617965698242,-69.13572692871094,Bergerak ke arah Tenggara sejauh 82.31 km,Tidak Normal,,Tidak Normal,0.7451487060298781,False
2023-02-10 14:09:00,-7.954753819850638,112.9438227544734,3.54,16,Bromo,VolcanoDiscovery,0.0,0,0,0,0,0,0,0,0,3,0,3.54,16,2023-02-10 14:09:00,Unknown,0,1,10.11,12.092562500000001,26.603637500000005,48.370250000000006,7350.324908575348,0.6482618097757122,0.7614175109532997,-0.433883739117558,35.4,0,1.211111111111111,0.0,0.0,0.0343007915567282,-0.10434782608695652,0.03430079155672829,-0.05808173303333156,Sedang,4.88,2.52,4.78,1.1931470990619761,3.858571428571429,1.3710631953758694,0.0,0.0,0.0,0.0,0.0,0.0,60.25397530864198,34.926487534626034,60.69362612328883,12.548979012918466,49.42769529681669,16.018976715619313,12.120000000000001,8.58,11.969999999999999,1.7897206485929722,10.587857142857143,2.056594793063806,-7.954753819850638,112.9438227544734,0.3118398625518385,0.3118398625518385,31.18,Aman,5.9790473517140255,1.0454283952713013,,2.4945716047286988,0.00021453864919651622,,,,,,,,154.43472290039062,83.80120849609375,0.85,Tenggara,36.163509368896484,-75.5965805053711,Bergerak ke arah Tenggara sejauh 83.80 km,Normal,,Normal,0.9997854613508035,False
2023-02-10 18:39:00,-8.158878294224259,114.0351296200723,3.84,48,Raung,VolcanoDiscovery,0.0,0,0,2,0,0,0,0,0,4,0,3.84,48,2023-02-10 18:39:00,Unknown,0,1,10.559999999999999,11.91179861111111,26.20595694444444,47.64719444444444,7132.216864655789,0.6482618097757122,0.7614175109532997,-0.433883739117558,38.4,0,0.1875,0.0,0.0,0.1926121372031661,1.008695652173913,0.19261213720316608,-0.3665951546229919,Sedang,3.54,5.92,4.086666666666667,0.7032306402122538,3.7271428571428573,1.3131224147772662,0.0,0.0,0.0,0.0,0.0,0.0,48.370250000000006,73.45665306122449,52.09047325102881,7.0790378384069275,47.639790511319454,15.303610776461868,10.11,13.68,10.93,1.0548459603183893,10.390714285714285,1.9696836221659004,-8.158878294224259,114.0351296200723,0.14450791418562492,0.14450791418562492,14.45,Aman,6.164931413699442,1.0433841943740845,,2.7966158056259154,0.0032619734155888702,,,,,,,,154.72763061523438,83.780517578125,0.85,Tenggara,35.76772689819336,-75.76176452636719,Bergerak ke arah Tenggara sejauh 83.78 km,Normal,,Normal,0.9967380265844111,False
2023-02-11 21:04:00,-7.934411621034083,112.3142821225179,1.98,12,Kelud,VolcanoDiscovery,0.0,0,0,0,0,0,0,0,0,2,0,1.98,12,2023-02-11 21:04:00,Unknown,0,1,7.77,7.828527777777777,17.22276111111111,31.314111111111107,3080.562675684014,0.6612634749656386,0.7501537286959042,-0.9749279121818236,19.8,0,1.1006944444444444,0.0,0.0,-0.7889182058047494,-0.24347826086956523,-0.7889182058047495,-0.09136099628486208,Ringan,3.84,4.88,3.1200000000000006,0.998599018625591,3.7014285714285715,1.3501657746542168,0.0,0.0,0.0,0.0,0.0,0.0,47.64719444444444,60.25397530864198,42.44385185185186,9.645415960506087,48.026938538341575,14.766646942237276,10.559999999999999,12.120000000000001,9.479999999999999,1.4978985279383867,10.352142857142855,2.025248661981326,-7.934411621034083,112.3142821225179,0.2134059103531675,0.2134059103531675,21.34,Aman,3.0,0.9867485165596008,,0.9932514834403992,1.0835776720341528e-13,,,,,,,,154.1124267578125,79.69280242919922,0.85,Tenggara,34.794410705566406,-71.6958236694336,Bergerak ke arah Tenggara sejauh 79.69 km,Normal,,Normal,0.9999999999998916,False
2023-02-12 12:17:00,-7.923871224857676,112.3295028789582,1.59,16,Kelud,VolcanoDiscovery,0.0,0,0,0,0,4,0,0,0,0,0,1.59,16,2023-02-12 12:17:00,Unknown,0,1,7.1850000000000005,6.132875,13.492325000000001,24.5315,1890.5931558234,0.6740694616546161,0.7386679638813748,-0.7818314824680299,15.9,0,0.6340277777777777,0.0,0.0,-0.9947229551451188,-0.10434782608695652,-0.9947229551451185,-0.23201297681963262,Ringan,1.98,3.54,2.47,1.202372654379659,3.467142857142857,1.5699969669367122,0.0,0.0,0.0,0.0,0.0,0.0,31.314111111111107,48.370250000000006,34.49760185185186,11.882120702320767,45.78573878000686,17.14763390849675,7.77,10.11,8.505,1.8035589815694861,10.000714285714285,2.3549954504050676,-7.923871224857676,112.3295028789582,0.049314637473982785,0.049314637473982785,4.93,Aman,3.0,0.9073786735534668,,0.6826213264465333,0.0,,,,,,,,149.41270446777344,70.79186248779297,0.85,Tenggara,36.02248764038086,-60.94151306152344,Bergerak ke arah Tenggara sejauh 70.79 km,Normal,,Normal,1.0,False
2023-02-12 17:42:00,-8.080457742260869,112.9431577065503,3.01,4,Semeru,VolcanoDiscovery,0.0,0,0,1,0,0,2,0,1,3,0,3.01,4,2023-02-12 17:42:00,Unknown,0,1,9.315,15.608375,34.338425,62.4335,12245.745707060276,0.6740694616546161,0.7386679638813748,-0.7818314824680299,30.099999999999998,0,0.22569444444444445,0.0,0.0,-0.24538258575197905,-0.5217391304347826,-0.24538258575197888,-0.35508345978755684,Sedang,1.59,3.84,2.193333333333334,0.7336438736425986,3.537142857142857,1.5311729086522126,0.0,0.0,0.0,0.0,0.0,0.0,24.5315,47.64719444444444,39.42637037037038,20.21130781807751,49.715311989346006,17.394356789553314,7.1850000000000005,10.559999999999999,8.09,1.1004658104638936,10.105714285714285,2.2967593629783187,-8.080457742260869,112.9431577065503,0.3848948974937639,0.3848948974937639,38.49,Aman,4.995462383380347,0.866834282875061,,2.1431657171249388,1.2518151616403017e-06,,,,,,,,149.01686096191406,68.82218170166016,0.85,Tenggara,35.42868423461914,-59.0025520324707,Bergerak ke arah Tenggara sejauh 68.82 km,Normal,,Normal,0.9999987481848384,False
2023-03-01 15:55:00,-8.069902776836065,114.2482775476614,3.48,7,Ijen,VolcanoDiscovery,0.0,0,0,0,0,0,2,0,0,0,0,3.48,7,2023-03-01 15:55:00,Unknown,0,1,10.02,14.08072448979592,30.977593877551026,56.32289795918368,9965.976465741825,0.8584015232918917,0.512978386299228,0.9749279121818236,34.8,0,16.925694444444446,0.0,0.0,0.0026385224274405768,-0.41739130434782606,0.0026385224274407338,4.67824812934959,Parah,3.01,1.98,2.693333333333334,0.9839884823174114,3.1885714285714286,1.1211367530536211,0.0,0.0,0.0,0.0,0.0,0.0,62.4335,31.314111111111107,47.76263265306124,20.3494227825608,47.26763268905445,14.45367812180045,9.315,7.77,8.84,1.475982723476115,9.582857142857142,1.6817051295804282,-8.069902776836065,114.2482775476614,0.4511625156806572,0.4511625156806572,45.12,Aman,6.2000490888580515,0.8810519576072693,,2.5989480423927307,0.00028455931749971075,,,,,,,,149.42474365234375,69.19058227539062,0.85,Tenggara,35.195152282714844,-59.5704460144043,Bergerak ke arah Tenggara sejauh 69.19 km,Normal,,Normal,0.9997154406825003,False
2023-03-06 11:47:00,-7.982372891989708,112.9505698071172,2.67,57,Bromo,VolcanoDiscovery,0.0,0,5,3,0,0,0,1,0,1,0,2.67,57,2023-03-06 11:47:00,Unknown,0,1,8.805,8.329707256078793,18.325355963373347,33.31882902431517,3487.621389524027,0.8992961915530253,0.4373400963303323,0.0,26.7,0,4.8277777777777775,0.0,0.0,-0.42480211081794206,1.3217391304347825,-0.4248021108179419,1.03197111611114,Ringan,3.48,1.59,3.0533333333333332,0.4067349669420205,2.8728571428571428,0.8418177610725122,0.0,0.0,0.0,0.0,0.0,0.0,56.32289795918368,24.5315,50.69174232783296,15.352473801116464,43.419754648436346,13.998415021158108,10.02,7.1850000000000005,9.38,0.6101024504130288,9.109285714285713,1.262726641608759,-7.982372891989708,112.9505698071172,0.04695394533250485,0.04695394533250485,4.7,Aman,3.66895779211266,0.9449493885040283,,1.7250506114959716,6.744548031178965e-09,,,,,,,,149.8798370361328,74.35537719726562,0.85,Tenggara,37.312652587890625,-64.31553649902344,Bergerak ke arah Tenggara sejauh 74.36 km,Normal,,Normal,0.999999993255452,False
2023-03-07 21:10:00,-8.0428484234336,114.2535272359965,3.2,2,Ijen,VolcanoDiscovery,0.0,0,0,0,0,0,0,0,1,0,0,3.2,2,2023-03-07 21:10:00,Unknown,0,1,9.600000000000001,24.255000000000003,53.36100000000001,97.02000000000001,29571.43591375936,0.9066860720977985,0.4218060770826634,0.7818314824680298,32.0,0,1.3909722222222223,0.0,0.0,-0.1451187335092348,-0.591304347826087,-0.1451187335092341,-0.003872115535555375,Parah,2.67,3.01,3.116666666666667,0.41137979208187553,2.8242857142857143,0.805954033901375,0.0,0.0,0.0,0.0,0.0,0.0,33.31882902431517,62.4335,62.2205756611663,32.257506841442435,50.36971893415063,24.786080136306847,8.805,9.315,9.475,0.6170696881228117,9.036428571428571,1.2089310508520525,-8.0428484234336,114.2535272359965,0.6326309546173486,0.6326309546173486,63.26,Aman,5.971108456766342,0.9064509868621826,,2.2935490131378176,0.000291583131523554,,,,,,,,149.40374755859375,70.70191192626953,0.85,Tenggara,35.98622131347656,-60.85845947265625,Bergerak ke arah Tenggara sejauh 70.70 km,Normal,,Normal,0.9997084168684764,False
2023-03-11 16:47:00,-8.070306252456987,114.2424891052844,3.97,13,Ijen,VolcanoDiscovery,0.0,0,0,0,0,0,0,0,0,2,0,3.97,13,2023-03-11 16:47:00,Unknown,0,1,10.754999999999999,13.797604289940827,30.35472943786982,55.19041715976331,9569.235133683405,0.9335418911179212,0.35846832151248087,-0.9749279121818236,39.7,0,3.817361111111111,0.0,0.0,0.26121372031662277,-0.20869565217391303,0.26121372031662266,0.7274344618282664,Parah,3.2,3.48,3.28,0.6536818798161653,2.8428571428571425,0.8342604366685924,0.0,0.0,0.0,0.0,0.0,0.0,97.02000000000001,56.32289795918368,61.8430820613595,32.36747223120854,51.447322179196185,24.811949411690716,9.600000000000001,10.02,9.72,0.9805228197242469,9.064285714285715,1.2513906550028793,-8.070306252456987,114.2424891052844,0.4755419030518779,0.4755419030518779,47.55,Aman,7.431353918393235,1.0035837888717651,,2.966416211128235,0.029902384598716414,,,,,,,,156.12579345703125,81.7377700805664,0.85,Tenggara,33.081729888916016,-74.74398040771484,Bergerak ke arah Tenggara sejauh 81.74 km,Normal,,Normal,0.9700976154012836,False
2023-03-11 22:02:00,-7.995224684212083,112.3672499414483,5.97,31,Kelud,VolcanoDiscovery,0.0,3,0,0,0,0,0,0,2,5,0,5.97,31,2023-03-11 22:02:00,Unknown,0,1,13.754999999999999,18.62249856919875,40.969496852237256,74.489994276795,17431.941288035032,0.9335418911179212,0.35846832151248087,-0.9749279121818236,59.699999999999996,0,0.21875,0.0,0.0,1.3166226912928758,0.41739130434782606,1.3166226912928762,-0.35717649521218137,Parah,3.97,2.67,4.38,1.4297901943991664,3.412857142857143,1.3500705448940347,0.0,0.0,0.0,0.0,0.0,0.0,55.19041715976331,33.31882902431517,75.56680381218612,20.935571146464735,57.6153054885796,24.334842730816256,10.754999999999999,8.805,11.37,2.1446852915987495,9.919285714285715,2.025105817341051,-7.995224684212083,112.3672499414483,0.39899579705728155,0.39899579705728155,39.9,Aman,12.239568913342868,1.0503733158111572,,4.9196266841888425,0.039263926096233526,,,,,,,,153.78030395507812,83.85948944091797,0.85,Tenggara,37.050323486328125,-75.23089599609375,Bergerak ke arah Tenggara sejauh 83.86 km,Tidak Normal,,Tidak Normal,0.9607360739037665,False
2023-04-02 10:27:00,-8.120705139154689,112.9004886844543,3.37,15,Semeru,VolcanoDiscovery,0.0,0,0,0,0,0,0,0,0,0,0,3.37,15,2023-04-02 10:27:00,Unknown,0,1,9.855,11.68173611111111,25.699819444444444,46.72694444444444,6859.376450072014,0.9999300657962057,-0.011826390691832589,-0.7818314824680299,33.7,0,21.51736111111111,0.0,0.0,-0.05540897097625329,-0.1391304347826087,-0.055408970976252914,6.062163152111349,Sedang,5.97,3.2,4.436666666666667,1.3613718571108118,3.667142857142857,1.0925919379425901,0.0,0.0,0.0,0.0,0.0,0.0,74.489994276795,97.02000000000001,58.80245196033426,14.229611046996247,60.78608326635737,20.43994790848829,13.754999999999999,9.600000000000001,11.454999999999998,2.0420577856662177,10.300714285714287,1.6388879069138873,-8.120705139154689,112.9004886844543,0.39103245821859,0.39103245821859,39.1,Aman,5.800619085075222,1.0503032207489014,,2.3196967792510987,6.280268230340891e-05,,,,,,,,153.78948974609375,83.858642578125,0.85,Tenggara,37.03789520263672,-75.23606872558594,Bergerak ke arah Tenggara sejauh 83.86 km,Normal,,Normal,0.9999371973176966,False
2023-04-03 03:00:00,-7.997439911934482,112.8914132757279,4.61,9,Bromo,VolcanoDiscovery,0.0,0,0,0,0,0,0,0,2,1,0,4.61,9,2023-04-03 03:00:00,Unknown,0,1,11.715,16.743359567901237,36.83539104938272,66.97343827160495,14091.429856911844,0.9995786855478958,-0.029025013321975237,0.0,46.1,0,0.6895833333333333,0.0,0.0,0.5989445910290239,-0.34782608695652173,0.5989445910290241,-0.2152686934226361,Parah,3.37,3.97,4.65,1.3004614565607124,3.8957142857142864,1.0995431951930046,0.0,0.0,0.0,0.0,0.0,0.0,46.72694444444444,55.19041715976331,62.73012566428148,14.359700916488416,61.43464587658666,20.572529292162294,9.855,10.754999999999999,11.775,1.9506921848410688,10.643571428571429,1.6493147927895118,-7.997439911934482,112.8914132757279,0.6226399765840208,0.6226399765840208,62.26,Aman,9.561364707077713,1.0129449367523193,,3.597055063247681,0.09563820505403953,,,,,,,,157.3491668701172,82.81291961669922,0.85,Tenggara,31.892427444458008,-76.42547607421875,Bergerak ke arah Tenggara sejauh 82.81 km,Tidak Normal,,Tidak Normal,0.9043617949459605,False
2023-04-05 14:20:00,-7.959772835551831,112.9859702775955,5.98,64,Bromo,VolcanoDiscovery,0.0,0,0,5,0,0,0,0,1,1,0,5.98,64,2023-04-05 14:20:00,Unknown,0,1,13.77,18.16694140625,39.96727109375001,72.667765625,16589.507238493166,0.9979887423155984,-0.06339140486951038,0.9749279121818236,59.800000000000004,0,2.4722222222222223,0.0,0.0,1.3218997361477574,1.565217391304348,1.3218997361477576,0.3220135000784889,Parah,4.61,5.97,4.653333333333333,1.3055394798064683,4.252857142857144,1.3249240768903767,0.0,0.0,0.0,0.0,0.0,0.0,66.97343827160495,74.489994276795,62.12271611368315,13.633733163385795,63.76962697170326,20.821710722106506,11.715,13.754999999999999,11.780000000000001,1.958309219709703,11.179285714285713,1.9873861153355727,-7.959772835551831,112.9859702775955,0.565786425303277,0.565786425303277,56.58,Aman,13.119039709728288,1.039849042892456,,4.940150957107544,0.0035862600943949996,,,,,,,,155.234130859375,83.74470520019531,0.85,Tenggara,35.08159255981445,-76.04247283935547,Bergerak ke arah Tenggara sejauh 83.74 km,Tidak Normal,,Tidak Normal,0.996413739905605,False
2023-04-06 20:17:00,-8.047504739488765,114.2590764477649,3.7,1,Ijen,VolcanoDiscovery,0.0,0,0,0,0,0,0,0,0,3,0,3.7,1,2023-04-06 20:17:00,Unknown,0,1,10.350000000000001,46.261250000000004,101.77475000000001,185.04500000000002,107573.32244851807,0.9967506498213929,-0.08054900421874167,0.43388373911755823,37.0,0,1.2479166666666666,0.0,0.0,0.11873350923482855,-0.6260869565217392,0.11873350923482927,-0.046988645282821394,Parah,5.98,3.37,4.763333333333334,1.1477078606219202,4.4,1.1677043004688052,0.0,0.0,0.0,0.0,0.0,0.0,72.667765625,46.72694444444444,108.22873463220168,66.58573653414005,85.44479425394397,46.71373226882105,13.77,9.855,11.945,1.7215617909328809,11.4,1.7515564507032182,-8.047504739488765,114.2590764477649,0.735741141273306,0.735741141273306,73.57,Terdampak,7.493888848245407,1.0209747552871704,,2.6790252447128298,0.24471395539493912,,,,,,,,157.93850708007812,83.55354309082031,0.85,Selatan,31.38283348083496,-77.43585968017578,Bergerak ke arah Selatan sejauh 83.55 km,Normal,,Normal,0.7552860446050609,False
2023-04-08 05:57:00,-7.99009740573159,114.2240381986261,3.8,11,Ijen,VolcanoDiscovery,0.0,3,0,0,0,0,0,5,2,0,0,3.8,11,2023-04-08 05:57:00,Unknown,0,1,10.5,13.653780991735536,30.03831818181818,54.61512396694214,9370.779530869475,0.9933900548258936,-0.11478762552212701,-0.9749279121818236,38.0,0,1.4027777777777777,0.0,0.0,0.17150395778364103,-0.2782608695652174,0.17150395778364144,-0.0003139553136936664,Parah,3.7,4.61,4.493333333333333,1.2884616150019148,4.485714285714286,1.0839565972685041,0.0,0.0,0.0,0.0,0.0,0.0,185.04500000000002,66.97343827160495,104.1092965306474,70.67117898951305,79.38695482064998,47.701568713972904,10.350000000000001,11.715,11.540000000000001,1.9326924225028723,11.528571428571427,1.6259348959027689,-7.99009740573159,114.2240381986261,0.3246948851158743,0.3246948851158743,32.47,Aman,6.592568332712221,1.1777299642562866,,2.622270035743713,0.0030100119196532216,,,,,,,,143.58290100097656,80.01445770263672,0.85,Tenggara,47.501312255859375,-64.38896179199219,Bergerak ke arah Tenggara sejauh 80.01 km,Normal,,Normal,0.9969899880803468,False
2023-04-09 13:53:00,-8.006428465301763,112.957571268445,3.36,55,Bromo,VolcanoDiscovery,0.0,4,0,0,0,0,3,1,0,0,0,3.36,55,2023-04-09 13:53:00,Unknown,0,1,9.84,10.40803305785124,22.89767272727273,41.63213223140496,5445.116565221685,0.9912685467787256,-0.13185851571739118,-0.7818314824680299,33.6,0,1.3305555555555555,0.0,0.0,-0.06068601583113468,1.2521739130434784,-0.06068601583113438,-0.022081523729789096,Sedang,3.8,5.98,3.6200000000000006,0.23065125189341817,4.398571428571429,1.1545479428680998,0.0,0.0,0.0,0.0,0.0,0.0,54.61512396694214,72.667765625,93.76408539944906,79.31767486718243,77.45005697374164,49.102496758868966,10.5,13.77,10.23,0.3459768778401193,11.397857142857143,1.7318219143021603,-8.006428465301763,112.957571268445,0.1919957148954913,0.1919957148954913,19.2,Aman,5.297253611841682,1.1465883255004883,,2.2134116744995116,5.2099314521325546e-05,,,,,,,,146.18740844726562,80.92031860351562,0.85,Tenggara,45.030391693115234,-67.23363494873047,Bergerak ke arah Tenggara sejauh 80.92 km,Normal,,Normal,0.9999479006854787,False
2023-04-09 23:55:00,-7.98603707747391,112.9695787543388,4.94,37,Bromo,VolcanoDiscovery,0.0,0,4,0,0,0,0,5,0,3,0,4.94,37,2023-04-09 23:55:00,Unknown,0,1,12.21,15.37610865595325,33.82743904309715,61.504434623813,11884.002484958064,0.9912685467787256,-0.13185851571739118,-0.7818314824680299,49.400000000000006,0,0.41805555555555557,0.0,0.0,0.7730870712401057,0.6260869565217392,0.7730870712401062,-0.29710637852545646,Parah,3.36,3.7,4.033333333333334,0.8154344445345305,4.251428571428571,0.9721184525119833,0.0,0.0,0.0,0.0,0.0,0.0,41.63213223140496,185.04500000000002,52.58389694072005,10.090664646982964,75.59497702331565,49.47683427175423,9.84,10.350000000000001,10.85,1.2231516668017959,11.177142857142858,1.4581776787679854,-7.98603707747391,112.9695787543388,0.40963262097893843,0.40963262097893843,40.96,Aman,9.61094012955143,1.0677014589309692,,3.872298541069031,0.1121914488469643,,,,,,,,151.50950622558594,84.06710815429688,0.85,Tenggara,40.10109329223633,-73.88626861572266,Bergerak ke arah Tenggara sejauh 84.07 km,Tidak Normal,,Tidak Normal,0.8878085511530357,False
2023-04-12 23:04:00,-8.125570186686359,114.039503448289,3.75,3,Raung,VolcanoDiscovery,0.0,0,0,0,0,2,0,0,0,0,0,3.75,3,2023-04-12 23:04:00,Unknown,0,1,10.425,20.678819444444443,45.49340277777778,82.71527777777777,21494.202583153525,0.9831469737221499,-0.1828169249850199,0.9749279121818236,37.5,0,2.964583333333333,0.0,0.0,0.1451187335092348,-0.5565217391304348,0.14511873350923535,0.4704097116843702,Parah,4.94,3.8,4.016666666666667,0.8230633835454826,4.305714285714286,0.9241186277179171,0.0,0.0,0.0,0.0,0.0,0.0,61.504434623813,54.61512396694214,61.95061487766526,20.545206730775696,80.73616749950611,47.8191999072195,12.21,10.5,10.825000000000001,1.2345950753182238,11.258571428571429,1.3861779415768873,-8.125570186686359,114.039503448289,0.37651311291595535,0.37651311291595535,37.65,Aman,6.62446587656376,1.2635568380355835,,2.4864431619644165,0.0060561206693277025,,,,,,,,138.4915313720703,80.17132568359375,0.85,Tenggara,53.13201141357422,-60.03691101074219,Bergerak ke arah Tenggara sejauh 80.17 km,Normal,,Normal,0.9939438793306723,False
2023-05-01 09:05:00,-7.939570036555462,112.9548927790628,2.42,31,Bromo,VolcanoDiscovery,0.0,0,0,0,0,0,3,2,4,5,0,2.42,31,2023-05-01 09:05:00,Unknown,0,1,8.43,7.9338493756503645,17.454468626430803,31.735397502601458,3164.009345492359,0.8724040568049612,-0.48878539428899265,0.0,24.2,0,18.417361111111113,0.0,0.0,-0.5567282321899737,0.41739130434782606,-0.5567282321899736,5.127832138558945,Ringan,3.75,3.36,3.703333333333333,1.2606479815290768,3.9928571428571433,1.147616577748777,0.0,0.0,0.0,0.0,0.0,0.0,82.71527777777777,41.63213223140496,58.651703301397426,25.60938510031525,75.70216167536276,51.24179531174753,10.425,9.84,10.355,1.8909719722936136,10.789285714285713,1.7214248666231708,-7.939570036555462,112.9548927790628,0.15590439735709352,0.15590439735709352,15.59,Aman,3.4006307568073595,1.2204087972640991,,1.1995912027359008,1.5372059181117947e-10,,,,,,,,142.32533264160156,79.64053344726562,0.85,Tenggara,48.674468994140625,-63.034996032714844,Bergerak ke arah Tenggara sejauh 79.64 km,Normal,,Normal,0.9999999998462794,False
2023-05-01 12:01:00,-7.923955189158407,112.9675009307056,2.8,19,Bromo,VolcanoDiscovery,0.0,0,0,0,0,0,0,0,0,0,0,2.8,19,2023-05-01 12:01:00,Unknown,0,1,9.0,9.583227146814401,21.083099722991683,38.332908587257606,4616.293569690186,0.8724040568049612,-0.48878539428899265,0.0,28.0,0,0.12222222222222222,0.0,0.0,-0.3562005277044856,0.0,-0.3562005277044853,-0.3862696876144628,Sedang,2.42,4.94,2.99,0.6850547423381557,3.5385714285714287,0.8094942571636645,0.0,0.0,0.0,0.0,0.0,0.0,31.735397502601458,61.504434623813,50.927861289212295,27.72565009862147,70.79718209854242,53.18704614386135,8.43,12.21,9.285,1.0275821135072225,10.107857142857142,1.214241385745496,-7.923955189158407,112.9675009307056,0.12779463591108836,0.12779463591108836,12.78,Aman,4.057001374076905,1.0318543910980225,,1.7681456089019774,1.996734488862728e-08,,,,,,,,156.37962341308594,83.66372680664062,0.85,Tenggara,33.521949768066406,-76.65440368652344,Bergerak ke arah Tenggara sejauh 83.66 km,Normal,,Normal,0.9999999800326551,False
2023-05-01 14:06:00,-8.13952990467762,114.0987329891958,2.29,57,Raung,VolcanoDiscovery,0.0,1,2,0,0,0,4,0,5,0,0,2.29,57,2023-05-01 14:06:00,Unknown,0,1,8.235,7.193957256078794,15.826705963373348,28.775829024315176,2601.3905693098964,0.8724040568049612,-0.48878539428899265,0.0,22.9,0,0.08680555555555555,0.0,0.0,-0.6253298153034301,1.3217391304347825,-0.6253298153034301,-0.396944168280048,Ringan,2.8,3.75,2.5033333333333334,0.2650157228039999,3.337142857142857,0.9292060102710313,0.0,0.0,0.0,0.0,0.0,0.0,38.332908587257606,82.71527777777777,32.9480450380581,4.892578867739194,48.47301481630173,19.13906289103262,9.0,10.425,8.555,0.3975235842059557,9.805714285714286,1.393809015406543,-8.13952990467762,114.0987329891958,0.02763838501511226,0.02763838501511226,2.76,Aman,3.0,1.0124897956848145,,1.2775102043151856,2.816413768869097e-11,,,,,,,,157.2887725830078,82.76119232177734,0.85,Tenggara,31.953012466430664,-76.34408569335938,Bergerak ke arah Tenggara sejauh 82.76 km,Normal,,Normal,0.9999999999718359,False
2023-05-02 06:20:00,-7.980185731352319,112.358314769575,4.49,29,Kelud,VolcanoDiscovery,0.0,0,0,0,0,0,1,0,1,0,0,4.49,29,2023-05-02 06:20:00,Unknown,0,1,11.535,14.226791468489894,31.29894123067777,56.90716587395958,10173.813847354077,0.8638670987837349,-0.503719798736334,0.7818314824680298,44.900000000000006,0,0.6763888888888889,0.0,0.0,0.5356200527704487,0.34782608695652173,0.535620052770449,-0.21924546072942278,Parah,2.29,2.42,3.193333333333334,1.1515352071618703,3.4357142857142864,1.0187714356494482,0.0,0.0,0.0,0.0,0.0,0.0,28.775829024315176,31.735397502601458,41.33863449517747,14.30450346611871,48.800449374447076,19.28073855603629,8.235,8.43,9.59,1.7273028107428006,9.953571428571431,1.52815715347417,-7.980185731352319,112.358314769575,0.30719468023679847,0.30719468023679847,30.72,Aman,8.127827714784733,1.1828123331069946,,3.3071876668930056,0.3181550346774349,,,,,,,,143.4331512451172,79.96991729736328,0.85,Tenggara,47.64290237426758,-64.22882843017578,Bergerak ke arah Tenggara sejauh 79.97 km,Normal,,Normal,0.6818449653225651,False
2023-05-02 06:27:00,-8.110785502030163,112.9094296978397,3.39,2,Semeru,VolcanoDiscovery,0.0,0,0,0,0,0,0,0,3,0,0,3.39,2,2023-05-02 06:27:00,Unknown,0,1,9.885,24.960375000000003,54.91282500000001,99.84150000000001,31316.416972655185,0.8638670987837349,-0.503719798736334,0.7818314824680298,33.9,0,0.004861111111111111,0.0,0.0,-0.044854881266490745,-0.591304347826087,-0.0448548812664906,-0.42164198629061783,Parah,4.49,2.8,3.3900000000000006,1.0999999999999999,3.44,1.0184628941039857,0.0,0.0,0.0,0.0,0.0,0.0,56.90716587395958,38.332908587257606,61.84149829942495,35.788868732747396,57.116073341389225,26.77137196141086,11.535,9.0,9.885,1.649999999999996,9.959999999999999,1.5276943411559762,-8.110785502030163,112.9094296978397,0.9341464795166374,0.9341464795166374,93.41,Terdampak,7.173174617568189,1.1821930408477783,,2.207806959152222,0.19856657857137183,,,,,,,,143.45140075683594,79.975341796875,0.85,Tenggara,47.625667572021484,-64.24835205078125,Bergerak ke arah Tenggara sejauh 79.98 km,Normal,,Normal,0.8014334214286282,False
2023-05-06 02:11:00,-8.068760807996084,114.2578789329176,2.88,17,Ijen,VolcanoDiscovery,0.0,0,0,0,0,1,0,0,0,0,0,2.88,17,2023-05-06 02:11:00,Unknown,0,1,9.120000000000001,9.982484429065744,21.96146574394464,39.92993771626298,5008.95509448312,0.8271893372462497,-0.5619233046832195,-0.9749279121818236,28.799999999999997,0,3.8222222222222224,0.0,0.0,-0.31398416886543545,-0.06956521739130435,-0.31398416886543484,0.7288995866255037,Sedang,3.39,2.29,3.5866666666666673,0.8228203530135446,3.1457142857142864,0.783259368341825,0.0,0.0,0.0,0.0,0.0,0.0,99.84150000000001,28.775829024315176,65.5595345300742,30.878737609243554,54.034002354596375,27.416082725850405,9.885,8.235,10.18,1.234230529520313,9.518571428571429,1.174889052512728,-8.068760807996084,114.2578789329176,0.21109754891577104,0.21109754891577104,21.11,Aman,4.3730872427481335,1.3164533376693726,,1.5635466623306273,9.341656259653774e-08,,,,,,,,133.6046600341797,84.91158294677734,0.85,Tenggara,61.48581314086914,-58.56169128417969,Bergerak ke arah Tenggara sejauh 84.91 km,Normal,,Normal,0.9999999065834374,False
2023-05-08 11:12:00,-8.09891544718624,112.8594848250778,2.24,53,Semeru,VolcanoDiscovery,0.0,1,0,0,0,0,0,2,0,0,0,2.24,53,2023-05-08 11:12:00,Unknown,0,1,8.16,7.075597721609115,15.566314987540053,28.30239088643646,2516.495291717497,0.8073707443023492,-0.5900444739548627,0.0,22.400000000000002,0,2.3756944444444446,0.0,0.0,-0.6517150395778364,1.182608695652174,-0.6517150395778363,0.29292030767620747,Ringan,2.88,4.49,2.8366666666666673,0.5762233363317815,2.93,0.7969107018146142,0.0,0.0,0.0,0.0,0.0,0.0,39.92993771626298,56.90716587395958,56.02460953423317,38.38931985444277,46.26073279869047,25.581190303002494,9.120000000000001,11.535,9.055,0.8643350044976552,9.195000000000002,1.1953660527219072,-8.09891544718624,112.8594848250778,0.07932771063307187,0.07932771063307187,7.93,Aman,3.0,1.1969565153121948,,1.0430434846878054,1.4622969501942862e-11,,,,,,,,143.01637268066406,79.84600067138672,0.85,Tenggara,48.034297943115234,-63.781578063964844,Bergerak ke arah Tenggara sejauh 79.85 km,Normal,,Normal,0.999999999985377,False
2023-05-09 18:16:00,-7.958817518568557,112.302005849796,5.65,26,Kelud,VolcanoDiscovery,0.0,3,0,0,0,0,0,1,0,0,0,5.65,26,2023-05-09 18:16:00,Unknown,0,1,13.275000000000002,17.83849482248521,39.24468860946747,71.35397928994084,15995.074553133925,0.7971015927871943,-0.6038452208771035,0.7818314824680298,56.5,0,1.2944444444444445,0.0,0.0,1.1477572559366755,0.24347826086956523,1.1477572559366767,-0.03296530793783678,Parah,2.24,3.39,3.5900000000000003,1.8124844826921973,3.391428571428572,1.2555401038521037,0.0,0.0,0.0,0.0,0.0,0.0,28.30239088643646,99.84150000000001,46.52876929754677,22.27146716529481,51.920530196881806,26.206984729894046,8.16,9.885,10.185000000000002,2.718726724038295,9.887142857142857,1.8833101557781537,-7.958817518568557,112.302005849796,0.3660885382031616,0.3660885382031616,36.61,Aman,11.237351826153235,1.177724003791809,,4.472275996208191,0.044012140361391006,,,,,,,,143.5830841064453,80.01448822021484,0.85,Tenggara,47.50111389160156,-64.38914489746094,Bergerak ke arah Tenggara sejauh 80.01 km,Tidak Normal,,Tidak Normal,0.955987859638609,False
2023-05-11 05:31:00,-8.093312953188155,114.0928197180545,5.49,41,Raung,VolcanoDiscovery,0.0,0,0,2,0,0,0,0,0,3,0,5.49,41,2023-05-11 05:31:00,Unknown,0,1,13.035,16.95263481558596,37.295796594289115,67.81053926234384,14445.888848060647,0.7758587728069828,-0.6309066211876704,0.43388373911755823,54.900000000000006,0,1.46875,0.0,0.0,1.0633245382585752,0.7652173913043478,1.0633245382585756,0.0195698812202397,Parah,5.65,2.88,4.460000000000001,1.9242401097576172,3.775714285714286,1.442149520020459,0.0,0.0,0.0,0.0,0.0,0.0,71.35397928994084,39.92993771626298,55.822303146240394,23.89870644821131,56.131620293322705,26.027460691511763,13.275000000000002,9.120000000000001,11.49,2.886360164636429,10.463571428571429,2.163224280030692,-8.093312953188155,114.0928197180545,0.08989973771278197,0.08989973771278197,8.99,Aman,9.56179665527216,1.2269707918167114,,4.263029208183289,0.10263682803393126,,,,,,,,142.13198852539062,79.58304595947266,0.85,Tenggara,48.851619720458984,-62.82499313354492,Bergerak ke arah Tenggara sejauh 79.58 km,Tidak Normal,,Tidak Normal,0.8973631719660687,False
2023-05-12 09:50:00,-7.927652955567554,112.9134293445472,4.14,45,Bromo,VolcanoDiscovery,0.0,4,0,3,0,0,3,0,0,0,0,4.14,45,2023-05-12 09:50:00,Unknown,0,1,11.009999999999998,12.846577160493826,28.26246975308642,51.386308641975305,8295.54101352574,0.7648913904341225,-0.6441592666722685,-0.433883739117558,41.4,0,1.179861111111111,0.0,0.0,0.350923482849604,0.9043478260869565,0.35092348284960384,-0.06750039244414209,Sedang,5.49,2.24,5.093333333333334,0.8294777473406653,4.04,1.2855089783168914,0.0,0.0,0.0,0.0,0.0,0.0,67.81053926234384,28.30239088643646,63.516942398086684,10.65378797897615,59.361688810131284,23.32994330840768,13.035,8.16,12.44,1.2442166210110137,10.86,1.9282634674753445,-7.927652955567554,112.9134293445472,0.2738731564774215,0.2738731564774215,27.39,Aman,7.2083635603749014,1.0988439321517944,,3.0411560678482052,0.05328018904728449,,,,,,,,147.27764892578125,82.56155395507812,0.85,Tenggara,44.630184173583984,-69.45903015136719,Bergerak ke arah Tenggara sejauh 82.56 km,Normal,,Normal,0.9467198109527155,False
2023-06-01 19:36:00,-7.935361500969635,112.9612523425547,2.46,8,Bromo,VolcanoDiscovery,0.0,0,0,0,0,0,0,0,0,4,0,2.46,8,2023-06-01 19:36:00,Unknown,0,1,8.49,10.373999999999999,22.8228,41.495999999999995,5409.56498914951,0.5027907197793043,-0.8644081744776648,0.43388373911755823,24.6,0,20.406944444444445,0.0,0.0,-0.5356200527704487,-0.3826086956521739,-0.5356200527704483,5.7274867877138815,Sedang,4.14,5.65,4.03,1.5179920948410777,3.75,1.3916656686623174,0.0,0.0,0.0,0.0,0.0,0.0,51.386308641975305,71.35397928994084,53.564282634773065,13.291780248798121,57.16009368527991,24.306880146716246,11.009999999999998,13.275000000000002,10.844999999999999,2.276988142261618,10.424999999999999,2.08749850299348,-7.935361500969635,112.9612523425547,0.2822985090872107,0.2822985090872107,28.23,Aman,3.677545800059572,1.2420399188995361,,1.2179600811004638,4.164597555700311e-10,,,,,,,,141.3682403564453,79.63490295410156,0.85,Tenggara,49.71708679199219,-62.20875549316406,Bergerak ke arah Tenggara sejauh 79.63 km,Normal,,Normal,0.9999999995835402,False
2023-06-02 02:29:00,-8.120512479088323,112.9025896124498,3.67,6,Semeru,VolcanoDiscovery,0.0,0,0,0,0,0,0,0,0,2,0,3.67,6,2023-06-02 02:29:00,Unknown,0,1,10.305,15.359319444444445,33.79050277777778,61.43727777777778,11858.064309584232,0.4878471454423119,-0.8729290708206411,-0.433883739117558,36.7,0,0.28680555555555554,0.0,0.0,0.10290237467018461,-0.45217391304347826,0.10290237467018487,-0.33666474805086066,Parah,2.46,5.49,3.423333333333334,0.8667371766189169,3.79,1.383594352884304,0.0,0.0,0.0,0.0,0.0,0.0,41.495999999999995,67.81053926234384,51.439862139917715,9.970746754154568,51.67377622496246,15.973105723017511,8.49,13.035,9.935,1.3001057649283718,10.485000000000001,2.0753915293264598,-8.120512479088323,112.9025896124498,0.413159544165536,0.413159544165536,41.32,Aman,6.540665267643101,1.211241602897644,,2.458758397102356,0.0021409676312275083,,,,,,,,142.59544372558594,79.72084045410156,0.85,Tenggara,48.42555236816406,-63.32754898071289,Bergerak ke arah Tenggara sejauh 79.72 km,Normal,,Normal,0.9978590323687725,False
2023-06-04 20:44:00,-8.048704554224923,114.2543771839848,3.6,18,Ijen,VolcanoDiscovery,0.0,0,0,0,0,0,0,0,0,1,0,3.6,18,2023-06-04 20:44:00,Unknown,0,1,10.2,12.093086419753087,26.604790123456795,48.37234567901235,7350.961839554133,0.4575313760742512,-0.8891934772070711,-0.7818314824680299,36.0,0,2.7604166666666665,0.0,0.0,0.06596306068601583,-0.034782608695652174,0.06596306068601585,0.4088744702004081,Sedang,3.67,4.14,3.243333333333334,0.6792888438163331,3.892857142857143,1.3304098902933936,0.0,0.0,0.0,0.0,0.0,0.0,61.43727777777778,51.386308641975305,50.43520781893006,10.129421997767542,52.87983450535522,15.240517835327209,10.305,11.009999999999998,9.665000000000001,1.0189332657244934,10.639285714285714,1.995614835440096,-8.048704554224923,114.2543771839848,0.4470301069419921,0.4470301069419921,44.7,Aman,6.468484890657083,1.2757914066314697,,2.3242085933685304,0.001250298544168138,,,,,,,,136.85574340820312,80.4763412475586,0.85,Tenggara,55.03274154663086,-58.71830368041992,Bergerak ke arah Tenggara sejauh 80.48 km,Normal,,Normal,0.9987497014558319,False
2023-06-05 14:16:00,-8.084295716091082,112.9511707459142,3.38,38,Semeru,VolcanoDiscovery,0.0,0,1,0,0,0,2,5,0,0,0,3.38,38,2023-06-05 14:16:00,Unknown,0,1,9.870000000000001,10.673333102493077,23.48133282548477,42.69333240997231,5726.245747880922,0.44216815196707204,-0.8969321743510065,0.0,33.8,0,0.7305555555555555,0.0,0.0,-0.050131926121372135,0.6608695652173913,-0.05013192612137144,-0.2029197844173512,Sedang,3.6,2.46,3.5500000000000007,0.151327459504215,4.055714285714286,1.1521987262455682,0.0,0.0,0.0,0.0,0.0,0.0,48.37234567901235,41.495999999999995,50.83431862225416,9.611443963721793,54.93568329443177,11.998394293451923,10.2,8.49,10.125,0.22699118925631187,10.883571428571429,1.7282980893683608,-8.084295716091082,112.9511707459142,0.22557815077659393,0.22557815077659393,22.56,Aman,5.420065860134014,1.2642260789871216,,2.1157739210128783,4.954772714160782e-05,,,,,,,,138.40199279785156,80.18800354003906,0.85,Tenggara,53.23683166503906,-59.96628952026367,Bergerak ke arah Tenggara sejauh 80.19 km,Normal,,Normal,0.9999504522728584,False
2023-06-05 20:24:00,-8.024709080058711,114.2836992235907,5.73,7,Ijen,VolcanoDiscovery,0.0,0,0,0,0,0,3,0,0,1,0,5.73,7,2023-06-05 20:24:00,Unknown,0,1,13.395,21.22849234693878,46.70268316326532,84.91396938775512,22652.08374024981,0.44216815196707204,-0.8969321743510065,0.0,57.300000000000004,0,0.25555555555555554,0.0,0.0,1.1899736147757258,-0.41739130434782606,1.189973614775726,-0.3460834074616712,Parah,3.38,3.67,4.236666666666667,1.2979342561675995,4.067142857142858,1.1708930250840515,0.0,0.0,0.0,0.0,0.0,0.0,42.69333240997231,61.43727777777778,58.659882492246616,22.913328151213,56.87282473697667,15.634568369720874,9.870000000000001,10.305,11.155000000000001,1.9469013842514014,10.900714285714285,1.7563395376260853,-8.024709080058711,114.2836992235907,0.776843031464087,0.776843031464087,77.68,Terdampak,13.431432803287308,1.2793790102005005,,4.4506209897995,0.0005806461808128827,,,,,,,,136.37611389160156,80.5657730102539,0.85,Tenggara,55.58404541015625,-58.3203010559082,Bergerak ke arah Tenggara sejauh 80.57 km,Normal,,Tidak Normal,0.9994193538191871,False
2023-06-07 07:29:00,-8.077559400849289,112.9761535369862,5.23,5,Semeru,VolcanoDiscovery,0.0,0,2,0,0,0,4,5,1,0,0,5.23,5,2023-06-07 07:29:00,Unknown,0,1,12.645,21.412875,47.108325,85.6515,23047.287472604992,0.4110537546870351,-0.9116111071930239,0.9749279121818236,52.300000000000004,0,1.4618055555555556,0.0,0.0,0.9261213720316624,-0.48695652173913045,0.9261213720316626,0.017476845795615144,Parah,5.73,3.6,4.780000000000001,1.2379418403139995,4.03,1.1213087591441253,0.0,0.0,0.0,0.0,0.0,0.0,84.91396938775512,48.37234567901235,71.08626726590916,24.5917679346383,59.42153341378469,18.840318062010553,13.395,10.2,11.969999999999999,1.8569127604710043,10.844999999999999,1.6819631387161957,-8.077559400849289,112.9761535369862,1.0,1.0,100.0,Terdampak,12.88675151915076,1.238864779472351,,3.9911352205276494,2.418474180765351e-05,,,,,,,,141.79275512695312,79.55574798583984,0.85,Tenggara,49.20584487915039,-62.51321792602539,Bergerak ke arah Tenggara sejauh 79.56 km,Tidak Normal,,Tidak Normal,0.9999758152581923,False
2023-06-08 23:38:00,-8.105546881467296,112.937424197963,2.8,13,Semeru,VolcanoDiscovery,0.0,0,0,0,0,0,0,0,0,0,0,2.8,13,2023-06-08 23:38:00,Unknown,0,1,9.0,10.196479289940825,22.43225443786982,40.7859171597633,5226.01122606221,0.3953117887649151,-0.9185469991587165,0.43388373911755823,28.0,0,1.6729166666666666,0.0,0.0,-0.3562005277044856,-0.20869565217391303,-0.3562005277044853,0.0811051227042018,Sedang,5.23,3.38,4.586666666666667,1.5673650925465143,3.8385714285714285,1.2102538104522906,0.0,0.0,0.0,0.0,0.0,0.0,85.6515,42.69333240997231,70.45046218250616,25.69289612725184,57.90719177346869,19.985053789748346,12.645,9.870000000000001,11.68,2.351047638819775,10.557857142857143,1.8153807156784405,-8.105546881467296,112.937424197963,0.21365154407615072,0.21365154407615072,21.37,Aman,4.220702131904273,1.4032360315322876,,1.3967639684677122,3.426577721565849e-08,,,,,,,,131.09335327148438,86.67108917236328,0.85,Tenggara,65.31877136230469,-56.96784591674805,Bergerak ke arah Tenggara sejauh 86.67 km,Normal,,Normal,0.9999999657342228,False
2023-06-09 00:08:00,-8.070984033972547,112.9276738871569,5.53,50,Semeru,VolcanoDiscovery,0.0,0,2,0,0,0,2,0,0,4,0,5.53,50,2023-06-09 00:08:00,Unknown,0,1,13.094999999999999,16.947525,37.284555,67.7901,14437.181681993314,0.37945284372454435,-0.925211078289358,-0.433883739117558,55.300000000000004,0,0.020833333333333332,0.0,0.0,1.0844327176781003,1.0782608695652174,1.0844327176781003,-0.4168280048139814,Parah,2.8,5.73,4.5200000000000005,1.4970971912337585,4.277142857142858,1.183380951422864,0.0,0.0,0.0,0.0,0.0,0.0,40.7859171597633,84.91396938775512,64.74250571992111,22.587518767463457,61.6634917734687,18.823701290453315,9.0,13.395,11.579999999999998,2.245645786850641,11.215714285714284,1.7750714271343067,-8.070984033972547,112.9276738871569,0.5131906181605639,0.5131906181605639,51.32,Aman,11.607484297813151,1.2091618776321411,,4.320838122367859,0.008013497987541585,,,,,,,,142.65673828125,79.73906707763672,0.85,Tenggara,48.368831634521484,-63.3938102722168,Bergerak ke arah Tenggara sejauh 79.74 km,Tidak Normal,,Tidak Normal,0.9919865020124584,False
2023-06-09 04:09:00,-7.929489174697716,112.9404130186434,1.89,4,Bromo,VolcanoDiscovery,0.0,0,0,0,0,0,0,0,0,3,0,1.89,4,2023-06-09 04:09:00,Unknown,0,1,7.635,11.870375000000001,26.114825000000003,47.481500000000004,7082.6981507833725,0.37945284372454435,-0.925211078289358,-0.433883739117558,18.9,0,0.1673611111111111,0.0,0.0,-0.8364116094986809,-0.5217391304347826,-0.8364116094986808,-0.37266495735440314,Sedang,5.53,5.23,3.4066666666666676,1.8943160595141806,4.022857142857143,1.4877019670811582,0.0,0.0,0.0,0.0,0.0,0.0,67.7901,85.6515,52.01917238658779,14.062337136238693,59.669809233786154,19.57568521168086,13.094999999999999,12.645,9.909999999999998,2.84147408927127,10.834285714285713,2.2315529506217433,-7.929489174697716,112.9404130186434,0.28572523629254626,0.28572523629254626,28.57,Aman,3.0,1.3341772556304932,,0.5558227443695067,7.815970093361102e-14,,,,,,,,131.6883544921875,86.43457794189453,0.85,Tenggara,64.54704284667969,-57.48579025268555,Bergerak ke arah Tenggara sejauh 86.43 km,Normal,,Normal,0.9999999999999218,False
2023-06-10 23:55:00,-7.992345360665358,113.0134757480393,3.52,25,Bromo,VolcanoDiscovery,0.0,4,0,0,0,0,3,0,0,5,0,3.52,25,2023-06-10 23:55:00,Unknown,0,1,10.08,11.445200000000002,25.179440000000007,45.780800000000006,6584.40639016109,0.36348161248290634,-0.9316013725767187,-0.9749279121818236,35.2,0,1.823611111111111,0.0,0.0,0.023746701846965663,0.20869565217391303,0.02374670184696598,0.12652399141855478,Sedang,1.89,2.8,3.646666666666667,1.8233028638526663,4.011428571428572,1.4917934237177826,0.0,0.0,0.0,0.0,0.0,0.0,47.481500000000004,40.7859171597633,53.68413333333336,12.245685641209985,59.29958842249868,19.847573989541335,7.635,9.0,10.27,2.7349542957789996,10.817142857142857,2.2376901355766794,-7.992345360665358,113.0134757480393,0.15306297624966705,0.15306297624966705,15.31,Aman,5.5275438918537585,1.4034274816513062,,2.116572518348694,0.00013089929103859976,,,,,,,,131.0990753173828,86.67044830322266,0.85,Tenggara,65.3125991821289,-56.97394943237305,Bergerak ke arah Tenggara sejauh 86.67 km,Normal,,Normal,0.9998691007089614,False
2023-07-01 21:34:00,-8.1662661660408,112.9367299666397,5.23,61,Semeru,VolcanoDiscovery,0.0,2,5,0,0,0,0,2,1,2,0,5.23,61,2023-07-01 21:34:00,Unknown,0,1,12.645,15.948939498790649,35.08766689733943,63.795757995162596,12785.963976712339,0.01075130776352193,-0.9999422030204416,-0.9749279121818236,52.300000000000004,0,20.902083333333334,0.0,0.0,0.9261213720316624,1.4608695652173913,0.9261213720316626,5.876720213489613,Parah,3.52,5.53,3.5466666666666673,1.670159673005349,4.275714285714286,1.5247935067068081,0.0,0.0,0.0,0.0,0.0,0.0,45.780800000000006,67.7901,52.35268599838756,9.946407274239107,62.314220648954425,18.458913427162987,10.08,13.094999999999999,10.12,2.5052395095080238,11.213571428571429,2.2871902600602203,-8.1662661660408,112.9367299666397,0.23694992745640608,0.23694992745640608,23.69,Aman,9.609005958637674,1.2698755264282227,,3.9601244735717778,0.057033866915599085,,,,,,,,137.64669799804688,80.328857421875,0.85,Tenggara,54.117576599121094,-59.363399505615234,Bergerak ke arah Tenggara sejauh 80.33 km,Tidak Normal,,Tidak Normal,0.9429661330844009,False
2023-07-02 18:50:00,-7.950543674305526,112.9692033850888,3.6,17,Bromo,VolcanoDiscovery,0.0,0,0,0,0,1,0,0,0,0,0,3.6,17,2023-07-02 18:50:00,Unknown,0,1,10.2,12.17901384083045,26.79383044982699,48.7160553633218,7455.7974890918995,-0.00645086419810515,-0.9999791929590823,-0.7818314824680299,36.0,0,0.8861111111111111,0.0,0.0,0.06596306068601583,-0.06956521739130435,0.06596306068601585,-0.15603579090576103,Sedang,5.23,1.89,4.116666666666667,0.9650043177796349,3.9714285714285715,1.3930473618585109,0.0,0.0,0.0,0.0,0.0,0.0,63.795757995162596,47.481500000000004,52.76420445282815,9.66567696439441,57.14309007403539,15.97584752883453,12.645,7.635,10.975,1.4475064766694563,10.757142857142856,2.089571042787772,-7.950543674305526,112.9692033850888,0.3507290864766965,0.3507290864766965,35.07,Aman,6.213922556475965,1.2818464040756226,,2.3181535959243775,0.000612530660880517,,,,,,,,136.04623413085938,80.62728881835938,0.85,Tenggara,55.96160125732422,-58.04359436035156,Bergerak ke arah Tenggara sejauh 80.63 km,Normal,,Normal,0.9993874693391195,False
2023-07-06 04:20:00,-7.934186750604621,112.9562886139061,2.75,19,Bromo,VolcanoDiscovery,0.0,0,0,0,0,0,0,0,0,0,0,2.75,19,2023-07-06 04:20:00,Unknown,0,1,8.925,9.431154778393351,20.748540512465375,37.724619113573404,4470.947806008354,-0.07518957641475855,-0.9971692572470178,0.43388373911755823,27.5,0,3.3958333333333335,0.0,0.0,-0.3825857519788919,0.0,-0.3825857519788914,0.6003872115535556,Sedang,3.6,3.52,3.8600000000000008,1.260277747165284,3.617142857142857,1.33371304117133,0.0,0.0,0.0,0.0,0.0,0.0,48.7160553633218,45.780800000000006,50.078810824019286,13.088884500981255,50.296392804545874,11.310562607747313,10.2,10.08,10.59,1.8904166207479274,10.225714285714286,2.0005695617569965,-7.934186750604621,112.9562886139061,0.22551184020752427,0.22551184020752427,22.55,Aman,4.1450752147766305,1.2199492454528809,,1.5300507545471191,1.717156361547012e-08,,,,,,,,142.33888244628906,79.64456176757812,0.85,Tenggara,48.66204071044922,-63.0496826171875,Bergerak ke arah Tenggara sejauh 79.64 km,Normal,,Normal,0.9999999828284364,False
2023-07-09 02:48:00,-8.116440865170155,112.9295468483948,2.45,3,Semeru,VolcanoDiscovery,0.0,0,0,0,0,4,0,0,0,0,0,2.45,3,2023-07-09 02:48:00,Unknown,0,1,8.475,16.177569444444444,35.59065277777778,64.71027777777778,13155.16806681701,-0.12652781683868314,-0.9919630595773397,-0.7818314824680299,24.5,0,2.936111111111111,0.0,0.0,-0.5408970976253298,-0.5565217391304348,-0.5408970976253298,0.4618282664434095,Sedang,2.75,5.23,2.933333333333334,0.596517672272438,3.567142857142857,1.3753631555061414,0.0,0.0,0.0,0.0,0.0,0.0,37.724619113573404,63.795757995162596,50.383650751557674,13.569896800248333,53.71415860711937,11.569471541413797,8.925,12.645,9.200000000000001,0.8947765084086552,10.150714285714285,2.063044733259213,-8.116440865170155,112.9295468483948,0.34653699996664106,0.34653699996664106,34.65,Aman,3.76108648953205,1.2444043159484863,,1.2055956840515138,1.1033876035071444e-09,,,,,,,,141.0521697998047,79.69385528564453,0.85,Tenggara,50.09656524658203,-61.97938919067383,Bergerak ke arah Tenggara sejauh 79.69 km,Normal,,Normal,0.9999999988966124,False
2023-07-10 20:16:00,-7.923149945920946,112.9424547703195,3.6,15,Bromo,VolcanoDiscovery,0.0,0,0,0,0,0,0,0,5,0,0,3.6,15,2023-07-10 20:16:00,Unknown,0,1,10.2,12.386111111111111,27.249444444444446,49.544444444444444,7711.516612749303,-0.1435724234118113,-0.9896398128792412,0.0,36.0,0,1.7277777777777779,0.0,0.0,0.06596306068601583,-0.1391304347826087,0.06596306068601585,0.09764010255873587,Sedang,2.45,3.6,2.933333333333334,0.596517672272438,3.2914285714285714,1.0774882609016916,0.0,0.0,0.0,0.0,0.0,0.0,64.71027777777778,48.7160553633218,50.65978044526523,13.527358359313393,51.10763638489715,9.787855688926763,8.475,10.2,9.200000000000001,0.8947765084086552,9.737142857142857,1.6162323913525345,-7.923149945920946,112.9424547703195,0.2750224074170696,0.2750224074170696,27.5,Aman,6.013799350705114,1.128343105316162,,2.471656894683838,0.00034451595959161807,,,,,,,,146.8007354736328,81.7062759399414,0.85,Tenggara,44.73847198486328,-68.36946868896484,Bergerak ke arah Tenggara sejauh 81.71 km,Normal,,Normal,0.9996554840404084,False
2023-07-12 10:53:00,-8.058871949066901,114.2288635129799,3.51,3,Ijen,VolcanoDiscovery,0.0,0,0,0,0,0,0,0,0,4,0,3.51,3,2023-07-12 10:53:00,Unknown,0,1,10.065,19.84781944444444,43.66520277777777,79.39127777777776,19801.379915510886,-0.17752914918703497,-0.984115542601034,0.9749279121818236,35.099999999999994,0,1.6090277777777777,0.0,0.0,0.018469656992084273,-0.5565217391304348,0.018469656992084513,0.061849196797655825,Parah,3.6,2.75,3.1866666666666674,0.6395571384429461,3.5228571428571436,0.8826799020731185,0.0,0.0,0.0,0.0,0.0,0.0,49.544444444444444,37.724619113573404,64.54866666666668,14.92407295681616,55.66617606743682,14.237077362891284,10.2,8.925,9.58,0.95933570766442,10.084285714285715,1.324019853109679,-8.058871949066901,114.2288635129799,0.7209503794034688,0.7209503794034688,72.1,Terdampak,6.959689711239625,1.1765899658203125,,2.3334100341796873,0.019060027362880927,,,,,,,,143.61651611328125,80.02444458007812,0.85,Tenggara,47.46944808959961,-64.42486572265625,Bergerak ke arah Tenggara sejauh 80.02 km,Normal,,Normal,0.9809399726371191,False
2023-08-09 15:44:00,-7.953108116697713,112.9688514545096,2.68,16,Bromo,VolcanoDiscovery,0.0,0,0,0,0,0,3,0,0,0,0,2.68,16,2023-08-09 15:44:00,Unknown,0,1,8.82,9.464187500000001,20.821212500000005,37.856750000000005,4502.321739812428,-0.6132298262997502,-0.7899045386224707,0.9749279121818236,26.8,0,28.202083333333334,0.0,0.0,-0.41952506596306066,-0.10434782608695652,-0.41952506596306044,8.076919051854953,Sedang,3.51,2.45,3.2633333333333336,0.5071817557181356,3.402857142857143,0.9384688644402696,0.0,0.0,0.0,0.0,0.0,0.0,79.39127777777776,64.71027777777778,55.59749074074076,21.418654872087103,54.53416892457968,15.419960801280684,10.065,8.475,9.695,0.7607726335772049,9.904285714285715,1.4077032966604035,-7.953108116697713,112.9688514545096,0.24759761923729856,0.24759761923729856,24.76,Aman,4.048217145981268,1.3094072341918945,,1.3705927658081056,7.584233685520303e-09,,,,,,,,134.3665008544922,84.30610656738281,0.85,Tenggara,60.268882751464844,-58.95066833496094,Bergerak ke arah Tenggara sejauh 84.31 km,Normal,,Normal,0.9999999924157663,False
2023-09-02 01:17:00,-8.046046854692253,114.2527912577698,2.52,14,Ijen,VolcanoDiscovery,0.0,0,0,0,0,0,0,0,0,4,0,2.52,14,2023-09-02 01:17:00,Unknown,0,1,8.58,9.19723469387755,20.233916326530615,36.7889387755102,4251.9132297599335,-0.8786374941610001,-0.4774894280028391,-0.9749279121818236,25.2,0,23.397916666666667,0.0,0.0,-0.503957783641161,-0.17391304347826086,-0.5039577836411608,6.6289571450996805,Sedang,2.68,3.6,2.9033333333333338,0.5314445722117477,3.015714285714286,0.5285469749813175,0.0,0.0,0.0,0.0,0.0,0.0,37.856750000000005,49.544444444444444,51.34565551776268,24.29408881119811,50.67605189320077,16.0808988058016,8.82,10.2,9.155,0.7971668583176195,9.323571428571428,0.7928204624719646,-8.046046854692253,114.2527912577698,0.3726769543843096,0.3726769543843096,37.27,Aman,3.9448393291954247,1.250441551208496,,1.269558448791504,1.565588547691732e-09,,,,,,,,140.2449493408203,79.84435272216797,0.85,Tenggara,51.061012268066406,-61.38317108154297,Bergerak ke arah Tenggara sejauh 79.84 km,Normal,,Normal,0.9999999984344115,False
2023-09-09 10:00:00,-8.116630846295099,112.9157900552392,3.17,10,Semeru,VolcanoDiscovery,0.0,0,0,0,0,0,0,0,0,1,0,3.17,10,2023-09-09 10:00:00,Unknown,0,1,9.555,11.941625,26.271575000000002,47.7665,7167.978819648072,-0.9296339319682695,-0.3684843993077793,-0.9749279121818236,31.7,0,7.363194444444445,0.0,0.0,-0.1609498680738787,-0.3130434782608696,-0.1609498680738785,1.7961383496415677,Sedang,2.52,3.51,2.7900000000000005,0.33867388443751223,2.954285714285714,0.47119907834010855,0.0,0.0,0.0,0.0,0.0,0.0,36.7889387755102,79.39127777777776,40.804062925170086,6.053239027043039,50.54040112701194,16.104176147426816,8.58,10.065,8.985,0.5080108266562633,9.23142857142857,0.7067986175101479,-8.116630846295099,112.9157900552392,0.35243989392410635,0.35243989392410635,35.24,Aman,5.2706670314379735,1.239111304283142,,1.9308886957168578,6.522349163318175e-06,,,,,,,,141.75979614257812,79.5618896484375,0.85,Tenggara,49.245601654052734,-62.48971939086914,Bergerak ke arah Tenggara sejauh 79.56 km,Normal,,Normal,0.9999934776508367,False
2023-09-10 00:05:00,-7.944369321974327,112.8909131353232,5.1,44,Bromo,VolcanoDiscovery,0.0,1,0,1,0,0,0,0,0,0,0,5.1,44,2023-09-10 00:05:00,Unknown,0,1,12.45,15.736642561983471,34.620613636363636,62.946570247933884,12447.840541434765,-0.9358348973349941,-0.35243871088460327,-0.7818314824680299,51.0,0,0.5868055555555556,0.0,0.0,0.8575197889182056,0.8695652173913043,0.857519788918206,-0.24624561770707962,Parah,3.17,2.68,3.5966666666666676,1.3418767951393051,3.29,0.922460477924844,0.0,0.0,0.0,0.0,0.0,0.0,47.7665,37.856750000000005,49.16733634114805,13.134960140891078,54.14353700334915,15.571649361160652,9.555,8.82,10.195,2.0128151927089597,9.735,1.3836907168872636,-7.944369321974327,112.8909131353232,0.40395401375706286,0.40395401375706286,40.4,Aman,9.993954983173774,1.314645767211914,,3.7853542327880856,0.04983365325014355,,,,,,,,133.80010986328125,84.75625610351562,0.85,Tenggara,61.17357635498047,-58.66358947753906,Bergerak ke arah Tenggara sejauh 84.76 km,Tidak Normal,,Tidak Normal,0.9501663467498564,False
2023-09-10 03:51:00,-8.041352903252541,114.2411902385016,1.27,11,Ijen,VolcanoDiscovery,0.0,0,0,0,0,1,0,0,0,0,0,1.27,11,2023-09-10 03:51:00,Unknown,0,1,6.705,5.813655991735537,12.790043181818183,23.254623966942148,1698.902733833525,-0.9358348973349941,-0.35243871088460327,-0.7818314824680299,12.7,0,0.15694444444444444,0.0,0.0,-1.1635883905013193,-0.2782608695652174,-1.1635883905013193,-0.37580451049133995,Ringan,5.1,2.52,3.180000000000001,1.9150195821453098,3.1214285714285714,1.1748394013854049,0.0,0.0,0.0,0.0,0.0,0.0,62.946570247933884,36.7889387755102,44.65589807162536,20.02796877271618,48.22130074465834,18.49241441245611,12.45,8.58,9.57,2.872529373217964,9.482142857142858,1.762259102078103,-8.041352903252541,114.2411902385016,0.0074181386703131985,0.0074181386703131985,0.74,Aman,3.0,1.3205296993255615,,0.050529699325561506,0.0,,,,,,,,133.16392517089844,85.26187133789062,0.85,Tenggara,62.18996810913086,-58.326622009277344,Bergerak ke arah Tenggara sejauh 85.26 km,Normal,,Normal,1.0,False
2023-09-11 01:13:00,-8.108727894568853,112.9366767411304,3.03,16,Semeru,VolcanoDiscovery,0.0,0,0,0,0,0,0,0,4,0,0,3.03,16,2023-09-11 01:13:00,Unknown,0,1,9.344999999999999,10.533875,23.174525000000003,42.1355,5577.584728942072,-0.9417589340994617,-0.33628873017668287,0.0,30.299999999999997,0,0.8902777777777777,0.0,0.0,-0.2348284960422165,-0.10434782608695652,-0.23482849604221656,-0.1547799696509863,Sedang,1.27,3.17,3.133333333333334,1.917089808364055,3.04,1.1557393016304889,0.0,0.0,0.0,0.0,0.0,0.0,23.254623966942148,47.7665,42.778898071625356,19.853793609842356,47.16288010973772,18.615678099308777,6.705,9.555,9.5,2.875634712546082,9.36,1.733608952445728,-8.108727894568853,112.9366767411304,0.2826617327893832,0.2826617327893832,28.27,Aman,4.822663715734358,1.2012090682983398,,1.82879093170166,7.762298472879792e-07,,,,,,,,142.89109802246094,79.80874633789062,0.85,Tenggara,48.15116882324219,-63.646690368652344,Bergerak ke arah Tenggara sejauh 79.81 km,Normal,,Normal,0.9999992237701527,False
2023-10-05 19:10:00,-7.998278529635376,114.213136519281,5.23,31,Ijen,VolcanoDiscovery,0.0,0,0,0,0,0,0,0,0,4,0,5.23,31,2023-10-05 19:10:00,Unknown,0,1,12.645,16.39444211758585,36.067772658688874,65.5777684703434,13510.24239023135,-0.9975590477788613,0.06982797572987089,0.43388373911755823,52.300000000000004,0,24.747916666666665,0.0,0.0,0.9261213720316624,0.41739130434782606,0.9261213720316626,7.035843231646695,Parah,3.03,5.1,3.176666666666667,1.9840698912420731,3.2857142857142856,1.424018458949381,0.0,0.0,0.0,0.0,0.0,0.0,42.1355,62.946570247933884,43.65596414576188,21.202499819074674,45.18952163724709,15.013551201276433,9.344999999999999,12.45,9.565,2.9761048368631084,9.728571428571428,2.13602768842407,-7.998278529635376,114.213136519281,0.40993832183760814,0.40993832183760814,40.99,Aman,10.352092110000141,1.172378420829773,,4.0576215791702275,0.05195516790557253,,,,,,,,143.74061584472656,80.06134033203125,0.85,Tenggara,47.35161590576172,-64.55728149414062,Bergerak ke arah Tenggara sejauh 80.06 km,Normal,,Tidak Normal,0.9480448320944275,False
2023-10-10 22:05:00,-8.090731496988115,112.9287664732772,3.36,17,Semeru,VolcanoDiscovery,0.0,0,0,0,0,0,1,0,0,0,0,3.36,17,2023-10-10 22:05:00,Unknown,0,1,9.84,11.446837370242214,25.183042214532872,45.78734948096886,6586.290478209904,-0.9878726596350429,0.15526624985999563,0.7818314824680298,33.6,0,5.121527777777778,0.0,0.0,-0.06068601583113468,-0.06956521739130435,-0.06068601583113438,1.120506514572759,Sedang,5.23,1.27,3.8733333333333344,1.1864372437399868,3.382857142857143,1.3987817829062814,0.0,0.0,0.0,0.0,0.0,0.0,65.5777684703434,23.254623966942148,51.16687265043745,12.613066237321311,46.32246442024263,14.663124160287353,12.645,6.705,10.61,1.7796558656099815,9.874285714285714,2.098172674359422,-8.090731496988115,112.9287664732772,0.302734700011328,0.302734700011328,30.27,Aman,5.564869321530474,1.20298433303833,,2.15701566696167,3.7867150625592316e-05,,,,,,,,142.83876037597656,79.7931900024414,0.85,Tenggara,48.19988250732422,-63.59028244018555,Bergerak ke arah Tenggara sejauh 79.79 km,Normal,,Normal,0.9999621328493744,False
2023-11-03 07:09:00,-8.135383703254382,114.0405821254522,3.47,12,Raung,VolcanoDiscovery,0.0,0,0,0,0,0,2,0,0,0,0,3.47,12,2023-11-03 07:09:00,Unknown,0,1,10.004999999999999,12.428902777777775,27.343586111111108,49.7156111111111,7764.892312279987,-0.8425720899866032,0.5385835804920232,-0.433883739117558,34.7,0,23.377777777777776,0.0,0.0,-0.0026385224274405768,-0.24347826086956523,-0.0026385224274407338,6.622887342368268,Sedang,3.36,3.03,4.0200000000000005,1.0493331215586423,3.5185714285714282,1.3462098470821524,0.0,0.0,0.0,0.0,0.0,0.0,45.78734948096886,42.1355,53.693576354141136,10.477753888587895,48.16913189675705,14.06412296534036,9.84,9.344999999999999,10.829999999999998,1.5739996823379658,10.077857142857141,2.01931477062323,-8.135383703254382,114.0405821254522,0.23802462243782663,0.23802462243782663,23.8,Aman,5.6397932294822795,1.3974190950393677,,2.0725809049606325,9.612163321703893e-05,,,,,,,,130.91954040527344,86.69055938720703,0.85,Tenggara,65.5060043334961,-56.782188415527344,Bergerak ke arah Tenggara sejauh 86.69 km,Normal,,Normal,0.999903878366783,False
2023-11-05 00:45:00,-8.100295685715748,114.0327752056878,3.11,5,Raung,VolcanoDiscovery,0.0,0,0,0,0,0,0,0,0,2,0,3.11,5,2023-11-05 00:45:00,Unknown,0,1,9.465,14.496374999999999,31.892025,57.985499999999995,10563.03418835258,-0.8235472349556007,0.5672476988027229,-0.7818314824680299,31.099999999999998,0,1.7333333333333334,0.0,0.0,-0.19261213720316633,-0.48695652173913045,-0.19261213720316608,0.09931453089843552,Sedang,3.47,5.23,3.313333333333334,0.18448125469361984,3.5100000000000002,1.348987274464317,0.0,0.0,0.0,0.0,0.0,0.0,49.7156111111111,65.5777684703434,51.16282019736001,6.226518258684367,49.62898903961419,14.537755551531484,10.004999999999999,12.645,9.77,0.2767218820404255,10.065,2.0234809116964767,-8.100295685715748,114.0327752056878,0.20978544094797696,0.20978544094797696,20.98,Aman,4.829571699887992,1.3248668909072876,,1.7851331090927123,2.2015520140250544e-06,,,,,,,,132.69500732421875,85.63455200195312,0.85,Tenggara,62.939144134521484,-58.06841278076172,Bergerak ke arah Tenggara sejauh 85.63 km,Normal,,Normal,0.999997798447986,False
2023-11-05 07:58:00,-8.015710835960865,114.2109197957987,5.37,4,Ijen,VolcanoDiscovery,0.0,0,0,0,0,0,0,4,0,0,0,5.37,4,2023-11-05 07:58:00,Unknown,0,1,12.855,23.484875,51.666725,93.9395,27723.391711291988,-0.8235472349556007,0.5672476988027229,-0.7818314824680299,53.7,0,0.30069444444444443,0.0,0.0,1.0,-0.5217391304347826,1.0000000000000007,-0.33247867720161156,Parah,3.11,3.36,3.9833333333333343,1.2143036413242516,3.5485714285714285,1.4047351894150557,0.0,0.0,0.0,0.0,0.0,0.0,57.985499999999995,45.78734948096886,67.21353703703706,23.511818045015016,54.05655043276649,22.048878777071103,9.465,9.84,10.775,1.82145546198638,10.122857142857143,2.1071027841225853,-8.015710835960865,114.2109197957987,0.9638573246948469,0.9638573246948469,96.39,Terdampak,13.176311983033512,1.2904263734817505,,4.07957362651825,2.9749303037562846e-05,,,,,,,,135.49855041503906,81.66410064697266,0.85,Tenggara,57.2406005859375,-58.245506286621094,Bergerak ke arah Tenggara sejauh 81.66 km,Normal,,Tidak Normal,0.9999702506969624,False
2023-11-06 18:04:00,-8.009654510256118,112.9580363505543,5.05,25,Bromo,VolcanoDiscovery,0.0,1,4,0,0,0,0,0,4,4,0,5.05,25,2023-11-06 18:04:00,Unknown,0,1,12.375,16.069625000000002,35.35317500000001,64.27850000000001,12980.19867301376,-0.8136678304455991,0.5813300798152042,0.0,50.5,0,1.4208333333333334,0.0,0.0,0.8311345646437993,0.20869565217391303,0.8311345646437999,0.005127936790330241,Parah,5.37,3.47,4.510000000000001,1.2229472596968387,4.088571428571429,1.0693366880365391,0.0,0.0,0.0,0.0,0.0,0.0,93.9395,49.7156111111111,72.06783333333335,19.20098472301181,59.917104151774765,17.47486424196768,12.855,10.004999999999999,11.565,1.8344208895452627,10.932857142857143,1.60400503205482,-8.009654510256118,112.9580363505543,0.4216155214152589,0.4216155214152589,42.16,Aman,9.939258536657267,1.4067606925964355,,3.6432393074035643,0.07428841243036222,,,,,,,,131.19873046875,86.6593017578125,0.85,Tenggara,65.20501708984375,-57.08012008666992,Bergerak ke arah Tenggara sejauh 86.66 km,Tidak Normal,,Tidak Normal,0.9257115875696378,False
2023-11-07 21:27:00,-7.931839109862218,112.3282736588067,2.13,14,Kelud,VolcanoDiscovery,0.0,0,0,0,0,0,0,0,3,0,0,2.13,14,2023-11-07 21:27:00,Unknown,0,1,7.994999999999999,8.000073979591836,17.60016275510204,32.00029591836734,3217.0503754690603,-0.8035476485339116,0.5952404359043674,0.7818314824680298,21.299999999999997,0,1.1409722222222223,0.0,0.0,-0.7097625329815305,-0.17391304347826086,-0.7097625329815306,-0.07922139082203959,Ringan,5.05,3.11,4.1833333333333345,1.7854224523437974,3.9600000000000004,1.2556936993816081,0.0,0.0,0.0,0.0,0.0,0.0,64.27850000000001,57.985499999999995,63.4060986394558,30.978816369689557,58.46921785439867,19.496638147258142,12.375,9.465,11.075000000000001,2.6781336785156977,10.74,1.8835405490724202,-7.931839109862218,112.3282736588067,0.12182485898236307,0.12182485898236307,12.18,Aman,3.0,1.3121391534805298,,0.8178608465194701,1.312727704316785e-12,,,,,,,,134.0711212158203,84.5408706665039,0.85,Tenggara,60.740665435791016,-58.80247116088867,Bergerak ke arah Tenggara sejauh 84.54 km,Normal,,Normal,0.9999999999986873,False
2023-11-08 07:02:00,-8.107079584083735,112.9565490954753,4.18,43,Semeru,VolcanoDiscovery,0.0,5,1,0,0,0,2,5,0,3,0,4.18,43,2023-11-08 07:02:00,Unknown,0,1,11.07,12.99377460789616,28.586304137371556,51.97509843158464,8486.732502593808,-0.7931896839451843,0.6089746507720486,0.9749279121818236,41.8,0,0.3993055555555556,0.0,0.0,0.3720316622691291,0.8347826086956521,0.3720316622691297,-0.30275757417194277,Sedang,2.13,5.37,3.786666666666667,1.4992109035533785,3.81,1.1356789452423017,0.0,0.0,0.0,0.0,0.0,0.0,32.00029591836734,93.9395,49.41796478331735,16.290328850431823,56.52597927743313,19.347360958366735,7.994999999999999,12.855,10.479999999999999,2.2488163553300677,10.515,1.7035184178634597,-8.107079584083735,112.9565490954753,0.40522197393015064,0.40522197393015064,40.52,Aman,7.72065832831047,1.1713355779647827,,3.008664422035217,0.1478933795409516,,,,,,,,143.7713165283203,80.07047271728516,0.85,Tenggara,47.322418212890625,-64.59001159667969,Bergerak ke arah Tenggara sejauh 80.07 km,Normal,,Normal,0.8521066204590484,False
2023-11-09 16:14:00,-8.136081623872638,114.0583202398284,2.64,14,Raung,VolcanoDiscovery,0.0,0,0,0,0,1,0,0,0,0,0,2.64,14,2023-11-09 16:14:00,Unknown,0,1,8.76,9.565591836734693,21.044302040816326,38.262367346938774,4599.319149474279,-0.7825970017677834,0.6225286602431057,0.43388373911755823,26.400000000000002,0,1.3833333333333333,0.0,0.0,-0.44063324538258575,-0.17391304347826086,-0.4406332453825857,-0.006174454502642418,Sedang,4.18,5.05,2.983333333333334,1.0672550460566272,3.707142857142857,1.213187458525602,0.0,0.0,0.0,0.0,0.0,0.0,51.97509843158464,64.27850000000001,40.74592056563027,10.216369771257703,55.45098182971456,20.232293784006036,11.07,12.375,9.275,1.6008825690849346,10.360714285714284,1.8197811877884082,-8.136081623872638,114.0583202398284,0.157088414962487,0.157088414962487,15.71,Aman,3.8099831558647614,1.2696584463119507,,1.3703415536880494,3.015994565203073e-09,,,,,,,,137.67568969726562,80.32343292236328,0.85,Tenggara,54.083885192871094,-59.38676452636719,Bergerak ke arah Tenggara sejauh 80.32 km,Normal,,Normal,0.9999999969840054,False
2023-11-12 02:12:00,-8.15825691576693,112.8532960600004,5.77,50,Semeru,VolcanoDiscovery,0.0,0,0,1,0,0,3,0,0,1,0,5.77,50,2023-11-12 02:12:00,Unknown,0,1,13.454999999999998,17.665725,38.864595,70.6629,15686.743180596415,-0.7494423368521954,0.6620696215153815,-0.7818314824680299,57.699999999999996,0,2.415277777777778,0.0,0.0,1.2110817941952503,1.0782608695652174,1.2110817941952505,0.30485060959656746,Parah,2.64,2.13,4.196666666666666,1.5650665587550388,4.035714285714286,1.4302896809487837,0.0,0.0,0.0,0.0,0.0,0.0,38.262367346938774,32.00029591836734,53.63345525950782,16.263801510626724,58.443451670984395,20.78420120130214,8.76,7.994999999999999,11.094999999999999,2.347599838132559,10.853571428571428,2.1454345214231827,-8.15825691576693,112.8532960600004,0.3004890335102908,0.3004890335102908,30.05,Aman,11.228422059646883,1.2883758544921875,,4.481624145507812,0.0326804099977438,,,,,,,,135.52655029296875,81.27507019042969,0.85,Tenggara,56.93958282470703,-57.995872497558594,Bergerak ke arah Tenggara sejauh 81.28 km,Tidak Normal,,Tidak Normal,0.9673195900022562,False
2023-12-01 18:39:00,-7.971774103865976,112.3224092550433,4.32,52,Kelud,VolcanoDiscovery,0.0,4,0,2,0,0,4,0,0,0,0,4.32,52,2023-12-01 18:39:00,Unknown,0,1,11.280000000000001,13.30612130177515,29.27346686390533,53.2244852071006,8899.647634334544,-0.4972040784469378,0.8676336233547726,-0.433883739117558,43.2,0,19.685416666666665,0.0,0.0,0.44591029023746714,1.1478260869565218,0.44591029023746775,5.510020407095389,Sedang,5.77,4.18,4.243333333333333,1.5664077800283487,4.208571428571429,1.3716830121111396,0.0,0.0,0.0,0.0,0.0,0.0,70.6629,51.97509843158464,54.04991751801314,16.21603012224164,57.7633067005702,20.879367121674544,13.454999999999998,11.07,11.165,2.3496116700425245,11.112857142857141,2.057524518166719,-7.971774103865976,112.3224092550433,0.43899626249258217,0.43899626249258217,43.9,Aman,8.171654758735027,1.3602714538574219,,2.9597285461425784,0.4607950010403842,,,,,,,,133.76327514648438,87.8292465209961,0.85,Tenggara,63.43061065673828,-60.7497673034668,Bergerak ke arah Tenggara sejauh 87.83 km,Normal,,Normal,0.5392049989596158,False
2023-12-02 09:37:00,-8.167381679616671,112.9021302980953,5.9,39,Semeru,VolcanoDiscovery,0.0,1,0,4,0,0,2,0,0,0,0,5.9,39,2023-12-02 09:37:00,Unknown,0,1,13.650000000000002,18.21865795529257,40.08104750164366,72.87463182117028,16684.093688515673,-0.4822058478963526,0.8760579434344281,-0.9749279121818236,59.0,0,0.6236111111111111,0.0,0.0,1.2796833773087073,0.6956521739130435,1.2796833773087084,-0.23515252995656943,Parah,4.32,2.64,5.330000000000001,0.877097486029924,4.284285714285715,1.458365033669066,0.0,0.0,0.0,0.0,0.0,0.0,53.2244852071006,38.262367346938774,65.58733900942364,10.76350570285558,54.75403981788023,15.662764780810413,11.280000000000001,8.76,12.795000000000002,1.3156462290448974,11.226428571428572,2.1875475505036084,-8.167381679616671,112.9021302980953,0.4782900908887597,0.4782900908887597,47.83,Aman,12.451731860798503,1.3503934144973755,,4.549606585502625,0.012862747881070447,,,,,,,,132.4229736328125,87.39734649658203,0.85,Tenggara,64.5154037475586,-58.95811080932617,Bergerak ke arah Tenggara sejauh 87.40 km,Tidak Normal,,Tidak Normal,0.9871372521189296,False
2023-12-05 11:29:00,-8.009409976570982,112.9017607249276,3.96,57,Bromo,VolcanoDiscovery,0.0,0,0,0,0,0,2,4,0,0,0,3.96,57,2023-12-05 11:29:00,Unknown,0,1,10.739999999999998,12.185279624499843,26.80761517389966,48.74111849799937,7463.471087619002,-0.4363729641045924,0.8997658785476209,0.7818314824680298,39.6,0,3.077777777777778,0.0,0.0,0.25593667546174137,1.3217391304347825,0.2559366754617412,0.5045261891057506,Sedang,5.9,5.77,4.7266666666666675,1.0319560714164837,4.128571428571428,1.4206856158375158,0.0,0.0,0.0,0.0,0.0,0.0,72.87463182117028,70.6629,58.280078508756766,12.836505912970702,52.53441388902301,15.18160021025383,13.650000000000002,13.454999999999998,11.89,1.5479341071247321,10.992857142857144,2.1310284237562827,-8.009409976570982,112.9017607249276,0.16493819371701843,0.16493819371701843,16.49,Aman,6.477676397309183,1.5998096466064453,,2.3601903533935547,0.01637232579326342,,,,,,,,136.9414825439453,85.97586059570312,0.85,Tenggara,58.699588775634766,-62.818843841552734,Bergerak ke arah Tenggara sejauh 85.98 km,Normal,,Normal,0.9836276742067366,False
2023-12-07 06:31:00,-8.091893174518697,112.9310553404775,5.18,23,Semeru,VolcanoDiscovery,0.0,0,0,0,0,0,0,4,2,0,0,5.18,23,2023-12-07 06:31:00,Unknown,0,1,12.57,16.56117533081285,36.434585727788274,66.2447013232514,13786.440961726734,-0.4051645224207563,0.9142437912130223,0.43388373911755823,51.8,0,1.7930555555555556,0.0,0.0,0.8997361477572557,0.1391304347826087,0.8997361477572565,0.11731463555020674,Parah,3.96,4.32,5.013333333333334,0.980680036165387,4.564285714285714,1.1469068131697726,0.0,0.0,0.0,0.0,0.0,0.0,48.74111849799937,53.2244852071006,62.620150547473706,12.468345622999117,57.42647180400644,12.791157595876989,10.739999999999998,11.280000000000001,12.32,1.4710200542480902,11.646428571428572,1.7203602197546752,-8.091893174518697,112.9310553404775,0.7738190972925815,0.7738190972925815,77.38,Terdampak,11.767300005983394,1.538943886756897,,3.6410561132431027,0.0011628107548117272,,,,,,,,135.14895629882812,86.21691131591797,0.85,Tenggara,60.80586624145508,-61.12284469604492,Bergerak ke arah Tenggara sejauh 86.22 km,Tidak Normal,,Tidak Normal,0.9988371892451883,False
2023-12-07 18:10:00,-8.18103729972954,114.0579560510015,3.66,31,Raung,VolcanoDiscovery,0.0,2,5,0,0,0,0,0,2,0,0,3.66,31,2023-12-07 18:10:00,Unknown,0,1,10.29,11.667349375650364,25.668168626430802,46.669397502601456,6842.491414163105,-0.4051645224207563,0.9142437912130223,0.43388373911755823,36.6,0,0.48541666666666666,0.0,0.0,0.09762532981530346,0.41739130434782606,0.0976253298153034,-0.2768039349065982,Sedang,5.18,5.9,4.266666666666667,0.8050672849727155,4.49,1.1919032399206484,0.0,0.0,0.0,0.0,0.0,0.0,66.2447013232514,72.87463182117028,53.8850724412841,10.753758717102901,56.66851452843741,13.314515619645169,12.57,13.650000000000002,11.199999999999998,1.2076009274590764,11.534999999999998,1.7878548598809874,-8.18103729972954,114.0579560510015,0.04152658371051649,0.04152658371051649,4.15,Aman,5.51379296324624,1.5071046352386475,,2.1528953647613527,0.0004732580291531008,,,,,,,,134.1974334716797,86.32347869873047,0.85,Tenggara,61.888919830322266,-60.17893600463867,Bergerak ke arah Tenggara sejauh 86.32 km,Normal,,Normal,0.9995267419708469,False
2023-12-11 04:50:00,-8.124755781246392,112.9575868888153,5.6,26,Semeru,VolcanoDiscovery,0.0,1,0,0,0,0,2,1,0,0,0,5.6,26,2023-12-11 04:50:00,Unknown,0,1,13.2,17.68748520710059,38.912467455621304,70.74994082840236,15725.412073228072,-0.34134651424503615,0.9399375283564133,0.0,56.0,0,3.4444444444444446,0.0,0.0,1.1213720316622688,0.24347826086956523,1.1213720316622693,0.6150384595259275,Parah,3.66,3.96,4.8133333333333335,1.020653385500358,4.912857142857143,0.9203027452187409,0.0,0.0,0.0,0.0,0.0,0.0,46.669397502601456,48.74111849799937,61.22134655141843,12.802097937026494,61.30959645436078,11.345930104278796,10.29,10.739999999999998,12.020000000000001,1.5309800782505445,12.169285714285715,1.3804541178281378,-8.124755781246392,112.9575868888153,0.6846137097947003,0.6846137097947003,68.46,Aman,12.603647351270162,1.3069982528686523,,4.293001747131347,0.0019669837137649138,,,,,,,,134.626953125,84.09911346435547,0.85,Tenggara,59.85297393798828,-59.078609466552734,Bergerak ke arah Tenggara sejauh 84.10 km,Tidak Normal,,Tidak Normal,0.9980330162862351,False
2023-12-12 02:21:00,-8.101678265530204,112.9241676511685,2.66,13,Semeru,VolcanoDiscovery,0.0,0,0,0,0,0,0,0,4,0,0,2.66,13,2023-12-12 02:21:00,Unknown,0,1,8.79,9.765575443786982,21.48426597633136,39.06230177514793,4793.64131056771,-0.3251276029999093,0.9456701548465688,0.7818314824680298,26.6,0,0.8965277777777778,0.0,0.0,-0.4300791556728232,-0.20869565217391303,-0.43007915567282334,-0.15289623776882416,Sedang,5.6,5.18,3.973333333333334,1.494835553943422,4.468571428571429,1.1576330531365675,0.0,0.0,0.0,0.0,0.0,0.0,70.74994082840236,66.2447013232514,52.1605467020506,16.542102551982172,56.79522527938192,13.147761426541923,13.2,12.57,10.76,2.2422533309151333,11.502857142857144,1.7364495797048662,-8.101678265530204,112.9241676511685,0.2503571591015952,0.2503571591015952,25.04,Aman,4.013909564374382,1.4149470329284668,,1.2450529670715333,6.081984693651066e-09,,,,,,,,131.44332885742188,86.63190460205078,0.85,Tenggara,64.94020080566406,-57.3398323059082,Bergerak ke arah Tenggara sejauh 86.63 km,Normal,,Normal,0.9999999939180153,False
2024-01-01 06:30:00,-8.171100439510294,113.992620273323,5.46,66,Raung,VolcanoDiscovery,0.0,4,4,0,0,0,0,0,0,0,0,5.46,66,2024-01-01 06:30:00,Unknown,0,1,12.989999999999998,16.600879017447202,36.521933838383845,66.40351606978881,13852.623301447564,0.017201575418260506,0.9998520419557735,0.0,54.6,0,20.172916666666666,0.0,0.0,1.0474934036939314,1.6347826086956523,1.0474934036939314,5.6569514939040335,Parah,2.66,3.66,4.573333333333334,1.6584731934322425,4.631428571428572,1.212152748507502,0.0,0.0,0.0,0.0,0.0,0.0,39.06230177514793,46.669397502601456,58.73858622444639,17.17818323755023,58.67794397405165,13.490357313293524,8.79,10.29,11.659999999999998,2.487709790148367,11.747142857142858,1.8182291227612697,-8.171100439510294,113.992620273323,0.24072941769953257,0.24072941769953257,24.07,Aman,10.179111128977455,1.3578519821166992,,4.102148017883301,0.030273415575638563,,,,,,,,133.4349822998047,87.72345733642578,0.85,Tenggara,63.70082473754883,-60.312599182128906,Bergerak ke arah Tenggara sejauh 87.72 km,Tidak Normal,,Tidak Normal,0.9697265844243614,False
2024-01-03 04:28:00,-8.011470081902791,112.9760742996792,2.88,48,Bromo,VolcanoDiscovery,0.0,3,3,4,0,0,0,0,4,3,0,2.88,48,2024-01-03 04:28:00,Unknown,0,1,9.120000000000001,9.03779861111111,19.883156944444444,36.15119444444444,4105.7752727335255,0.051584366869408364,0.9986686402879997,0.9749279121818236,28.799999999999997,0,1.9152777777777779,0.0,0.0,-0.31398416886543545,1.008695652173913,-0.31398416886543484,0.15415205902359902,Ringan,5.46,5.6,3.6666666666666665,1.5569628554764354,4.2,1.2227837094106233,0.0,0.0,0.0,0.0,0.0,0.0,66.40351606978881,70.74994082840236,47.20567076312708,16.68941535185127,53.43173863451939,14.1726746942333,12.989999999999998,13.2,10.299999999999999,2.335444283214651,11.099999999999998,1.8341755641159447,-8.011470081902791,112.9760742996792,0.055397275250762615,0.055397275250762615,5.54,Aman,4.065144754733201,1.4358412027359009,,1.444158797264099,1.2822794448474895e-07,,,,,,,,132.06771850585938,86.56196594238281,0.85,Tenggara,64.25957489013672,-57.997249603271484,Bergerak ke arah Tenggara sejauh 86.56 km,Normal,,Normal,0.9999998717720555,False
2024-01-04 02:37:00,-7.92391401153015,112.9717646159504,3.02,20,Bromo,VolcanoDiscovery,0.0,0,2,5,0,0,0,2,0,0,0,3.02,20,2024-01-04 02:37:00,Unknown,0,1,9.33,10.18575,22.40865,40.743,5215.018826155869,0.06875540848113941,0.9976335468520451,0.43388373911755823,30.2,0,0.9229166666666667,0.0,0.0,-0.24010554089709765,0.034782608695652174,-0.2401055408970974,-0.14494270315525082,Sedang,2.88,2.66,3.7866666666666666,1.4508388378222221,4.065714285714286,1.302546955556142,0.0,0.0,0.0,0.0,0.0,0.0,36.15119444444444,39.06230177514793,47.765903504744436,16.30311691544096,52.28915027766234,14.916723622212343,9.120000000000001,8.79,10.479999999999999,2.1762582567333317,10.89857142857143,1.9538204333342204,-7.92391401153015,112.9717646159504,0.16478507581194077,0.16478507581194077,16.48,Aman,4.554008274560286,1.3303306102752686,,1.6896693897247315,4.758178069330654e-07,,,,,,,,132.10426330566406,86.10404968261719,0.85,Tenggara,63.882835388183594,-57.731197357177734,Bergerak ke arah Tenggara sejauh 86.10 km,Normal,,Normal,0.9999995241821931,False
2024-01-05 15:23:00,-8.066268837962369,112.8871539780044,3.89,13,Semeru,VolcanoDiscovery,0.0,3,0,2,0,0,0,2,0,2,0,3.89,13,2024-01-05 15:23:00,Unknown,0,1,10.635,13.551373520710058,29.81302174556213,54.20549408284023,9230.739340179662,0.08590610426133272,0.9963032375991965,-0.433883739117558,38.9,0,1.5319444444444446,0.0,0.0,0.21899736147757257,-0.20869565217391303,0.2189973614775728,0.03861650358432324,Parah,3.02,5.46,3.2633333333333336,0.5472050194701559,3.8814285714285717,1.2063226291976321,0.0,0.0,0.0,0.0,0.0,0.0,40.743,66.40351606978881,43.69989617576158,9.383328839166001,50.56926352903218,13.682475149655316,9.33,12.989999999999998,9.695,0.8208075292052275,10.622142857142856,1.8094839437964532,-8.066268837962369,112.8871539780044,0.39798348657834837,0.39798348657834837,39.8,Aman,7.010527126699311,1.2717732191085815,,2.6182267808914186,0.011109327914952338,,,,,,,,137.3930206298828,80.37617492675781,0.85,Tenggara,54.411903381347656,-59.158042907714844,Bergerak ke arah Tenggara sejauh 80.38 km,Normal,,Normal,0.9888906720850477,False
2024-01-06 13:12:00,-7.873646567842082,112.9336596524013,3.05,9,Bromo,VolcanoDiscovery,0.0,5,0,3,0,0,0,3,0,4,0,3.05,9,2024-01-06 13:12:00,Unknown,0,1,9.375,11.861859567901233,26.096091049382714,47.44743827160493,7072.539987771204,0.10303137904317879,0.9946781061893646,-0.9749279121818236,30.5,0,0.9090277777777778,0.0,0.0,-0.22427440633245396,-0.34782608695652173,-0.22427440633245363,-0.14912877400449998,Sedang,3.89,2.88,3.3200000000000003,0.4938623289946305,3.7942857142857145,1.2463527743360785,0.0,0.0,0.0,0.0,0.0,0.0,54.20549408284023,36.15119444444444,47.465310784815074,6.731264836765626,50.68041221031839,13.64863312468781,10.635,9.120000000000001,9.78,0.7407934934919398,10.491428571428571,1.8695291615041212,-7.873646567842082,112.9336596524013,0.1154000906713484,0.1154000906713484,11.54,Aman,4.507672072247456,1.3161494731903076,,1.7338505268096922,6.094871228823351e-07,,,,,,,,133.63751220703125,84.88546752929688,0.85,Tenggara,61.433326721191406,-58.578914642333984,Bergerak ke arah Tenggara sejauh 84.89 km,Normal,,Normal,0.9999993905128771,False
2024-01-10 07:50:00,-8.05789618347148,114.2442270613288,3.49,10,Ijen,VolcanoDiscovery,0.0,0,0,0,0,0,0,0,1,0,0,3.49,10,2024-01-10 07:50:00,Unknown,0,1,10.035,12.937625000000002,28.462775000000008,51.75050000000001,8413.544054059541,0.17117705961019986,0.985240282501282,0.9749279121818236,34.900000000000006,0,3.776388888888889,0.0,0.0,0.007915567282321965,-0.3130434782608696,0.007915567282322202,0.7150855528229816,Sedang,3.05,3.02,3.476666666666667,0.42015870017570106,3.492857142857143,0.9588485157679895,0.0,0.0,0.0,0.0,0.0,0.0,47.44743827160493,40.743,51.13447745148175,3.4208832809901835,47.96620637768948,10.52379710344091,9.375,9.33,10.014999999999999,0.6302380502635477,10.039285714285715,1.4382727736519836,-8.05789618347148,114.2442270613288,0.5098130692164109,0.5098130692164109,50.98,Aman,6.372127189100351,1.2826353311538696,,2.2073646688461306,0.0007480393404661889,,,,,,,,135.94076538085938,80.64694213867188,0.85,Tenggara,56.08202362060547,-57.9546012878418,Bergerak ke arah Tenggara sejauh 80.65 km,Normal,,Normal,0.9992519606595338,False
2024-01-10 19:51:00,-8.105102068961225,112.8616104178472,3.14,31,Semeru,VolcanoDiscovery,0.0,0,1,3,0,0,4,0,5,2,0,3.14,31,2024-01-10 19:51:00,Unknown,0,1,9.51,10.101688085327783,22.223713787721124,40.40675234131113,5129.296027674541,0.17117705961019986,0.985240282501282,0.9749279121818236,31.400000000000002,0,0.5006944444444444,0.0,0.0,-0.1767810026385224,0.41739130434782606,-0.17678100263852228,-0.2721992569724242,Sedang,3.49,3.89,3.226666666666667,0.23245071162148223,3.5614285714285714,0.9050124966251126,0.0,0.0,0.0,0.0,0.0,0.0,51.75050000000001,54.20549408284023,46.53489687097204,5.726665835537141,48.158270744284216,10.344962058548886,10.035,10.635,9.64,0.34867606743220697,10.142142857142858,1.3575187449376696,-8.105102068961225,112.8616104178472,0.1044816757140225,0.1044816757140225,10.45,Aman,4.657187202748844,1.4206725358963013,,1.7193274641036989,2.150882470908222e-06,,,,,,,,131.6144561767578,86.61273956298828,0.85,Tenggara,64.75433349609375,-57.52080535888672,Bergerak ke arah Tenggara sejauh 86.61 km,Normal,,Normal,0.9999978491175291,False
2024-01-11 00:05:00,-8.000325151151841,112.3036940556044,5.99,3,Kelud,VolcanoDiscovery,0.0,2,1,0,0,0,3,2,4,0,0,5.99,3,2024-01-11 00:05:00,Unknown,0,1,13.785,28.434819444444443,62.55660277777778,113.73927777777777,40641.60075110248,0.18809941761179758,0.9821499931752291,0.43388373911755823,59.900000000000006,0,0.1763888888888889,0.0,0.0,1.3271767810026385,-0.5565217391304348,1.3271767810026391,-0.3699440113023912,Parah,3.14,3.05,4.206666666666667,1.5542951242712364,3.6371428571428575,1.092973227572605,0.0,0.0,0.0,0.0,0.0,0.0,40.40675234131113,47.44743827160493,68.63217670636298,39.47351109334112,54.92052241685407,26.739460891829157,9.51,9.375,11.11,2.331442686406859,10.255714285714287,1.6394598413589094,-8.000325151151841,112.3036940556044,0.4106335357877664,0.4106335357877664,41.06,Aman,12.35253427013556,1.3007829189300537,,4.6892170810699465,0.022494709948563285,,,,,,,,135.2989501953125,83.56503295898438,0.85,Tenggara,58.780296325683594,-59.39690017700195,Bergerak ke arah Tenggara sejauh 83.57 km,Tidak Normal,,Tidak Normal,0.9775052900514367,False
2024-02-02 01:06:00,-7.912199358679215,112.2966694936779,3.25,15,Kelud,VolcanoDiscovery,0.0,0,0,0,0,0,0,0,0,0,0,3.25,15,2024-02-02 01:06:00,Unknown,0,1,9.675,11.31423611111111,24.891319444444445,45.25694444444444,6434.581862986544,0.5376773767406141,0.8431506618282,-0.433883739117558,32.5,0,22.042361111111113,0.0,0.0,-0.11873350923482855,-0.1391304347826087,-0.11873350923482802,6.220396630212966,Sedang,5.99,3.49,4.126666666666668,1.614631020801142,3.69,1.0586626784139828,0.0,0.0,0.0,0.0,0.0,0.0,113.73927777777777,51.75050000000001,66.46765818784446,41.01018903700457,56.2213438454255,25.88192652761032,13.785,10.035,10.99,2.421946531201716,10.334999999999999,1.587994017620977,-7.912199358679215,112.2966694936779,0.30164777908992546,0.30164777908992546,30.16,Aman,5.326687734368382,1.3683496713638306,,1.8816503286361694,1.2386411093023852e-05,,,,,,,,133.69406127929688,87.77420806884766,0.85,Tenggara,63.46415710449219,-60.63507080078125,Bergerak ke arah Tenggara sejauh 87.77 km,Normal,,Normal,0.999987613588907,False
2024-02-05 13:37:00,-7.937471372250961,112.9825023363517,2.84,6,Bromo,VolcanoDiscovery,0.0,0,0,5,0,0,3,0,3,4,0,2.84,6,2024-02-05 13:37:00,Unknown,0,1,9.059999999999999,12.692944444444445,27.92447777777778,50.77177777777778,8098.314034857387,0.580454927809098,0.8142923779467267,0.0,28.4,0,3.5215277777777776,0.0,0.0,-0.33509234828496054,-0.45217391304347826,-0.3350923482849607,0.63827115273926,Sedang,3.25,3.14,4.026666666666667,1.7126100937847288,3.664285714285714,1.0796273607570528,0.0,0.0,0.0,0.0,0.0,0.0,45.25694444444444,40.40675234131113,69.92266666666669,38.0463520409036,57.65402638510805,25.149537146156952,9.675,9.51,10.840000000000002,2.568915140677096,10.296428571428573,1.6194410411355817,-7.937471372250961,112.9825023363517,0.261235484213491,0.261235484213491,26.12,Aman,4.391669388836384,1.2966783046722412,,1.5433216953277586,8.551363162023762e-08,,,,,,,,135.41311645507812,82.85014343261719,0.85,Tenggara,58.159976959228516,-59.00477600097656,Bergerak ke arah Tenggara sejauh 82.85 km,Normal,,Normal,0.9999999144863684,False
2024-02-06 09:36:00,-8.047225075442757,114.2877632761703,5.05,11,Ijen,VolcanoDiscovery,0.0,0,5,3,0,0,0,0,0,2,0,5.05,11,2024-02-06 09:36:00,Unknown,0,1,12.375,17.52736053719008,38.56019318181818,70.10944214876032,15441.976802355046,0.5943761565849831,0.804187157621448,0.7818314824680298,50.5,0,0.8326388888888889,0.0,0.0,0.8311345646437993,-0.2782608695652174,0.8311345646437999,-0.17215216367537012,Parah,2.84,5.99,3.7133333333333334,1.1755991380284927,3.8299999999999996,1.2021231218140687,0.0,0.0,0.0,0.0,0.0,0.0,50.77177777777778,113.73927777777777,55.37938812366087,13.051215091338268,59.926018965953766,25.501982494142485,9.059999999999999,13.785,10.37,1.763398707042741,10.545,1.8031846827211073,-8.047225075442757,114.2877632761703,0.47111676279536696,0.47111676279536696,47.11,Aman,10.142431018668294,1.252573013305664,,3.7974269866943358,0.061049872400036675,,,,,,,,139.95999145507812,79.8974838256836,0.85,Tenggara,51.39984130859375,-61.16914367675781,Bergerak ke arah Tenggara sejauh 79.90 km,Normal,,Tidak Normal,0.9389501275999633,False
2024-02-07 12:38:00,-8.100219396753372,114.0504285498141,5.13,44,Raung,VolcanoDiscovery,0.0,0,0,0,0,0,0,0,5,3,0,5.13,44,2024-02-07 12:38:00,Unknown,0,1,12.495000000000001,15.8265402892562,34.81838863636364,63.3061611570248,12590.466757055687,0.6081214998935418,0.7938439653781019,0.9749279121818236,51.3,0,1.1263888888888889,0.0,0.0,0.8733509234828495,0.8695652173913043,0.8733509234828504,-0.08361676521375119,Parah,5.05,3.25,4.34,1.2996538000560016,4.127142857142857,1.2338383779317075,0.0,0.0,0.0,0.0,0.0,0.0,70.10944214876032,45.25694444444444,61.39579369452099,9.809354908073123,62.19155080672804,24.90611909492942,12.375,9.675,11.31,1.9494807000840098,10.990714285714287,1.8507575668975689,-8.100219396753372,114.0504285498141,0.3740531054307709,0.3740531054307709,37.41,Aman,9.945188256743686,1.216564655303955,,3.913435344696045,0.05991166558310557,,,,,,,,142.43862915039062,79.6742172241211,0.85,Tenggara,48.57027816772461,-63.157814025878906,Bergerak ke arah Tenggara sejauh 79.67 km,Tidak Normal,,Tidak Normal,0.9400883344168944,False
2024-02-09 01:26:00,-8.104540443764295,114.037395294935,3.81,11,Raung,VolcanoDiscovery,0.0,0,0,0,0,0,0,0,0,0,0,3.81,11,2024-02-09 01:26:00,Unknown,0,1,10.515,13.684769628099174,30.106493181818184,54.739078512396695,9413.363663660264,0.6350683134867438,0.7724559775191742,-0.433883739117558,38.1,0,1.5333333333333334,0.0,0.0,0.1767810026385224,-0.2782608695652174,0.17678100263852292,0.039035110669248155,Parah,5.13,2.84,4.663333333333333,0.740090084606827,4.172857142857143,1.2120329242738472,0.0,0.0,0.0,0.0,0.0,0.0,63.3061611570248,50.77177777777778,62.71822727272729,7.702030204286545,62.61849059421328,24.72224527458008,12.495000000000001,9.059999999999999,11.795,1.1101351269102562,11.059285714285716,1.8180493864107794,-8.104540443764295,114.037395294935,0.2551888350351387,0.2551888350351387,25.52,Aman,6.4173449653263415,1.2978763580322266,,2.5121236419677735,0.002472090734463861,,,,,,,,135.39674377441406,83.07743072509766,0.85,Tenggara,58.33644104003906,-59.14997482299805,Bergerak ke arah Tenggara sejauh 83.08 km,Normal,,Normal,0.9975279092655361,False
2024-03-01 04:36:00,-7.88777437761002,113.0202211455498,4.75,63,Bromo,VolcanoDiscovery,0.0,1,0,0,0,0,0,5,0,0,0,4.75,63,2024-03-01 04:36:00,Unknown,0,1,11.925,14.500981827916352,31.902160021415977,58.00392731166541,10569.748944694551,0.8670985522812081,0.4981366284784055,-0.433883739117558,47.5,0,21.131944444444443,0.0,0.0,0.6728232189973614,1.5304347826086957,0.6728232189973621,5.9459996860446855,Parah,3.81,5.05,4.5633333333333335,0.6795096271086524,4.402857142857143,1.1335889067575664,0.0,0.0,0.0,0.0,0.0,0.0,54.739078512396695,70.10944214876032,58.68305566036232,4.32372961058816,65.13237273283532,22.915904676025065,10.515,12.375,11.645000000000001,1.019264440662994,11.404285714285715,1.7003833601363623,-7.88777437761002,113.0202211455498,0.15402688732584668,0.15402688732584668,15.4,Aman,8.164372606269675,1.3059922456741333,,3.4440077543258667,0.27734722933029665,,,,,,,,134.73570251464844,84.01266479492188,0.85,Tenggara,59.679325103759766,-59.13125991821289,Bergerak ke arah Tenggara sejauh 84.01 km,Tidak Normal,,Tidak Normal,0.7226527706697033,False
2024-03-02 04:29:00,-7.936634969137002,112.3163079795432,1.89,6,Kelud,VolcanoDiscovery,0.0,0,0,0,0,0,0,0,4,0,0,1.89,6,2024-03-02 04:29:00,Unknown,0,1,7.635,9.641069444444446,21.210352777777782,38.56427777777778,4672.1876544635525,0.8755389928586302,0.4831474640149687,-0.9749279121818236,18.9,0,0.9951388888888889,0.0,0.0,-0.8364116094986809,-0.45217391304347826,-0.8364116094986808,-0.1231751347391554,Sedang,4.75,5.13,3.483333333333334,1.457715107053959,3.817142857142857,1.2318105141851754,0.0,0.0,0.0,0.0,0.0,0.0,58.00392731166541,63.3061611570248,50.43576120061331,10.409798192785448,54.3930870185496,10.69843267839947,11.925,12.495000000000001,10.025,2.186572660580937,10.525714285714287,1.8477157712777674,-7.936634969137002,112.3163079795432,0.13343649140874606,0.13343649140874606,13.34,Aman,3.0,1.372070550918579,,0.5179294490814208,3.197442310920451e-14,,,,,,,,133.33740234375,87.63510131835938,0.85,Tenggara,63.73919677734375,-60.14337921142578,Bergerak ke arah Tenggara sejauh 87.64 km,Normal,,Normal,0.999999999999968,False
2024-03-07 08:54:00,-8.157806450861123,114.0981533961888,4.1,68,Raung,VolcanoDiscovery,0.0,2,0,0,0,0,0,0,1,5,0,4.1,68,2024-03-07 08:54:00,Unknown,0,1,10.95,12.529294982698962,27.56444896193772,50.11717993079585,7890.837932584676,0.9138076496466615,0.4061472386305789,0.43388373911755823,41.0,0,5.184027777777778,0.0,0.0,0.3298153034300789,1.7043478260869565,0.32981530343007925,1.1393438333943802,Sedang,1.89,3.81,3.5799999999999996,1.499233137307204,3.938571428571428,1.2082553340999391,0.0,0.0,0.0,0.0,0.0,0.0,38.56427777777778,54.739078512396695,48.89512834007969,9.777272169060113,55.08740637374267,10.150357098523104,7.635,10.515,10.17,2.2488497059608052,10.707857142857142,1.812383001149915,-8.157806450861123,114.0981533961888,0.01577167762630575,0.01577167762630575,1.58,Aman,6.310014496357405,1.273291826248169,,2.8267081737518307,0.04909206702094093,,,,,,,,137.18997192382812,80.41402435302734,0.85,Tenggara,54.64693069458008,-58.992610931396484,Bergerak ke arah Tenggara sejauh 80.41 km,Normal,,Normal,0.9509079329790591,False
2024-03-08 09:53:00,-8.045121035454324,114.1891470906485,4.55,49,Ijen,VolcanoDiscovery,0.0,0,1,3,0,0,4,1,3,0,0,4.55,49,2024-03-08 09:53:00,Unknown,0,1,11.625,14.025886870054142,30.856951114119116,56.10354748021657,9888.502294419786,0.9206588168102428,0.3903682146763026,-0.433883739117558,45.5,0,1.0409722222222222,0.0,0.0,0.567282321899736,1.0434782608695652,0.5672823218997365,-0.1093611009366333,Parah,4.1,4.75,3.513333333333333,1.4237392083290166,4.182857142857142,1.118670554508258,0.0,0.0,0.0,0.0,0.0,0.0,50.11717993079585,58.00392731166541,48.26166839626342,8.915642866042433,55.84908775980534,9.971001940611469,10.95,11.925,10.07,2.1356088124935235,11.074285714285713,1.678005831762397,-8.045121035454324,114.1891470906485,0.2670076830358885,0.2670076830358885,26.7,Aman,8.125270198701706,1.260697364807129,,3.289302635192871,0.48221992307891415,,,,,,,,138.873779296875,80.10003662109375,0.85,Tenggara,52.68339920043945,-60.33634948730469,Bergerak ke arah Tenggara sejauh 80.10 km,Normal,,Normal,0.5177800769210859,False
2024-04-03 06:37:00,-7.998494662672212,114.1833782534553,2.48,3,Ijen,VolcanoDiscovery,0.0,0,0,3,0,0,4,2,0,4,0,2.48,3,2024-04-03 06:37:00,Unknown,0,1,8.52,16.281444444444443,35.819177777777774,65.12577777777777,13324.64719211249,0.9989315138848577,-0.046215046983708354,0.9749279121818236,24.8,0,25.863888888888887,0.0,0.0,-0.5250659630606861,-0.5565217391304348,-0.525065963060686,7.3721940243838615,Sedang,4.55,1.89,3.7099999999999995,1.0887148386974443,3.815714285714286,1.2050429749301785,0.0,0.0,0.0,0.0,0.0,0.0,56.10354748021657,38.56427777777778,57.11550172959674,7.5552988614110355,55.13713570680784,8.903898196002467,11.625,7.635,10.365,1.6330722580461676,10.523571428571428,1.807564462395272,-7.998494662672212,114.1833782534553,0.27782212320313393,0.27782212320313393,27.78,Aman,3.709172199902539,1.4663963317871094,,1.0136036682128906,1.2682157546350936e-09,,,,,,,,132.9809112548828,86.459716796875,0.85,Tenggara,63.25227355957031,-58.94432067871094,Bergerak ke arah Tenggara sejauh 86.46 km,Normal,,Normal,0.9999999987317842,False
2024-04-03 23:23:00,-8.042034789585774,112.9476496505739,4.72,55,Semeru,VolcanoDiscovery,0.0,0,3,0,0,0,1,0,0,0,0,4.72,55,2024-04-03 23:23:00,Unknown,0,1,11.879999999999999,14.474123966942148,31.84307272727273,57.89649586776859,10530.631875602865,0.9989315138848577,-0.046215046983708354,0.9749279121818236,47.199999999999996,0,0.6986111111111111,0.0,0.0,0.6569920844327175,1.2521739130434784,0.6569920844327177,-0.2125477473706242,Parah,2.48,4.1,3.9166666666666665,1.2470899459675457,3.7571428571428567,1.1386499943019421,0.0,0.0,0.0,0.0,0.0,0.0,65.12577777777777,50.11717993079585,59.70860704192099,4.776292502158508,54.364326379771235,8.290324384572026,8.52,10.95,10.674999999999999,1.8706349189513218,10.435714285714285,1.7079749914529163,-8.042034789585774,112.9476496505739,0.29987886284176224,0.29987886284176224,29.99,Aman,8.645688108868221,1.3955000638961792,,3.3244999361038206,0.23034083607060962,,,,,,,,131.0919647216797,86.75920104980469,0.85,Tenggara,65.38656616210938,-57.024173736572266,Bergerak ke arah Tenggara sejauh 86.76 km,Tidak Normal,,Tidak Normal,0.7696591639293904,False
2024-04-07 22:03:00,-8.024959842315578,114.2371072727017,2.68,58,Ijen,VolcanoDiscovery,0.0,0,3,3,0,0,3,0,2,0,0,2.68,58,2024-04-07 22:03:00,Unknown,0,1,8.82,8.35230023781213,18.37506052318669,33.40920095124852,3506.5662634066944,0.9933900548258936,-0.11478762552212701,-0.7818314824680299,26.8,0,3.9444444444444446,0.0,0.0,-0.41952506596306066,1.3565217391304347,-0.41952506596306044,0.7657370100988959,Ringan,4.72,4.55,3.293333333333333,1.2395698178534893,3.5957142857142856,1.2079025504686107,0.0,0.0,0.0,0.0,0.0,0.0,57.89649586776859,56.10354748021657,52.14382486559831,16.622431505128688,51.31720101389293,11.448135961843562,11.879999999999999,11.625,9.74,1.8593547267802302,10.19357142857143,1.8118538257029166,-8.024959842315578,114.2371072727017,0.015244810570015045,0.015244810570015045,1.52,Aman,3.6297193615411016,1.3850157260894775,,1.2949842739105226,1.1785500575456354e-08,,,,,,,,132.0968017578125,87.15116119384766,0.85,Tenggara,64.66731262207031,-58.42484664916992,Bergerak ke arah Tenggara sejauh 87.15 km,Normal,,Normal,0.9999999882144994,False
2024-04-08 22:02:00,-8.137549281316113,112.86153844192,4.65,42,Semeru,VolcanoDiscovery,0.0,4,4,0,0,0,3,4,0,0,0,4.65,42,2024-04-08 22:02:00,Unknown,0,1,11.775,14.417603458049888,31.718727607709756,57.67041383219955,10448.54959250875,0.9912685467787256,-0.13185851571739118,0.0,46.5,0,0.9993055555555556,0.0,0.0,0.6200527704485489,0.8,0.6200527704485493,-0.12191931348438066,Parah,2.68,2.48,4.016666666666667,1.158116286619499,3.5814285714285714,1.1924684282533249,0.0,0.0,0.0,0.0,0.0,0.0,33.40920095124852,65.12577777777777,49.65870355040557,14.072936058680654,51.2695562311121,11.416318848919916,8.82,8.52,10.825000000000001,1.7371744299292524,10.172142857142857,1.7887026423799879,-8.137549281316113,112.86153844192,0.24014137022469303,0.24014137022469303,24.01,Aman,8.259129383810546,1.2935638427734375,,3.356436157226563,0.4653721455948293,,,,,,,,135.45567321777344,82.2593002319336,0.85,Tenggara,57.701683044433594,-58.62685012817383,Bergerak ke arah Tenggara sejauh 82.26 km,Tidak Normal,,Tidak Normal,0.5346278544051707,False
2024-04-09 04:55:00,-8.00847029556742,114.2071911455769,4.5,44,Ijen,VolcanoDiscovery,0.0,5,2,0,0,0,4,0,0,0,0,4.5,44,2024-04-09 04:55:00,Unknown,0,1,11.55,13.938688016528927,30.665113636363643,55.75475206611571,9765.930977585616,0.9888537064205885,-0.1488903868564548,0.7818314824680298,45.0,0,0.28680555555555554,0.0,0.0,0.5408970976253298,0.8695652173913043,0.5408970976253304,-0.33666474805086066,Parah,4.65,4.72,3.9433333333333334,1.0966464030549399,3.954285714285714,0.9610386246635676,0.0,0.0,0.0,0.0,0.0,0.0,57.67041383219955,57.89649586776859,48.944788949854605,13.48826567232933,53.72533827230321,9.987248865644801,11.775,11.879999999999999,10.715000000000002,1.6449696045824131,10.731428571428571,1.4415579369953588,-8.00847029556742,114.2071911455769,0.3775429603080981,0.3775429603080981,37.75,Aman,8.399910239795863,1.3339543342590332,,3.166045665740967,0.4473321686562778,,,,,,,,131.71243286132812,86.41543579101562,0.85,Tenggara,64.50859069824219,-57.50016403198242,Bergerak ke arah Tenggara sejauh 86.42 km,Normal,,Tidak Normal,0.5526678313437222,False
2024-04-09 15:45:00,-8.131073633563181,112.9070300732996,3.62,30,Semeru,VolcanoDiscovery,0.0,0,2,2,0,0,0,0,3,2,0,3.62,30,2024-04-09 15:45:00,Unknown,0,1,10.23,11.574694444444443,25.464327777777775,46.29877777777777,6734.245201791681,0.9888537064205885,-0.1488903868564548,0.7818314824680298,36.2,0,0.4513888888888889,0.0,0.0,0.07651715039577837,0.3826086956521739,0.07651715039577878,-0.2870598084872586,Sedang,4.5,2.68,4.256666666666667,0.5564470624716598,3.8857142857142857,0.9660203093596126,0.0,0.0,0.0,0.0,0.0,0.0,55.75475206611571,33.40920095124852,53.241314558697695,6.088230672069795,53.179852250443496,10.316030798285798,11.55,8.82,11.185,0.8346705937075037,10.628571428571428,1.4490304640394251,-8.131073633563181,112.9070300732996,0.28352931208168625,0.28352931208168625,28.35,Aman,6.079918206812155,1.396164059638977,,2.223835940361023,0.0006472880221020105,,,,,,,,131.02833557128906,86.73436737060547,0.85,Tenggara,65.43109893798828,-56.935237884521484,Bergerak ke arah Tenggara sejauh 86.73 km,Normal,,Normal,0.999352711977898,False
2024-04-12 07:48:00,-8.023803246885523,114.2750934554324,5.67,51,Ijen,VolcanoDiscovery,0.0,4,0,5,0,0,4,0,3,4,0,5.67,51,2024-04-12 07:48:00,Unknown,0,1,13.305,17.355239282968085,38.18152642252979,69.42095713187234,15140.180994323982,0.9798567700958665,-0.1997015525660636,-0.433883739117558,56.7,0,2.66875,0.0,0.0,1.158311345646438,1.1130434782608696,1.1583113456464385,0.381246402595364,Parah,3.62,4.65,4.596666666666667,1.0284130169019357,4.045714285714285,1.1663598235944352,0.0,0.0,0.0,0.0,0.0,0.0,46.29877777777777,57.67041383219955,57.15816232525528,11.624799559017156,55.08233934353718,12.030601554538222,10.23,11.775,11.695,1.5426195253529147,10.868571428571428,1.7495397353916602,-8.023803246885523,114.2750934554324,0.3671223481953692,0.3671223481953692,36.71,Aman,11.294023486884472,1.405875563621521,,4.264124436378479,0.020453812738380983,,,,,,,,131.17225646972656,86.6622543334961,0.85,Tenggara,65.23361206054688,-57.05192947387695,Bergerak ke arah Tenggara sejauh 86.66 km,Normal,,Tidak Normal,0.979546187261619,False
2024-04-12 10:11:00,-8.061606008368768,114.249179533029,1.28,16,Ijen,VolcanoDiscovery,0.0,0,0,0,0,1,0,0,0,0,0,1.28,16,2024-04-12 10:11:00,Unknown,0,1,6.72,5.1854375,11.4079625,20.74175,1351.5765979511323,0.9798567700958665,-0.1997015525660636,-0.433883739117558,12.8,0,0.09930555555555555,0.0,0.0,-1.1583113456464382,-0.10434782608695652,-1.158311345646438,-0.39317670451572384,Ringan,5.67,4.5,3.5233333333333334,2.1965958511600023,3.874285714285714,1.48067391349184,0.0,0.0,0.0,0.0,0.0,0.0,69.42095713187234,55.75475206611571,45.48716163655005,24.349750354315002,48.741763946711785,16.660319069191665,13.305,11.55,10.084999999999999,3.2948937767400035,10.611428571428572,2.2210108702377642,-8.061606008368768,114.249179533029,0.06865116092934762,0.06865116092934762,6.87,Aman,3.0,1.508226752281189,,0.22822675228118894,0.0,,,,,,,,134.2310028076172,86.31971740722656,0.85,Tenggara,61.850948333740234,-60.21257019042969,Bergerak ke arah Tenggara sejauh 86.32 km,Normal,,Normal,1.0,False
2024-05-01 20:42:00,-7.990460546655592,114.2506800972694,4.12,23,Ijen,VolcanoDiscovery,0.0,2,0,0,0,0,4,0,0,1,0,4.12,23,2024-05-01 20:42:00,Unknown,0,1,10.98,13.351794896030244,29.373948771266537,53.407179584120975,8960.849018316785,0.8638670987837349,-0.503719798736334,0.9749279121818236,41.2,0,19.438194444444445,0.0,0.0,0.3403693931398417,0.1391304347826087,0.34036939313984216,5.435508345978755,Parah,1.28,3.62,3.69,2.226364749990442,3.7885714285714287,1.4403752817862974,0.0,0.0,0.0,0.0,0.0,0.0,20.74175,46.29877777777777,47.85662890533112,24.809731183051905,48.100433049047844,16.332356628305387,6.72,10.23,10.334999999999999,3.3395471249856636,10.482857142857144,2.160562922679449,-7.990460546655592,114.2506800972694,0.3192776159096441,0.3192776159096441,31.93,Aman,7.3061590400236955,1.3200290203094482,,2.799970979690552,0.04312523746519137,,,,,,,,133.2180633544922,85.21883392333984,0.85,Tenggara,62.10346984863281,-58.35588455200195,Bergerak ke arah Tenggara sejauh 85.22 km,Normal,,Normal,0.9568747625348086,False
2024-05-03 03:36:00,-8.13201671479023,114.1071615649905,2.87,17,Raung,VolcanoDiscovery,0.0,0,5,5,0,0,1,0,0,0,0,2.87,17,2024-05-03 03:36:00,Unknown,0,1,9.105,9.951977076124566,21.894349567474045,39.80790830449826,4978.386259308203,0.8460288880917339,-0.533137056031809,-0.433883739117558,28.700000000000003,0,1.2875,0.0,0.0,-0.31926121372031663,-0.06956521739130435,-0.3192612137203163,-0.03505834336246133,Sedang,4.12,5.67,2.7566666666666664,1.4233879770931508,3.815714285714286,1.4176136890664446,0.0,0.0,0.0,0.0,0.0,0.0,53.407179584120975,69.42095713187234,37.98561262953976,16.408782514983464,49.01453409951209,15.532545612247233,10.98,13.305,8.935,2.13508196563972,10.523571428571428,2.1264205335996706,-8.13201671479023,114.1071615649905,0.002612135008421023,0.002612135008421023,0.26,Aman,3.9428777655331113,1.3590258359909058,,1.5109741640090943,5.513748946306407e-08,,,,,,,,133.59429931640625,87.7747802734375,0.85,Tenggara,63.57005310058594,-60.524871826171875,Bergerak ke arah Tenggara sejauh 87.77 km,Normal,,Normal,0.9999999448625105,False
2024-05-07 03:39:00,-8.078093275306403,113.9782563164193,4.04,60,Raung,VolcanoDiscovery,0.0,4,0,0,0,0,1,0,0,5,0,4.04,60,2024-05-07 03:39:00,Unknown,0,1,10.86,12.401444444444445,27.283177777777784,49.60577777777778,7730.62130881306,0.8073707443023492,-0.5900444739548627,0.7818314824680298,40.4,0,4.002083333333333,0.0,0.0,0.29815303430079154,1.4260869565217391,0.29815303430079165,0.7831092041232798,Sedang,2.87,1.28,3.676666666666667,0.6997380462239686,3.7285714285714286,1.3759170102326745,0.0,0.0,0.0,0.0,0.0,0.0,39.80790830449826,20.74175,47.60695522213236,7.016517194514306,47.86244323459469,15.0758856057856,9.105,6.72,10.315,1.0496070693359556,10.392857142857142,2.063875515349014,-8.078093275306403,113.9782563164193,0.04977932115884454,0.04977932115884454,4.98,Aman,6.294668832849008,1.215377688407898,,2.824622311592102,0.023697371278156854,,,,,,,,142.47360229492188,79.68461608886719,0.85,Tenggara,48.53804016113281,-63.195701599121094,Bergerak ke arah Tenggara sejauh 79.68 km,Normal,,Normal,0.9763026287218431,False
2024-05-08 07:16:00,-8.111058122088533,114.0234304885134,1.08,11,Raung,VolcanoDiscovery,0.0,0,0,0,0,0,0,0,0,0,0,1.08,11,2024-05-08 07:16:00,Unknown,0,1,6.42,5.224871900826447,11.494718181818184,20.899487603305786,1372.2118006367307,0.7971015927871943,-0.6038452208771035,0.9749279121818236,10.8,0,1.1506944444444445,0.0,0.0,-1.2638522427440633,-0.2782608695652174,-1.2638522427440635,-0.07629114122756521,Ringan,4.04,4.12,2.6633333333333336,1.4907827921375172,3.2400000000000007,1.6384850726611255,0.0,0.0,0.0,0.0,0.0,0.0,49.60577777777778,53.407179584120975,36.771057895193955,14.592108113690157,42.88311973990756,17.582428544913554,10.86,10.98,8.795,2.2361741882062685,9.66,2.4577276089916857,-8.111058122088533,114.0234304885134,0.013644368118605433,0.013644368118605433,1.36,Aman,3.0,1.3507567644119263,,0.2707567644119262,0.0,,,,,,,,132.4722900390625,87.4132308959961,0.85,Tenggara,64.47634887695312,-59.02434158325195,Bergerak ke arah Tenggara sejauh 87.41 km,Normal,,Normal,1.0,False
2024-05-10 18:50:00,-8.139932802609385,114.0330135952841,3.8,64,Raung,VolcanoDiscovery,0.0,2,2,4,0,0,0,0,0,0,0,3.8,64,2024-05-10 18:50:00,Unknown,0,1,10.5,11.65759765625,25.64671484375,46.630390625,6831.058111040267,0.7758587728069828,-0.6309066211876704,-0.433883739117558,38.0,0,2.4819444444444443,0.0,0.0,0.17150395778364103,1.565217391304348,0.17150395778364144,0.3249437496729632,Sedang,1.08,2.87,2.973333333333333,1.6440600151251574,3.2657142857142856,1.6468339032100066,0.0,0.0,0.0,0.0,0.0,0.0,20.899487603305786,39.80790830449826,39.04521866869453,15.78492632546301,42.93049300379646,17.593608550141248,6.42,9.105,9.26,2.4660900226877325,9.698571428571428,2.4702508548150077,-8.139932802609385,114.0330135952841,0.1432594059246025,0.1432594059246025,14.33,Aman,6.078038102441926,1.254589557647705,,2.5454104423522947,0.004742651913647866,,,,,,,,139.6903839111328,79.94775390625,0.85,Tenggara,51.71962356567383,-60.96493911743164,Bergerak ke arah Tenggara sejauh 79.95 km,Normal,,Normal,0.9952573480863521,False
2024-06-05 07:12:00,-7.899155800687413,112.9597841791072,2.71,48,Bromo,VolcanoDiscovery,0.0,0,0,0,0,0,2,0,0,0,0,2.71,48,2024-06-05 07:12:00,Unknown,0,1,8.864999999999998,8.528861111111109,18.76349444444444,34.115444444444435,3656.385177336167,0.42667408318992467,-0.9044054548343001,0.9749279121818236,27.1,0,25.51527777777778,0.0,0.0,-0.40369393139841697,1.008695652173913,-0.4036939313984173,7.267123646067709,Ringan,3.8,4.04,2.53,1.3689046716261866,2.8428571428571425,1.2615428951052259,0.0,0.0,0.0,0.0,0.0,0.0,46.630390625,49.60577777777778,33.88177422425009,12.867042935609536,37.88684833416389,13.260859081031702,10.5,10.86,8.594999999999999,2.053357007439271,9.064285714285713,1.8923143426578306,-7.899155800687413,112.9597841791072,0.04187713888760976,0.04187713888760976,4.19,Aman,3.7312958854206264,1.2231848239898682,,1.4868151760101318,1.2015306083412725e-08,,,,,,,,142.2435302734375,79.6162109375,0.85,Tenggara,48.749534606933594,-62.94620132446289,Bergerak ke arah Tenggara sejauh 79.62 km,Normal,,Normal,0.9999999879846939,False
2024-06-07 13:02:00,-7.946448430837619,112.9133778900966,2.38,12,Bromo,VolcanoDiscovery,0.0,5,0,5,0,0,5,0,0,0,0,2.38,12,2024-06-07 13:02:00,Unknown,0,1,8.37,9.063527777777777,19.93976111111111,36.25411111111111,4129.185518598326,0.3953117887649151,-0.9185469991587165,-0.433883739117558,23.799999999999997,0,2.2430555555555554,0.0,0.0,-0.5778364116094987,-0.24347826086956523,-0.5778364116094988,0.25294333106587824,Sedang,2.71,1.08,2.9633333333333334,0.743124036304393,3.0,1.0914669028422253,0.0,0.0,0.0,0.0,0.0,0.0,34.115444444444435,20.899487603305786,38.9999820601852,6.694088804854872,40.10289992146547,11.02601123775204,8.864999999999998,6.42,9.245,1.114686054456582,9.299999999999999,1.6372003542633307,-7.946448430837619,112.9133778900966,0.07024196331474312,0.07024196331474312,7.02,Aman,3.1955171734830627,1.2125989198684692,,1.1674010801315307,5.608313813354471e-11,,,,,,,,142.5554656982422,79.70895385742188,0.85,Tenggara,48.46250534057617,-63.2843017578125,Bergerak ke arah Tenggara sejauh 79.71 km,Normal,,Normal,0.9999999999439169,False
2024-06-07 16:08:00,-7.926634661970374,112.9345097825733,3.69,11,Bromo,VolcanoDiscovery,0.0,0,0,0,0,4,0,0,0,0,0,3.69,11,2024-06-07 16:08:00,Unknown,0,1,10.335,13.312905991735537,29.288393181818183,53.25162396694215,8908.725673318442,0.3953117887649151,-0.9185469991587165,-0.433883739117558,36.9,0,0.12916666666666668,0.0,0.0,0.11345646437994715,-0.2782608695652174,0.1134564643799478,-0.38417665218983826,Parah,2.38,3.8,2.9266666666666663,0.6813467056743819,2.9385714285714286,1.028193052097198,0.0,0.0,0.0,0.0,0.0,0.0,36.25411111111111,46.630390625,41.20705984083258,10.48556710525272,40.080677690439934,10.994841008243299,8.37,10.5,9.19,1.0220200585115642,9.207857142857142,1.5422895781457886,-7.926634661970374,112.9345097825733,0.5737945304364626,0.5737945304364626,57.38,Aman,7.025514815575873,1.123354196548462,,2.566645803451538,0.008361906030588062,,,,,,,,146.91876220703125,81.91667938232422,0.85,Tenggara,44.71238708496094,-68.63777923583984,Bergerak ke arah Tenggara sejauh 81.92 km,Normal,,Normal,0.9916380939694119,False
2024-06-11 01:52:00,-7.885421309541607,112.9413922352967,3.06,12,Bromo,VolcanoDiscovery,0.0,0,0,0,0,0,1,0,5,0,0,3.06,12,2024-06-11 01:52:00,Unknown,0,1,9.39,11.163027777777776,24.55866111111111,44.652111111111104,6263.742074061106,0.3312212278016865,-0.9435531242349544,0.7818314824680298,30.6,0,3.4055555555555554,0.0,0.0,-0.21899736147757257,-0.24347826086956523,-0.21899736147757215,0.6033174611480299,Sedang,3.69,2.71,3.043333333333333,0.6551590137770626,2.9657142857142853,1.0285889548771352,0.0,0.0,0.0,0.0,0.0,0.0,53.25162396694215,34.115444444444435,44.719282063054806,8.498955510745379,40.7727066628132,11.126473269270798,10.335,8.864999999999998,9.365,0.9827385206655868,9.248571428571427,1.5428834323156946,-7.885421309541607,112.9413922352967,0.10649293972127906,0.10649293972127906,10.65,Aman,4.507833499121743,1.1998975276947021,,1.860102472305298,5.905118543036991e-07,,,,,,,,142.9297332763672,79.82023620605469,0.85,Tenggara,48.115169525146484,-63.68831253051758,Bergerak ke arah Tenggara sejauh 79.82 km,Normal,,Normal,0.9999994094881457,False
2024-06-11 16:35:00,-7.936451415086966,112.3312659874719,2.74,16,Kelud,VolcanoDiscovery,0.0,4,0,0,0,0,0,1,3,0,0,2.74,16,2024-06-11 16:35:00,Unknown,0,1,8.91,9.647562500000001,21.224637500000004,38.590250000000005,4678.483011999944,0.3312212278016865,-0.9435531242349544,0.7818314824680298,27.400000000000002,0,0.6131944444444445,0.0,0.0,-0.387862796833773,-0.10434782608695652,-0.3878627968337729,-0.23829208309350627,Sedang,3.06,2.38,3.1633333333333336,0.4833563212924124,2.7800000000000002,0.9131812525451878,0.0,0.0,0.0,0.0,0.0,0.0,44.652111111111104,36.25411111111111,45.49799502601777,7.36719833775096,39.19905983741637,10.42589617184258,9.39,8.37,9.545,0.7250344819386112,8.97,1.3697718788177695,-7.936451415086966,112.3312659874719,0.21216879581878823,0.21216879581878823,21.22,Aman,4.100756651580857,1.0971702337265015,,1.6428297662734987,1.236588254016624e-08,,,,,,,,147.43089294433594,82.64341735839844,0.85,Tenggara,44.488319396972656,-69.64714050292969,Bergerak ke arah Tenggara sejauh 82.64 km,Normal,,Normal,0.9999999876341175,False
2024-06-12 02:16:00,-8.155369549627311,114.1041956880467,2.34,40,Raung,VolcanoDiscovery,0.0,3,3,0,0,0,0,0,0,3,0,2.34,40,2024-06-12 02:16:00,Unknown,0,1,8.309999999999999,7.52,16.544,30.08,2842.5331391610275,0.31494162072895193,-0.9491110448902284,0.9749279121818236,23.4,0,0.40347222222222223,0.0,0.0,-0.5989445910290239,0.7304347826086957,-0.5989445910290241,-0.301501752917168,Ringan,2.74,3.69,2.7133333333333334,0.3607399802258294,2.96,0.5888123640006206,0.0,0.0,0.0,0.0,0.0,0.0,38.590250000000005,53.25162396694215,37.77412037037038,7.320256569131825,40.51056160837269,8.04610170638189,8.91,10.335,8.87,0.5411099703387183,9.239999999999998,0.8832185460009165,-8.155369549627311,114.1041956880467,0.010983707172453496,0.010983707172453496,1.1,Aman,3.0364013158673053,1.124289870262146,,1.2157101297378539,4.1584513610359863e-11,,,,,,,,146.89662170410156,81.8772201538086,0.85,Tenggara,44.71735763549805,-68.58744049072266,Bergerak ke arah Tenggara sejauh 81.88 km,Normal,,Normal,0.9999999999584155,False
2024-07-01 12:53:00,-7.995608560136224,112.9999744324958,5.09,51,Bromo,VolcanoDiscovery,0.0,5,5,0,0,0,2,2,0,0,0,5.09,51,2024-07-01 12:53:00,Unknown,0,1,12.434999999999999,15.619930459438677,34.36384701076509,62.47972183775471,12263.884379227906,-0.00645086419810515,-0.9999791929590823,0.0,50.9,0,19.44236111111111,0.0,0.0,0.8522427440633245,1.1130434782608696,0.8522427440633246,5.43676416723353,Parah,2.34,3.06,3.39,1.485765795810363,3.1442857142857146,0.972434353274591,0.0,0.0,0.0,0.0,0.0,0.0,30.08,44.652111111111104,43.716657279251585,16.79718823153291,42.77475178162336,11.530714852251808,8.309999999999999,9.39,9.885,2.2286486937155443,9.516428571428571,1.4586515299118803,-7.995608560136224,112.9999744324958,0.26228139720342347,0.26228139720342347,26.23,Aman,9.38101317028356,1.086674690246582,,4.003325309753418,0.11288281258652288,,,,,,,,148.99862670898438,83.45091247558594,0.85,Tenggara,42.98211669921875,-71.53035736083984,Bergerak ke arah Tenggara sejauh 83.45 km,Tidak Normal,,Tidak Normal,0.8871171874134771,False
2024-07-03 19:56:00,-8.117418964405903,114.055986437442,2.75,17,Raung,VolcanoDiscovery,0.0,0,0,0,0,0,0,0,0,0,0,2.75,17,2024-07-03 19:56:00,Unknown,0,1,8.925,9.58588884083045,21.08895544982699,38.3435553633218,4618.858231287296,-0.04084439154329611,-0.9991655196610109,0.9749279121818236,27.5,0,2.29375,0.0,0.0,-0.3825857519788919,-0.06956521739130435,-0.3825857519788914,0.26822248966563766,Sedang,5.09,2.74,3.393333333333333,1.4835879931211813,3.15,0.9695703515819094,0.0,0.0,0.0,0.0,0.0,0.0,62.47972183775471,38.590250000000005,43.63442573369218,16.835393543009992,43.37876762717726,11.10437122765722,12.434999999999999,8.91,9.889999999999999,2.225381989681772,9.525,1.4543555273728574,-8.117418964405903,114.055986437442,0.14845927645314386,0.14845927645314386,14.85,Aman,4.001562757784491,1.2001687288284302,,1.5498312711715698,1.2693618600678747e-08,,,,,,,,142.92172241210938,79.81785583496094,0.85,Tenggara,48.12263107299805,-63.679683685302734,Bergerak ke arah Tenggara sejauh 79.82 km,Normal,,Normal,0.9999999873063814,False
2024-07-04 02:30:00,-7.879116444357189,113.0031404585866,3.78,10,Bromo,VolcanoDiscovery,0.0,0,5,0,0,0,0,1,0,0,0,3.78,10,2024-07-04 02:30:00,Unknown,0,1,10.469999999999999,13.840250000000001,30.448550000000004,55.361000000000004,9628.479836879385,-0.05802556932878035,-0.9983150972033183,0.43388373911755823,37.8,0,0.27361111111111114,0.0,0.0,0.16094986807387848,-0.3130434782608696,0.1609498680738785,-0.3406415153576473,Parah,2.75,2.34,3.873333333333333,1.1727886993543795,3.3500000000000005,0.9277571521326773,0.0,0.0,0.0,0.0,0.0,0.0,38.3435553633218,30.08,52.06142573369218,12.401775105788264,46.108323182732825,11.405424218459077,8.925,8.309999999999999,10.61,1.7591830490315743,9.825,1.391635728199012,-7.879116444357189,113.0031404585866,0.19131072231372426,0.19131072231372426,19.13,Aman,6.171820802262453,1.217203974723816,,2.562796025276184,0.0014041433358595867,,,,,,,,142.41976928710938,79.6686019897461,0.85,Tenggara,48.58763122558594,-63.13737869262695,Bergerak ke arah Tenggara sejauh 79.67 km,Normal,,Normal,0.9985958566641404,False
2024-07-04 08:32:00,-8.201980340099418,113.9774223139899,2.33,31,Raung,VolcanoDiscovery,0.0,3,0,0,0,0,0,4,2,0,0,2.33,31,2024-07-04 08:32:00,Unknown,0,1,8.295,7.662869536940687,16.858312981269513,30.65147814776275,2951.567492629829,-0.05802556932878035,-0.9983150972033183,0.43388373911755823,23.3,0,0.2513888888888889,0.0,0.0,-0.604221635883905,0.41739130434782606,-0.6042216358839049,-0.34733922871644596,Ringan,3.78,5.09,2.953333333333333,0.7460786374996484,3.1557142857142857,0.9853063338011039,0.0,0.0,0.0,0.0,0.0,0.0,55.361000000000004,62.47972183775471,41.45201117036153,12.64464276560601,42.87973092285005,12.216265564780466,10.469999999999999,12.434999999999999,9.229999999999999,1.1191179562494626,9.53357142857143,1.4779595007016493,-8.201980340099418,113.9774223139899,0.030236616202326004,0.030236616202326004,3.02,Aman,3.048451977028316,1.2620909214019775,,1.0679090785980225,3.2654767778694804e-11,,,,,,,,138.68746948242188,80.13477325439453,0.85,Tenggara,52.90224838256836,-60.19081115722656,Bergerak ke arah Tenggara sejauh 80.13 km,Normal,,Normal,0.9999999999673452,False
2024-07-05 13:42:00,-7.947468809443454,112.9665928581781,2.91,11,Bromo,VolcanoDiscovery,0.0,0,0,0,0,1,0,0,0,0,0,2.91,11,2024-07-05 13:42:00,Unknown,0,1,9.165,10.895792355371901,23.970743181818182,43.583169421487604,5967.4321762200425,-0.07518957641475855,-0.9971692572470178,-0.433883739117558,29.1,0,1.2152777777777777,0.0,0.0,-0.29815303430079154,-0.2782608695652174,-0.29815303430079165,-0.05682591177855683,Sedang,2.33,2.75,3.0066666666666664,0.7298173287428382,3.1342857142857143,0.9893576559710711,0.0,0.0,0.0,0.0,0.0,0.0,30.65147814776275,38.3435553633218,43.19854918975013,12.359250263812497,42.72702496718955,12.197083849038204,8.295,8.925,9.31,1.0947259931142488,9.501428571428573,1.4840364839565998,-7.947468809443454,112.9665928581781,0.2570960904589884,0.2570960904589884,25.71,Aman,4.52460778625515,1.2225797176361084,,1.6874202823638917,1.5853487933537025e-07,,,,,,,,142.26138305664062,79.62150573730469,0.85,Tenggara,48.733158111572266,-62.965572357177734,Bergerak ke arah Tenggara sejauh 79.62 km,Normal,,Normal,0.9999998414651207,False
2024-07-05 20:41:00,-7.94482118730232,112.3020236430523,3.37,63,Kelud,VolcanoDiscovery,0.0,2,0,0,0,0,0,0,5,0,0,3.37,63,2024-07-05 20:41:00,Unknown,0,1,9.855,10.379874685059209,22.83572430713026,41.519498740236834,5415.693481305115,-0.07518957641475855,-0.9971692572470178,-0.433883739117558,33.7,0,0.29097222222222224,0.0,0.0,-0.05540897097625329,1.5304347826086957,-0.055408970976252914,-0.33540892679608597,Sedang,2.91,3.78,2.8700000000000006,0.5211525688318136,3.224285714285714,0.9760781584630264,0.0,0.0,0.0,0.0,0.0,0.0,43.583169421487604,55.361000000000004,38.58471543649574,6.947436547366019,43.14548907293767,12.081201330495706,9.165,10.469999999999999,9.104999999999999,0.781728853247705,9.63642857142857,1.4641172376945342,-7.94482118730232,112.3020236430523,0.20533614435388634,0.20533614435388634,20.53,Aman,5.350121820377176,1.190143346786499,,2.179856653213501,8.294223442983917e-05,,,,,,,,143.21714782714844,79.90568542480469,0.85,Tenggara,47.846248626708984,-63.99730682373047,Bergerak ke arah Tenggara sejauh 79.91 km,Normal,,Normal,0.9999170577655702,False
2024-07-10 17:38:00,-8.0593358670953,112.8809903511922,3.57,38,Semeru,VolcanoDiscovery,0.0,0,0,0,0,0,4,0,2,0,0,3.57,38,2024-07-10 17:38:00,Unknown,0,1,10.155,11.243708102493075,24.736157825484767,44.9748324099723,6354.611144993393,-0.16057454459499376,-0.9870237158387383,0.9749279121818236,35.699999999999996,0,4.872916666666667,0.0,0.0,0.0501319261213719,0.6608695652173913,0.050131926121372065,1.0455758463712,Sedang,3.37,2.33,3.2833333333333337,0.3384277372399225,3.4,0.8979420916740691,0.0,0.0,0.0,0.0,0.0,0.0,41.519498740236834,30.65147814776275,43.35916685723226,1.7385239583916985,45.273322274362286,10.619779713078893,9.855,8.295,9.725,0.5076416058598785,9.9,1.346913137511101,-8.0593358670953,112.8809903511922,0.1381904285920542,0.1381904285920542,13.82,Aman,5.590943023114248,1.2320095300674438,,2.337990469932556,0.00024916475687553064,,,,,,,,142.70925903320312,79.38484191894531,0.85,Tenggara,48.09608459472656,-63.156307220458984,Bergerak ke arah Tenggara sejauh 79.38 km,Normal,,Normal,0.9997508352431245,False
2024-07-11 16:41:00,-8.155361561797658,112.8831020212976,5.79,37,Semeru,VolcanoDiscovery,0.0,0,4,1,0,0,0,4,0,0,0,5.79,37,2024-07-11 16:41:00,Unknown,0,1,13.485,17.92869311541271,39.44312485390797,71.71477246165084,16157.238001262718,-0.17752914918703497,-0.984115542601034,0.43388373911755823,57.9,0,0.9604166666666667,0.0,0.0,1.2216358839050132,0.6260869565217392,1.2216358839050134,-0.1336403118622782,Parah,3.57,2.91,4.243333333333333,1.343180305593162,3.5,1.1272237281628419,0.0,0.0,0.0,0.0,0.0,0.0,44.9748324099723,43.583169421487604,52.73636787062001,16.526333934298655,46.59261522063316,13.339069756740427,10.155,9.165,11.165,2.0147704583897514,10.049999999999999,1.6908355922442622,-8.155361561797658,112.8831020212976,0.4547095437526627,0.4547095437526627,45.47,Aman,12.035170529881864,1.232105016708374,,4.557894983291626,0.01695234407018309,,,,,,,,142.69650268554688,79.38722229003906,0.85,Tenggara,48.11159133911133,-63.147491455078125,Bergerak ke arah Tenggara sejauh 79.39 km,Tidak Normal,,Tidak Normal,0.9830476559298169,False
2024-07-12 22:58:00,-8.00140034035918,114.1844617068325,5.27,37,Ijen,VolcanoDiscovery,0.0,0,2,0,0,0,0,4,0,1,0,5.27,37,2024-07-12 22:58:00,Unknown,0,1,12.704999999999998,16.367112034331626,36.00764647552958,65.4684481373265,13465.235883484389,-0.19443122004766195,-0.9809161537413774,-0.433883739117558,52.699999999999996,0,1.2618055555555556,0.0,0.0,0.947229551451187,0.6260869565217392,0.9472295514511871,-0.042802574433572216,Parah,5.79,3.37,4.876666666666666,1.161091440556403,3.86,1.2441195012270077,0.0,0.0,0.0,0.0,0.0,0.0,71.71477246165084,41.519498740236834,60.71935100298324,13.988264409333055,50.46759990263383,14.437948998041945,13.485,9.855,12.115,1.7416371608346235,10.59,1.8661792518405158,-8.00140034035918,114.1844617068325,0.34659298284516243,0.34659298284516243,34.66,Aman,10.180323335067419,1.3610758781433105,,3.908924121856689,0.05634987362882138,,,,,,,,133.8724365234375,87.86442565917969,0.85,Tenggara,63.34011459350586,-60.89488220214844,Bergerak ke arah Tenggara sejauh 87.86 km,Normal,,Tidak Normal,0.9436501263711786,False
2024-08-01 12:59:00,-8.106953539967042,112.9164933687603,1.36,16,Semeru,VolcanoDiscovery,0.0,0,0,0,0,0,0,0,4,0,0,1.36,16,2024-08-01 12:59:00,Unknown,0,1,6.84,5.4299375,11.945862500000002,21.71975,1482.0386062094067,-0.5139010013093103,-0.8578494977869301,0.43388373911755823,13.600000000000001,0,19.584027777777777,0.0,0.0,-1.116094986807388,-0.10434782608695652,-1.116094986807388,5.479462089895871,Ringan,5.27,3.57,4.14,2.421549090974619,3.514285714285714,1.5649265919190078,0.0,0.0,0.0,0.0,0.0,0.0,65.4684481373265,44.9748324099723,52.9676568663258,27.2411068889664,45.66170704549098,17.75548504008205,12.704999999999998,10.155,11.01,3.632323636461933,10.071428571428571,2.3473898878785118,-8.106953539967042,112.9164933687603,0.03850457392079741,0.03850457392079741,3.85,Aman,3.0,1.377841591835022,,0.017841591835021875,0.0,,,,,,,,132.78431701660156,87.41934204101562,0.85,Tenggara,64.15843963623047,-59.37874984741211,Bergerak ke arah Tenggara sejauh 87.42 km,Normal,,Normal,1.0,False
2024-08-01 18:55:00,-7.981639707300221,112.2604296339365,5.61,18,Kelud,VolcanoDiscovery,0.0,1,0,0,0,0,0,0,2,0,0,5.61,18,2024-08-01 18:55:00,Unknown,0,1,13.215,18.215211419753086,40.07346512345679,72.86084567901234,16677.781820435295,-0.5139010013093103,-0.8578494977869301,0.43388373911755823,56.1,0,0.24722222222222223,0.0,0.0,1.1266490765171504,-0.034782608695652174,1.1266490765171508,-0.3485950499712207,Parah,1.36,5.79,4.08,2.3617154782064675,3.982857142857143,1.6404543505353881,0.0,0.0,0.0,0.0,0.0,0.0,21.71975,71.71477246165084,53.34968127211297,27.640573430421554,51.69161669281235,18.93634509090376,6.84,13.485,10.92,3.5425732173097053,10.774285714285714,2.460681525803087,-7.981639707300221,112.2604296339365,0.5004101595535625,0.5004101595535625,50.04,Aman,11.766112020281835,1.1668846607208252,,4.443115339279175,0.018032958387781628,,,,,,,,143.90248107910156,80.10946655273438,0.85,Tenggara,47.19740676879883,-64.72968292236328,Bergerak ke arah Tenggara sejauh 80.11 km,Tidak Normal,,Tidak Normal,0.9819670416122184,False
2024-08-04 13:23:00,-7.875605907080275,112.3333353686779,5.31,54,Kelud,VolcanoDiscovery,0.0,0,5,3,0,0,0,0,4,1,0,5.31,54,2024-08-04 13:23:00,Unknown,0,1,12.765,16.24754509602195,35.74459921124829,64.9901803840878,13269.218864027087,-0.5574684374327892,-0.8301981337405212,-0.7818314824680299,53.099999999999994,0,2.7694444444444444,0.0,0.0,0.9683377308707122,1.2173913043478262,0.9683377308707131,0.4115954162524201,Parah,5.61,5.27,4.093333333333334,2.371883920712255,4.325714285714286,1.6296201719302303,0.0,0.0,0.0,0.0,0.0,0.0,72.86084567901234,65.4684481373265,53.190258687700066,27.53691215156738,54.74976111604094,19.136135713689942,13.215,12.704999999999998,10.94,3.557825881068387,11.288571428571428,2.4444302578953536,-7.875605907080275,112.3333353686779,0.3494858201380476,0.3494858201380476,34.95,Aman,10.293562599878403,1.3233742713928223,,3.9866257286071773,0.03266340271109347,,,,,,,,132.85635375976562,85.50629425048828,0.85,Tenggara,62.681339263916016,-58.15819549560547,Bergerak ke arah Tenggara sejauh 85.51 km,Tidak Normal,,Tidak Normal,0.9673365972889065,False
2024-08-05 02:42:00,-8.129115185572246,114.0276323217901,3.08,61,Raung,VolcanoDiscovery,0.0,3,0,0,0,0,0,2,4,3,0,3.08,61,2024-08-05 02:42:00,Unknown,0,1,9.42,9.526695646331632,20.95873042192959,38.10678258532653,4561.991135163466,-0.5716666713027052,-0.8204859638785327,0.0,30.8,0,0.5548611111111111,0.0,0.0,-0.20844327176781002,1.4608695652173913,-0.20844327176780986,-0.2558735806603526,Ringan,5.31,1.36,4.666666666666667,1.3822566090756596,4.284285714285714,1.6613434036230776,0.0,0.0,0.0,0.0,0.0,0.0,64.9901803840878,21.71975,58.6526028828089,18.223196531303564,54.26223023676805,19.56798076642064,12.765,6.84,11.799999999999999,2.0733849136135043,11.226428571428572,2.492015105434624,-8.129115185572246,114.0276323217901,0.10052367807037214,0.10052367807037214,10.05,Aman,4.5332901562530905,1.3161144256591797,,1.7638855743408204,2.36502720274423e-06,,,,,,,,133.64132690429688,84.88246154785156,0.85,Tenggara,61.4272575378418,-58.58092498779297,Bergerak ke arah Tenggara sejauh 84.88 km,Normal,,Normal,0.9999976349727973,False
2024-08-10 06:54:00,-8.14558864295448,112.8480074729467,5.23,12,Semeru,VolcanoDiscovery,0.0,0,0,0,0,0,3,0,0,5,0,5.23,12,2024-08-10 06:54:00,Unknown,0,1,12.645,17.86290277777778,39.29838611111112,71.45161111111112,16038.875799872774,-0.6400381082043503,-0.7683431655492202,-0.9749279121818236,52.300000000000004,0,5.175,0.0,0.0,0.9261213720316624,-0.24347826086956523,0.9261213720316626,1.1366228873423683,Parah,3.08,5.61,4.54,1.2650296439214406,4.521428571428571,1.6608675300519793,0.0,0.0,0.0,0.0,0.0,0.0,38.10678258532653,72.86084567901234,58.182858026841835,17.684007622993533,58.04462719407359,20.0271007924332,9.42,13.215,11.61,1.8975444658821754,11.582142857142857,2.491301295077979,-8.14558864295448,112.8480074729467,0.40217619677404665,0.40217619677404665,40.22,Aman,10.318749251015246,1.2606432437896729,,3.9693567562103276,0.06500259622909221,,,,,,,,138.88104248046875,80.09868621826172,0.85,Tenggara,52.67487335205078,-60.34200668334961,Bergerak ke arah Tenggara sejauh 80.10 km,Tidak Normal,,Tidak Normal,0.9349974037709078,False
2024-08-10 11:08:00,-8.100072399010175,114.0222542990544,2.84,4,Raung,VolcanoDiscovery,0.0,0,0,0,0,0,0,0,0,4,0,2.84,4,2024-08-10 11:08:00,Unknown,0,1,9.059999999999999,15.041,33.0902,60.164,11371.644592621913,-0.6400381082043503,-0.7683431655492202,-0.9749279121818236,28.4,0,0.1763888888888889,0.0,0.0,-0.33509234828496054,-0.5217391304347826,-0.3350923482849607,-0.3699440113023912,Sedang,5.23,5.31,3.7166666666666672,1.3160673741618765,4.1,1.6595983449819036,0.0,0.0,0.0,0.0,0.0,0.0,71.45161111111112,64.9901803840878,56.574131232145895,16.9597985153512,56.39451684240919,19.17058257307628,12.645,12.765,10.375,1.974101061242815,10.950000000000001,2.489397517472861,-8.100072399010175,114.0222542990544,0.22067484313162553,0.22067484313162553,22.07,Aman,4.312894344364284,1.4648607969284058,,1.375139203071594,1.0187136656458762e-07,,,,,,,,132.93502807617188,86.46485900878906,0.85,Tenggara,63.30322265625,-58.89714813232422,Bergerak ke arah Tenggara sejauh 86.46 km,Normal,,Normal,0.9999998981286334,False
2024-09-03 14:24:00,-7.961493999485507,112.2578805255727,3.21,23,Kelud,VolcanoDiscovery,0.0,1,0,0,0,0,5,3,4,0,0,3.21,23,2024-09-03 14:24:00,Unknown,0,1,9.614999999999998,10.596572069943287,23.31245855387523,42.38628827977315,5644.177300540038,-0.8945422369764496,-0.4469834295196741,0.7818314824680298,32.1,0,24.136111111111113,0.0,0.0,-0.13984168865435362,0.1391304347826087,-0.1398416886543539,6.851446810737272,Sedang,2.84,3.08,3.76,1.286429166336026,3.8057142857142856,1.5990920042621826,0.0,0.0,0.0,0.0,0.0,0.0,60.164,38.10678258532653,58.00063313029477,14.652930252416443,53.09706543418728,19.334120766742473,9.059999999999999,9.42,10.439999999999998,1.9296437495040406,10.508571428571429,2.3986380063932757,-7.961493999485507,112.2578805255727,0.17318013621122494,0.17318013621122494,17.32,Aman,4.949054919691271,1.3492059707641602,,1.8607940292358398,4.826280872838318e-06,,,,,,,,132.26185607910156,87.34542083740234,0.85,Tenggara,64.64250183105469,-58.741546630859375,Bergerak ke arah Tenggara sejauh 87.35 km,Normal,,Normal,0.9999951737191272,False
2024-09-04 17:14:00,-8.047780712533264,114.2289997662832,2.05,60,Ijen,VolcanoDiscovery,0.0,0,2,0,0,0,0,0,0,4,0,2.05,60,2024-09-04 17:14:00,Unknown,0,1,7.875,6.456319444444444,14.203902777777778,25.825277777777774,2095.2694253243885,-0.9020987014301837,-0.43152975897147144,0.9749279121818236,20.5,0,1.1180555555555556,0.0,0.0,-0.7519788918205806,1.4260869565217391,-0.7519788918205804,-0.08612840772330066,Ringan,3.21,5.23,2.6999999999999997,0.5925369186810202,3.9042857142857144,1.4361738189004996,0.0,0.0,0.0,0.0,0.0,0.0,42.38628827977315,71.45161111111112,42.79185535251699,17.1729532827528,53.68356940244124,18.25584803437086,9.614999999999998,12.645,8.85,0.8888053780214928,10.656428571428572,2.154260728350753,-8.047780712533264,114.2289997662832,0.02811569328295598,0.02811569328295598,2.81,Aman,3.0,1.3327656984329224,,0.7172343015670775,8.917311333789257e-13,,,,,,,,131.84097290039062,86.31329345703125,0.85,Tenggara,64.30332946777344,-57.57661056518555,Bergerak ke arah Tenggara sejauh 86.31 km,Normal,,Normal,0.9999999999991083,False
2024-09-09 20:25:00,-7.923581519732746,112.3206222390443,1.96,15,Kelud,VolcanoDiscovery,0.0,0,0,0,0,2,0,0,0,0,0,1.96,15,2024-09-09 20:25:00,Unknown,0,1,7.74,7.36361111111111,16.199944444444444,29.45444444444444,2725.533623639752,-0.9358348973349941,-0.35243871088460327,0.0,19.6,0,5.132638888888889,0.0,0.0,-0.7994722955145119,-0.1391304347826087,-0.7994722955145117,1.1238553712521584,Ringan,2.05,2.84,2.4066666666666667,0.6971609092120197,3.382857142857143,1.3749632029708334,0.0,0.0,0.0,0.0,0.0,0.0,25.825277777777774,60.164,32.55533683399847,8.705079977834906,47.48265494036012,18.026735304375975,7.875,9.059999999999999,8.409999999999998,1.0457413638179878,9.874285714285714,2.0624448044562467,-7.923581519732746,112.3206222390443,0.06084946355711635,0.06084946355711635,6.08,Aman,3.0,1.23892343044281,,0.7210765695571899,6.750155989720952e-14,,,,,,,,141.78489685058594,79.55718994140625,0.85,Tenggara,49.2153205871582,-62.50758743286133,Bergerak ke arah Tenggara sejauh 79.56 km,Normal,,Normal,0.9999999999999325,False
2024-10-02 18:38:00,-7.938074741384081,112.9636255133159,1.47,16,Bromo,VolcanoDiscovery,0.0,0,0,0,0,5,0,0,0,0,0,1.47,16,2024-10-02 18:38:00,Unknown,0,1,7.005,5.766125000000001,12.685475000000002,23.064500000000002,1671.2366889630391,-0.9993706508539969,0.03547255575312556,0.9749279121818236,14.7,0,22.925694444444446,0.0,0.0,-1.0580474934036939,-0.10434782608695652,-1.0580474934036939,6.4866307362252105,Ringan,1.96,3.21,1.8266666666666664,0.31214312956290874,2.834285714285714,1.237051024855175,0.0,0.0,0.0,0.0,0.0,0.0,29.45444444444444,42.38628827977315,26.114740740740753,3.204791585419289,41.493272028347576,18.204408826187844,7.74,9.614999999999998,7.54,0.46821469434423196,9.05142857142857,1.8555765372827502,-7.938074741384081,112.9636255133159,0.05967327566094053,0.05967327566094053,5.97,Aman,3.0,1.1345347166061401,,0.33546528339385984,0.0,,,,,,,,146.6542510986328,81.44514465332031,0.85,Tenggara,44.76957702636719,-68.03672790527344,Bergerak ke arah Tenggara sejauh 81.45 km,Normal,,Normal,1.0,False
2024-10-04 23:08:00,-8.097614479005651,112.9321400389816,3.22,10,Semeru,VolcanoDiscovery,0.0,0,0,0,0,0,0,0,1,0,0,3.22,10,2024-10-04 23:08:00,Unknown,0,1,9.629999999999999,12.09725,26.613950000000003,48.389,7356.024498868475,-0.9975590477788613,0.06982797572987089,-0.433883739117558,32.2,0,2.1875,0.0,0.0,-0.13456464379947225,-0.3130434782608696,-0.13456464379947242,0.23619904766888183,Sedang,1.47,2.05,2.216666666666667,0.9027919657004758,2.8542857142857145,1.2428040492217207,0.0,0.0,0.0,0.0,0.0,0.0,23.064500000000002,25.825277777777774,33.6359814814815,13.169909417174846,42.962160230443786,18.30019275820818,7.005,7.875,8.125,1.3541879485506771,9.081428571428571,1.8642060738325692,-8.097614479005651,112.9321400389816,0.4394285600157854,0.4394285600157854,43.94,Aman,5.577900226201768,1.1237624883651733,,2.096237511634827,1.9696299121463312e-05,,,,,,,,146.9091033935547,81.89945220947266,0.85,Tenggara,44.71455001831055,-68.61580657958984,Bergerak ke arah Tenggara sejauh 81.90 km,Normal,,Normal,0.9999803037008785,False
2024-10-07 01:45:00,-7.947869395800644,112.9017259205199,2.56,37,Bromo,VolcanoDiscovery,0.0,4,0,0,0,0,1,2,1,0,0,2.56,37,2024-10-07 01:45:00,Unknown,0,1,8.64,8.228872169466763,18.10351877282688,32.91548867786705,3403.6938277098534,-0.9926289059345095,0.121193461470736,0.0,25.6,0,2.109027777777778,0.0,0.0,-0.4828496042216359,0.6260869565217392,-0.48284960422163553,0.21254774737062432,Ringan,3.22,1.96,2.4166666666666665,0.8837609028087462,2.4728571428571433,0.6697689722512341,0.0,0.0,0.0,0.0,0.0,0.0,48.389,29.45444444444444,34.78966289262237,12.765851785249053,37.456999882837486,13.456854477420602,9.629999999999999,7.74,8.424999999999999,1.325641354213087,8.509285714285713,1.0046534583768185,-7.947869395800644,112.9017259205199,0.09071075213670597,0.09071075213670597,9.07,Aman,3.5479371015758905,1.25059974193573,,1.30940025806427,1.1965486379494905e-09,,,,,,,,140.2238006591797,79.84830474853516,0.85,Tenggara,51.0861930847168,-61.36735916137695,Bergerak ke arah Tenggara sejauh 79.85 km,Normal,,Normal,0.9999999988034514,False
2024-11-03 02:32:00,-7.942235453522716,112.3098221374572,1.92,2,Kelud,VolcanoDiscovery,0.0,0,0,0,0,0,0,0,0,0,0,1.92,2,2024-11-03 02:32:00,Unknown,0,1,7.68,19.503,42.906600000000005,78.012,19119.331218277162,-0.8331829385891785,0.5529974600700271,-0.7818314824680299,19.2,0,27.03263888888889,0.0,0.0,-0.820580474934037,-0.591304347826087,-0.820580474934037,7.724451886348176,Sedang,2.56,1.47,2.566666666666667,0.6500256405199188,2.3414285714285716,0.6759543517977255,0.0,0.0,0.0,0.0,0.0,0.0,32.91548867786705,23.064500000000002,53.1054962259557,22.915231524990332,40.006714168551774,19.0180373775777,8.64,7.005,8.65,0.9750384607798394,8.312142857142858,1.0139315276965521,-7.942235453522716,112.3098221374572,0.27687052926571026,0.27687052926571026,27.69,Aman,3.0,1.254744529724121,,0.6652554702758788,3.0730973321624333e-13,,,,,,,,139.66964721679688,79.95162963867188,0.85,Tenggara,51.74419021606445,-60.94917297363281,Bergerak ke arah Tenggara sejauh 79.95 km,Normal,,Normal,0.9999999999996927,False
2024-11-05 17:59:00,-8.120151300793035,112.9147306772958,2.19,14,Semeru,VolcanoDiscovery,0.0,0,0,0,0,0,1,0,0,0,0,2.19,14,2024-11-05 17:59:00,Unknown,0,1,8.085,8.184252551020409,18.0053556122449,32.737010204081635,3366.8820342053205,-0.8136678304455991,0.5813300798152042,0.7818314824680298,21.9,0,2.64375,0.0,0.0,-0.6781002638522428,-0.17391304347826086,-0.6781002638522423,0.3737114750667155,Ringan,1.92,3.22,2.223333333333333,0.3212994449626842,2.1957142857142857,0.5569816616627228,0.0,0.0,0.0,0.0,0.0,0.0,78.012,48.389,47.88816629398291,26.08815787866661,38.628245872024415,19.165939724061598,7.68,9.629999999999999,8.135,0.48194916744392585,8.093571428571428,0.835472492494036,-8.120151300793035,112.9147306772958,0.1830372431611495,0.1830372431611495,18.3,Aman,3.0241860000546548,1.2624738216400146,,0.9275261783599853,3.97015753605956e-12,,,,,,,,138.63629150390625,80.14432525634766,0.85,Tenggara,52.96231460571289,-60.15069580078125,Bergerak ke arah Tenggara sejauh 80.14 km,Normal,,Normal,0.9999999999960298,False
2024-11-06 01:10:00,-8.094513347391068,114.1842956049391,5.12,2,Ijen,VolcanoDiscovery,0.0,2,0,3,0,0,5,0,0,0,0,5.12,2,2024-11-06 01:10:00,Unknown,0,1,12.48,31.383,69.04260000000001,125.532,49506.10618138714,-0.8035476485339116,0.5952404359043674,0.9749279121818236,51.2,0,0.29930555555555555,0.0,0.0,0.8680738786279684,-0.591304347826087,0.8680738786279689,-0.3328972842865365,Parah,2.19,2.56,3.0766666666666667,1.7747206352925895,2.634285714285714,1.2278145509109146,0.0,0.0,0.0,0.0,0.0,0.0,32.737010204081635,32.91548867786705,78.7603367346939,46.4020208472381,52.87206333234188,36.90560393682691,8.085,8.64,9.415000000000001,2.6620809529388767,8.751428571428571,1.8417218263663566,-8.094513347391068,114.1842956049391,1.0,1.0,100.0,Terdampak,12.535515791575262,1.206923246383667,,3.913076753616333,1.5686970845196768e-05,,,,,,,,142.72271728515625,79.75868225097656,0.85,Tenggara,48.30767822265625,-63.46507263183594,Bergerak ke arah Tenggara sejauh 79.76 km,Normal,,Tidak Normal,0.9999843130291548,False
2024-11-06 07:35:00,-8.134050823519653,114.0573953649162,1.25,17,Raung,VolcanoDiscovery,0.0,0,0,0,0,0,0,0,2,0,0,1.25,17,2024-11-06 07:35:00,Unknown,0,1,6.675,5.009785899653979,11.021528979238754,20.039143598615915,1261.5608047250098,-0.8035476485339116,0.5952404359043674,0.9749279121818236,12.5,0,0.2673611111111111,0.0,0.0,-1.1741424802110818,-0.06956521739130435,-1.1741424802110818,-0.3425252472398094,Ringan,5.12,1.92,2.853333333333333,2.018473020214373,2.5328571428571425,1.3187584348635684,0.0,0.0,0.0,0.0,0.0,0.0,125.532,78.012,59.43605126756586,57.591794408691385,51.52702035436637,38.054989535376905,12.48,7.68,9.08,3.02770953032155,8.599285714285713,1.978137652295337,-8.134050823519653,114.0573953649162,0.0001,0.0001,0.01,Aman,3.0,1.3646858930587769,,0.11468589305877686,0.0,,,,,,,,134.04513549804688,87.91116333007812,0.85,Tenggara,63.18986511230469,-61.11802673339844,Bergerak ke arah Tenggara sejauh 87.91 km,Normal,,Normal,1.0,False
2024-11-08 02:57:00,-8.13763875369338,114.0252082783279,2.6,8,Raung,VolcanoDiscovery,0.0,0,0,0,0,0,0,0,0,0,0,2.6,8,2024-11-08 02:57:00,Unknown,0,1,8.7,10.815000000000001,23.793000000000006,43.260000000000005,5879.263199885179,-0.7825970017677834,0.6225286602431057,-0.433883739117558,26.0,0,1.8069444444444445,0.0,0.0,-0.46174142480211083,-0.3826086956521739,-0.46174142480211094,0.12150070639945586,Sedang,1.25,2.19,2.99,1.964255584184502,2.6942857142857144,1.2333674383958895,0.0,0.0,0.0,0.0,0.0,0.0,20.039143598615915,32.737010204081635,62.94371453287199,55.4325910569717,54.4120917829378,36.26076040710065,6.675,8.085,9.285,2.9463833762767453,8.84142857142857,1.8500511575938199,-8.13763875369338,114.0252082783279,0.16541421193076442,0.16541421193076442,16.54,Aman,3.7495257414524974,1.1034592390060425,,1.4965407609939576,1.6941008595949825e-09,,,,,,,,147.21827697753906,82.47847747802734,0.85,Tenggara,44.65714645385742,-69.34290313720703,Bergerak ke arah Tenggara sejauh 82.48 km,Normal,,Normal,0.9999999983058991,False
2024-11-09 06:28:00,-8.103661798037695,112.8851851208942,4.54,27,Semeru,VolcanoDiscovery,0.0,0,0,0,0,0,0,4,2,1,0,4.54,27,2024-11-09 06:28:00,Unknown,0,1,11.61,14.447171124828532,31.783776474622773,57.78868449931413,10491.44937406386,-0.7717727365467836,0.6358984534680745,-0.9749279121818236,45.4,0,1.1465277777777778,0.0,0.0,0.5620052770448548,0.2782608695652174,0.562005277044855,-0.07754696248233994,Parah,2.6,5.12,2.796666666666667,1.653793618724335,2.882857142857143,1.4147168654977613,0.0,0.0,0.0,0.0,0.0,0.0,43.260000000000005,125.532,40.36260936597669,19.040827553390933,55.75490385426839,36.174480428752446,8.7,12.48,8.995,2.48069042808649,9.124285714285715,2.122075298246632,-8.103661798037695,112.8851851208942,0.4135981451528983,0.4135981451528983,41.36,Aman,8.625962712021147,1.1238609552383423,,3.4161390447616578,0.4683461163714018,,,,,,,,146.90676879882812,81.89530181884766,0.85,Tenggara,44.715084075927734,-68.61051177978516,Bergerak ke arah Tenggara sejauh 81.90 km,Tidak Normal,,Tidak Normal,0.5316538836285982,False
2024-11-10 16:06:00,-8.05504669627384,114.2864502479379,3.51,7,Ijen,VolcanoDiscovery,0.0,0,2,5,0,0,2,0,3,3,0,3.51,7,2024-11-10 16:06:00,Unknown,0,1,10.065,14.176028061224489,31.18726173469388,56.704112244897956,10101.339873639534,-0.7607200913564104,0.6490800741100398,-0.7818314824680299,35.099999999999994,0,1.4013888888888888,0.0,0.0,0.018469656992084273,-0.41739130434782606,0.018469656992084513,-0.0007325623986185772,Parah,4.54,1.25,3.5499999999999994,0.9706183596038148,3.0185714285714282,1.424118775142821,0.0,0.0,0.0,0.0,0.0,0.0,57.78868449931413,20.039143598615915,52.58426558140405,8.093239198132169,59.15327864955852,34.76103579672009,11.61,6.675,10.125,1.4559275394057225,9.327857142857143,2.1361781627142236,-8.05504669627384,114.2864502479379,0.5552135812350865,0.5552135812350865,55.52,Aman,6.5357655200020135,1.163879156112671,,2.346120843887329,0.0014539979886748489,,,,,,,,143.99102783203125,80.13579559326172,0.85,Tenggara,47.11279296875,-64.82384490966797,Bergerak ke arah Tenggara sejauh 80.14 km,Normal,,Normal,0.9985460020113252,False
2024-11-11 13:11:00,-8.11888388651333,112.8695337660423,4.37,10,Semeru,VolcanoDiscovery,0.0,0,2,0,0,0,4,4,2,1,0,4.37,10,2024-11-11 13:11:00,Unknown,0,1,11.355,15.676625000000001,34.488575000000004,62.706500000000005,12353.072628035252,-0.7494423368521954,0.6620696215153815,0.0,43.7,0,0.8784722222222222,0.0,0.0,0.47229551451187335,-0.3130434782608696,0.47229551451187385,-0.15833812987284804,Parah,3.51,2.6,4.14,0.5521775076911429,3.3685714285714288,1.4101232637778958,0.0,0.0,0.0,0.0,0.0,0.0,56.704112244897956,43.260000000000005,59.066432248070704,3.198694135540692,56.96677864955853,33.84643307944174,10.065,8.7,11.01,0.8282662615367457,9.852857142857143,2.115184895666841,-8.11888388651333,112.8695337660423,0.5720291659555267,0.5720291659555267,57.2,Aman,8.747254479728827,1.2149279117584229,,3.1550720882415773,0.37030366180376895,,,,,,,,142.48683166503906,79.68856048583984,0.85,Tenggara,48.525856018066406,-63.21002960205078,Bergerak ke arah Tenggara sejauh 79.69 km,Normal,,Tidak Normal,0.629696338196231,False
2024-12-01 09:00:00,-7.958204808689944,112.948087423416,3.8,10,Bromo,VolcanoDiscovery,0.0,0,0,0,0,0,0,0,0,4,0,3.8,10,2024-12-01 09:00:00,Unknown,0,1,10.5,13.9025,30.585500000000003,55.61,9715.2876307914,-0.4822058478963526,0.8760579434344281,-0.7818314824680299,38.0,0,19.825694444444444,0.0,0.0,0.17150395778364103,-0.3130434782608696,0.17150395778364144,5.552299722672806,Parah,4.37,4.54,3.893333333333333,0.43753095128611724,3.5985714285714283,1.3138674282619334,0.0,0.0,0.0,0.0,0.0,0.0,62.706500000000005,57.78868449931413,58.34020408163266,3.82069043972105,60.234348620404,32.18049685753945,11.355,11.61,10.64,0.6562964269291993,10.197857142857144,1.9708011423929008,-7.958204808689944,112.948087423416,0.45515140120144354,0.45515140120144354,45.52,Aman,6.962528064739082,1.3328367471694946,,2.467163252830505,0.00866596386432783,,,,,,,,131.83328247070312,86.31938934326172,0.85,Tenggara,64.31560516357422,-57.572044372558594,Bergerak ke arah Tenggara sejauh 86.32 km,Normal,,Normal,0.9913340361356722,False
2024-12-06 19:27:00,-8.09469886203837,114.2346524240599,3.67,5,Ijen,VolcanoDiscovery,0.0,0,0,1,0,0,0,0,5,0,0,3.67,5,2024-12-06 19:27:00,Unknown,0,1,10.305,16.323375,35.911425,65.2935,13393.367052974356,-0.4051645224207563,0.9142437912130223,-0.433883739117558,36.7,0,5.435416666666667,0.0,0.0,0.10290237467018461,-0.48695652173913045,0.10290237467018487,1.2151117157657894,Parah,3.8,3.51,3.9466666666666668,0.3723349746308219,3.391428571428572,1.1363307700874887,0.0,0.0,0.0,0.0,0.0,0.0,55.61,56.704112244897956,61.20333333333334,5.013698792641656,51.62884862040399,15.582766085374855,10.5,10.065,10.72,0.5585024619462645,9.887142857142857,1.7044961551312299,-8.09469886203837,114.2346524240599,0.34153334264495655,0.34153334264495655,34.15,Aman,6.346528493855581,1.3175687789916992,,2.3524312210083007,0.0015546978379818999,,,,,,,,133.4840545654297,85.00743865966797,0.85,Tenggara,61.67850112915039,-58.49809646606445,Bergerak ke arah Tenggara sejauh 85.01 km,Normal,,Normal,0.9984453021620181,False
2024-12-08 00:33:00,-7.933562856492894,112.9456454024512,3.0,4,Bromo,VolcanoDiscovery,0.0,0,0,0,0,0,2,0,0,0,0,3.0,4,2024-12-08 00:33:00,Unknown,0,1,9.3,15.575000000000001,34.26500000000001,62.300000000000004,12193.43215045153,-0.37347653741307074,0.9276396261490467,-0.7818314824680299,30.0,0,1.2125,0.0,0.0,-0.2506596306068602,-0.5217391304347826,-0.2506596306068597,-0.057663125948406654,Sedang,3.67,4.37,3.4899999999999998,0.42930175867331327,3.641428571428572,0.6925178354244461,0.0,0.0,0.0,0.0,0.0,0.0,65.2935,62.706500000000005,61.06783333333334,4.957945046421593,57.66611382060172,7.27735762426966,10.305,11.355,10.034999999999998,0.6439526380099658,10.262142857142859,1.0387767531366716,-7.933562856492894,112.9456454024512,0.42051313755799236,0.42051313755799236,42.05,Aman,5.048182879602023,1.272821068763733,,1.727178931236267,2.319937928985105e-06,,,,,,,,137.2528839111328,80.40228271484375,0.85,Tenggara,54.57415771484375,-59.043949127197266,Bergerak ke arah Tenggara sejauh 80.40 km,Normal,,Normal,0.999997680062071,False
2024-12-08 04:18:00,-8.100202039144852,112.8586354761092,3.37,26,Semeru,VolcanoDiscovery,0.0,0,5,0,0,0,0,0,3,0,0,3.37,26,2024-12-08 04:18:00,Unknown,0,1,9.855,10.952456360946746,24.095403994082844,43.809825443786984,6029.661310321006,-0.37347653741307074,0.9276396261490467,-0.7818314824680299,33.7,0,0.15625,0.0,0.0,-0.05540897097625329,0.24347826086956523,-0.055408970976252914,-0.37601381403380246,Sedang,3.0,3.8,3.3466666666666662,0.33560889936551536,3.751428571428572,0.5449595878420354,0.0,0.0,0.0,0.0,0.0,0.0,62.300000000000004,55.61,57.134441814595675,11.636120987443386,57.7446603125713,7.096677969991885,9.3,10.5,9.82,0.5034133490482552,10.427142857142856,0.8174393817630602,-8.100202039144852,112.8586354761092,0.128689020634147,0.128689020634147,12.87,Aman,5.164176720745996,1.2791227102279663,,2.090877289772034,2.508434802106496e-05,,,,,,,,136.41036987304688,80.55938720703125,0.85,Tenggara,55.54477310180664,-58.34889221191406,Bergerak ke arah Tenggara sejauh 80.56 km,Normal,,Normal,0.9999749156519789,False
2024-12-09 19:56:00,-8.092062379387132,114.2284373373697,4.2,39,Ijen,VolcanoDiscovery,0.0,2,0,0,0,0,0,5,0,1,0,4.2,39,2024-12-09 19:56:00,Unknown,0,1,11.100000000000001,13.117023339907957,28.857451347797507,52.46809335963183,8648.492994671014,-0.3574644155648614,0.9339267592294762,0.0,42.0,0,1.6513888888888888,0.0,0.0,0.3825857519788919,0.6956521739130435,0.38258575197889266,0.07461671288786564,Sedang,3.37,3.67,3.5233333333333334,0.6145187819207266,3.7028571428571424,0.47341716226159125,0.0,0.0,0.0,0.0,0.0,0.0,43.809825443786984,65.2935,52.85930626780628,9.251293122285798,56.984575864045254,7.370811255171817,9.855,10.305,10.085,0.9217781728810889,10.354285714285714,0.7101257433923931,-8.092062379387132,114.2284373373697,0.3341043536413995,0.3341043536413995,33.41,Aman,7.539010540783301,1.2363104820251465,,2.9636895179748537,0.10429834616148359,,,,,,,,142.13426208496094,79.4920654296875,0.85,Tenggara,48.79328918457031,-62.755104064941406,Bergerak ke arah Tenggara sejauh 79.49 km,Normal,,Normal,0.8957016538385164,False
2025-12-11 03:22:00,-7.98,114.15,2.2,4,Ijen,VolcanoDiscovery,0.0,0,4,1,1,0,0,0,0,0,0,2.2,4,2025-12-11 03:22:00,Unknown,0,1,8.1,12.905000000000003,28.39100000000001,51.62000000000001,8371.164439616114,-0.34134651424503615,0.9399375283564133,0.43388373911755823,22.0,0,366.3097222222222,0.0,0.0,-0.6728232189973614,-0.5217391304347826,-0.6728232189973615,109.9815812882633,Sedang,4.2,3.0,3.2566666666666664,1.004805122067624,3.5157142857142856,0.7439726057424728,0.0,0.0,0.0,0.0,0.0,0.0,52.46809335963183,62.300000000000004,49.29930626780629,4.772904291374782,56.25827411477412,7.6483175284794545,11.100000000000001,9.3,9.685,1.507207683101428,10.073571428571428,1.115958908613708,-7.98,114.15,0.0660817531891143,0.0660817531891143,6.61,Aman,3.0,1.3730045557022095,,0.8269954442977907,6.505018745883717e-12,,,,,,,,133.2478790283203,87.60018157958984,0.85,Tenggara,63.807647705078125,-60.01979446411133,Bergerak ke arah Tenggara sejauh 87.60 km,Normal,,Normal,0.999999999993495,False
2025-12-11 03:22:00,-7.98,114.15,2.2,4,Raung,VolcanoDiscovery,0.0,5,7,4,1,0,0,0,0,0,0,2.2,4,2025-12-11 03:22:00,Unknown,0,1,8.1,12.905000000000003,28.39100000000001,51.62000000000001,8371.164439616114,-0.34134651424503615,0.9399375283564133,0.43388373911755823,22.0,0,0.0,0.0,0.0,-0.6728232189973614,-0.5217391304347826,-0.6728232189973615,-0.4231071110878551,Sedang,2.2,3.37,2.8666666666666667,1.1547005383792506,3.2057142857142855,0.7799114723876737,0.0,0.0,0.0,0.0,0.0,0.0,51.62000000000001,43.809825443786984,51.90269778654396,0.4896469294854608,54.67448840048841,7.2267546366970485,8.1,9.855,9.100000000000001,1.7320508075688599,9.608571428571429,1.1698672085815012,-7.98,114.15,0.0769510623799507,0.0769510623799507,7.7,Aman,3.0,1.2827736139297485,,0.9172263860702516,6.306066779870889e-12,,,,,,,,135.92225646972656,80.65039825439453,0.85,Tenggara,56.103145599365234,-57.938968658447266,Bergerak ke arah Tenggara sejauh 80.65 km,Normal,,Normal,0.9999999999936939,False
2025-12-11 22:02:00,-7.92,114.16,2.2,6,Raung,VolcanoDiscovery,0.0,5,7,4,1,0,0,0,0,0,0,2.2,6,2025-12-11 22:02:00,Unknown,0,1,8.1,10.636944444444444,23.40127777777778,42.547777777777775,5687.267258742613,-0.34134651424503615,0.9399375283564133,0.43388373911755823,22.0,0,0.7777777777777778,0.0,0.0,-0.6728232189973614,-0.45217391304347826,-0.6728232189973615,-0.18868714352990418,Sedang,2.2,4.2,2.2,0.0,2.9771428571428578,0.810570052200186,0.0,0.0,0.0,0.0,0.0,0.0,51.62000000000001,52.46809335963183,48.59592592592594,5.237849942148529,52.808456654456656,8.516291277192275,8.1,11.100000000000001,8.1,0.0,9.265714285714285,1.2158550783002637,-7.92,114.16,0.057348481923392064,0.057348481923392064,5.73,Aman,3.0,1.1350513696670532,,1.064948630332947,4.012790100205166e-12,,,,,,,,146.64202880859375,81.42335510253906,0.85,Tenggara,44.77210998535156,-68.00897216796875,Bergerak ke arah Tenggara sejauh 81.42 km,Normal,,Normal,0.9999999999959872,False
2025-12-11 22:02:00,-7.92,114.16,2.2,6,Ijen,VolcanoDiscovery,0.0,0,4,1,1,0,0,0,0,0,0,2.2,6,2025-12-11 22:02:00,Unknown,0,1,8.1,10.636944444444444,23.40127777777778,42.547777777777775,5687.267258742613,-0.34134651424503615,0.9399375283564133,0.43388373911755823,22.0,0,0.0,0.0,0.0,-0.6728232189973614,-0.45217391304347826,-0.6728232189973615,-0.4231071110878551,Sedang,2.2,2.2,2.2,0.0,2.7671428571428573,0.7913430416221593,0.0,0.0,0.0,0.0,0.0,0.0,42.547777777777775,51.62000000000001,45.57185185185187,5.237849942148561,49.559067765567775,7.195586949877369,8.1,8.1,8.1,0.0,8.950714285714286,1.1870145624332178,-7.92,114.16,0.06504939326732366,0.06504939326732366,6.5,Aman,3.0,1.1514283418655396,,1.0485716581344606,4.11404244005098e-12,,,,,,,,145.4636993408203,80.66099548339844,0.85,Tenggara,45.729000091552734,-66.44588470458984,Bergerak ke arah Tenggara sejauh 80.66 km,Normal,,Normal,0.999999999995886,False
2025-12-12 03:22:00,-8.0,114.19,2.1,11,Raung,VolcanoDiscovery,0.0,16,4,8,1,0,0,0,0,0,0,2.1,11,2025-12-12 03:22:00,Unknown,0,1,7.95,8.385712809917356,18.448568181818185,33.542851239669425,3534.677740536629,-0.3251276029999093,0.9456701548465688,-0.433883739117558,21.0,0,0.2222222222222222,0.0,0.0,-0.7255936675461742,-0.2782608695652174,-0.725593667546174,-0.3561299774998691,Ringan,2.2,2.2,2.1666666666666665,0.05773502691892506,2.638571428571429,0.8198054356863904,0.0,0.0,0.0,0.0,0.0,0.0,42.547777777777775,51.62000000000001,39.546135598408334,5.198996760810169,45.450903656949116,6.912640360457301,8.1,8.1,8.049999999999999,0.08660254037770809,8.757857142857143,1.2297081535295618,-8.0,114.19,0.27809467377922986,0.27809467377922986,27.81,Aman,3.0,1.1395151615142822,,0.9604848384857179,1.2896350654045818e-12,,,,,,,,146.5364227294922,81.23509979248047,0.85,Tenggara,44.79358673095703,-67.769287109375,Bergerak ke arah Tenggara sejauh 81.24 km,Normal,,Normal,0.9999999999987104,False
2025-12-15 00:12:00,-7.97,114.15,2.2,11,Raung,VolcanoDiscovery,0.0,6,3,8,1,0,0,0,0,0,0,2.2,11,2025-12-15 00:12:00,Unknown,0,1,8.1,8.695599173553719,19.130318181818183,34.782396694214874,3800.746292545837,-0.27591294500296043,0.9611826292540837,0.0,22.0,0,2.8680555555555554,0.0,0.0,-0.6728232189973614,-0.2782608695652174,-0.6728232189973615,0.4413165192820888,Sedang,2.1,2.2,2.1666666666666665,0.05773502691892506,2.4714285714285715,0.763138881450127,0.0,0.0,0.0,0.0,0.0,0.0,33.542851239669425,42.547777777777775,36.957675237220705,4.880681616734867,44.161270978438814,8.022774006040152,7.95,8.1,8.049999999999999,0.08660254037770809,8.507142857142856,1.1447083221751602,-7.97,114.15,0.07071089923269151,0.07071089923269151,7.07,Aman,3.0,1.1220004558563232,,1.077999544143677,3.227640377190255e-12,,,,,,,,146.95077514648438,81.97377014160156,0.85,Tenggara,44.70517349243164,-68.7105941772461,Bergerak ke arah Tenggara sejauh 81.97 km,Normal,,Normal,0.9999999999967724,False
2025-12-15 00:12:00,-7.97,114.15,2.2,11,Ijen,VolcanoDiscovery,0.0,1,5,3,1,3,1,0,0,2,0,2.2,11,2025-12-15 00:12:00,Unknown,0,1,8.1,8.695599173553719,19.130318181818183,34.782396694214874,3800.746292545837,-0.27591294500296043,0.9611826292540837,0.0,22.0,0,0.0,0.0,0.0,-0.6728232189973614,-0.2782608695652174,-0.6728232189973615,-0.4231071110878551,Sedang,2.2,2.2,2.1666666666666665,0.05773502691892506,2.185714285714286,0.037796447300872026,0.0,0.0,0.0,0.0,0.0,0.0,34.782396694214874,42.547777777777775,34.36921487603306,0.7156519018586582,41.634742883379246,7.7509783444056435,8.1,8.1,8.049999999999999,0.08660254037770809,8.078571428571427,0.05669467095051745,-7.97,114.15,0.0628586638446888,0.0628586638446888,6.29,Aman,3.0,1.1310582160949707,,1.0689417839050295,3.2240876635114546e-12,,,,,,,,146.73648071289062,81.59175109863281,0.85,Tenggara,44.7523078918457,-68.2234878540039,Bergerak ke arah Tenggara sejauh 81.59 km,Normal,,Normal,0.9999999999967759,False
2025-12-15 20:39:00,-7.96,114.15,2.5,10,Raung,VolcanoDiscovery,0.0,6,3,8,1,0,0,0,0,0,0,2.5,10,2025-12-15 20:39:00,Unknown,0,1,8.55,9.856250000000001,21.683750000000003,39.425000000000004,4883.073672749632,-0.27591294500296043,0.9611826292540837,0.0,25.0,0,0.8520833333333333,0.0,0.0,-0.5145118733509235,-0.3130434782608696,-0.5145118733509231,-0.16629166448642138,Sedang,2.2,2.1,2.3000000000000003,0.17320508075687646,2.2285714285714286,0.12535663410558787,0.0,0.0,0.0,0.0,0.0,0.0,34.782396694214874,33.542851239669425,36.32993112947659,2.68040826833673,39.89260002623639,6.382243121288859,8.1,7.95,8.25,0.2598076211351101,8.142857142857142,0.18803495115815164,-7.96,114.15,0.06242493148105454,0.06242493148105454,6.24,Aman,3.393674346971149,1.0380452871322632,,1.4619547128677368,2.823785649752608e-10,-8.027342411108695,113.27680553664025,,163.0,5.993404666666116,116.57,2.48,280.77191162109375,242.2823944091797,0.85,Barat,-238.01312255859375,45.28254699707031,Bergerak ke arah Barat sejauh 242.28 km,Normal,,Normal,0.9999999997176214,False
