{
  "class_names": [
    "Normal",
    "Waspada",
    "Siaga",
    "Awas"
  ],
  "accuracy": 0.0,
  "confusion_matrix": [
    [
      0,
      0,
      0,
      0
    ],
    [
      7,
      0,
      2,
      0
    ],
    [
      0,
      0,
      0,
      0
    ],
    [
      0,
      0,
      0,
      0
    ]
  ],
  "report_str": "              precision    recall  f1-score   support\n\n      Normal       0.00      0.00      0.00       0.0\n     Waspada       0.00      0.00      0.00       9.0\n       Siaga       0.00      0.00      0.00       0.0\n        Awas       0.00      0.00      0.00       0.0\n\n    accuracy                           0.00       9.0\n   macro avg       0.00      0.00      0.00       9.0\nweighted avg       0.00      0.00      0.00       9.0\n",
  "roc_auc": {
    "fpr": {
      "1": [
        NaN,
        NaN,
        NaN,
        NaN,
        NaN
      ]
    },
    "tpr": {
      "1": [
        0.0,
        0.1111111111111111,
        0.4444444444444444,
        0.6666666666666666,
        1.0
      ]
    },
    "roc_auc": {
      "Normal": 0.5,
      "Waspada": NaN,
      "Siaga": 0.5,
      "Awas": 0.5
    }
  }
}