{
  "class_names": [
    "Normal",
    "Tidak Normal"
  ],
  "accuracy": 0.9173913043478261,
  "confusion_matrix": [
    [
      172,
      13
    ],
    [
      6,
      39
    ]
  ],
  "report_str": "              precision    recall  f1-score   support\n\n      Normal       0.97      0.93      0.95       185\nTidak Normal       0.75      0.87      0.80        45\n\n    accuracy                           0.92       230\n   macro avg       0.86      0.90      0.88       230\nweighted avg       0.92      0.92      0.92       230\n",
  "roc_auc": {
    "fpr": {
      "0": [
        0.0,
        0.0,
        0.0,
        0.022222222222222223,
        0.022222222222222223,
        0.044444444444444446,
        0.044444444444444446,
        0.1111111111111111,
        0.1111111111111111,
        0.2,
        0.2,
        0.28888888888888886,
        0.28888888888888886,
        0.5111111111111111,
        0.5111111111111111,
        0.6444444444444445,
        0.6444444444444445,
        0.6888888888888889,
        0.6888888888888889,
        0.8222222222222222,
        0.8222222222222222,
        0.8666666666666667,
        0.8666666666666667,
        0.9111111111111111,
        0.9111111111111111,
        0.9555555555555556,
        0.9555555555555556,
        0.9777777777777777,
        0.9777777777777777,
        1.0,
        1.0
      ],
      "1": [
        0.0,
        0.005405405405405406,
        0.010810810810810811,
        0.010810810810810811,
        0.016216216216216217,
        0.016216216216216217,
        0.021621621621621623,
        0.021621621621621623,
        0.02702702702702703,
        0.02702702702702703,
        0.032432432432432434,
        0.032432432432432434,
        0.03783783783783784,
        0.03783783783783784,
        0.043243243243243246,
        0.043243243243243246,
        0.04864864864864865,
        0.04864864864864865,
        0.05405405405405406,
        0.05405405405405406,
        0.05945945945945946,
        0.05945945945945946,
        0.07027027027027027,
        0.07027027027027027,
        0.07567567567567568,
        0.07567567567567568,
        0.0918918918918919,
        0.0918918918918919,
        0.0972972972972973,
        0.0972972972972973,
        1.0
      ]
    },
    "tpr": {
      "0": [
        0.0,
        0.04864864864864865,
        0.9027027027027027,
        0.9027027027027027,
        0.9081081081081082,
        0.9081081081081082,
        0.9243243243243243,
        0.9243243243243243,
        0.9297297297297298,
        0.9297297297297298,
        0.9405405405405406,
        0.9405405405405406,
        0.9459459459459459,
        0.9459459459459459,
        0.9513513513513514,
        0.9513513513513514,
        0.9567567567567568,
        0.9567567567567568,
        0.9621621621621622,
        0.9621621621621622,
        0.9675675675675676,
        0.9675675675675676,
        0.972972972972973,
        0.972972972972973,
        0.9783783783783784,
        0.9783783783783784,
        0.9837837837837838,
        0.9837837837837838,
        0.9891891891891892,
        0.9891891891891892,
        1.0
      ],
      "1": [
        0.0,
        0.0,
        0.0,
        0.022222222222222223,
        0.022222222222222223,
        0.044444444444444446,
        0.044444444444444446,
        0.08888888888888889,
        0.08888888888888889,
        0.13333333333333333,
        0.13333333333333333,
        0.17777777777777778,
        0.17777777777777778,
        0.3111111111111111,
        0.3111111111111111,
        0.35555555555555557,
        0.35555555555555557,
        0.4888888888888889,
        0.4888888888888889,
        0.7111111111111111,
        0.7111111111111111,
        0.8,
        0.8,
        0.8888888888888888,
        0.8888888888888888,
        0.9555555555555556,
        0.9555555555555556,
        0.9777777777777777,
        0.9777777777777777,
        1.0,
        1.0
      ]
    },
    "roc_auc": {
      "Normal": 0.9495495495495495,
      "Tidak Normal": 0.9495495495495495
    }
  }
}