{
  "class_names": [
    "Normal",
    "Waspada",
    "Siaga",
    "Awas"
  ],
  "accuracy": 0.9260869565217391,
  "confusion_matrix": [
    [
      168,
      3,
      0,
      0
    ],
    [
      11,
      28,
      1,
      0
    ],
    [
      0,
      1,
      12,
      1
    ],
    [
      0,
      0,
      0,
      5
    ]
  ],
  "report_str": "              precision    recall  f1-score   support\n\n      Normal       0.94      0.98      0.96       171\n     Waspada       0.88      0.70      0.78        40\n       Siaga       0.92      0.86      0.89        14\n        Awas       0.83      1.00      0.91         5\n\n    accuracy                           0.93       230\n   macro avg       0.89      0.88      0.88       230\nweighted avg       0.92      0.93      0.92       230\n",
  "roc_auc": {
    "fpr": {
      "0": [
        0.0,
        0.01694915254237288,
        0.13559322033898305,
        0.13559322033898305,
        0.3898305084745763,
        0.3898305084745763,
        0.5254237288135594,
        0.5254237288135594,
        0.6440677966101694,
        0.6440677966101694,
        0.6610169491525424,
        0.6610169491525424,
        0.6779661016949152,
        0.6779661016949152,
        0.6949152542372882,
        0.6949152542372882,
        0.711864406779661,
        0.711864406779661,
        0.7288135593220338,
        0.7288135593220338,
        0.7457627118644068,
        0.7457627118644068,
        0.7627118644067796,
        0.7627118644067796,
        0.7796610169491526,
        0.7796610169491526,
        0.7966101694915254,
        0.7966101694915254,
        0.8135593220338984,
        0.8135593220338984,
        0.8305084745762712,
        0.8305084745762712,
        0.847457627118644,
        0.847457627118644,
        0.864406779661017,
        0.864406779661017,
        0.8813559322033898,
        0.8813559322033898,
        0.8983050847457628,
        0.8983050847457628,
        0.9152542372881356,
        0.9152542372881356,
        0.9322033898305084,
        0.9322033898305084,
        0.9491525423728814,
        0.9491525423728814,
        0.9661016949152542,
        0.9661016949152542,
        0.9830508474576272,
        0.9830508474576272,
        1.0,
        1.0
      ],
      "1": [
        0.0,
        0.18421052631578946,
        0.18947368421052632,
        0.20526315789473684,
        0.22631578947368422,
        0.24210526315789474,
        0.25263157894736843,
        0.8631578947368421,
        0.8631578947368421,
        0.8736842105263158,
        0.8736842105263158,
        0.8789473684210526,
        0.8789473684210526,
        0.8842105263157894,
        0.8842105263157894,
        0.8894736842105263,
        0.8894736842105263,
        0.9052631578947369,
        0.9052631578947369,
        0.9157894736842105,
        0.9157894736842105,
        0.9315789473684211,
        0.9315789473684211,
        0.968421052631579,
        0.968421052631579,
        1.0
      ],
      "2": [
        0.0,
        0.0,
        0.0,
        0.004629629629629629,
        0.004629629629629629,
        1.0
      ],
      "3": [
        0.0,
        0.0044444444444444444,
        0.7733333333333333,
        0.7733333333333333,
        0.8488888888888889,
        0.8488888888888889,
        0.9244444444444444,
        0.9244444444444444,
        0.9333333333333333,
        0.9333333333333333,
        0.9866666666666667,
        0.9866666666666667,
        1.0
      ]
    },
    "tpr": {
      "0": [
        0.0,
        0.0,
        0.0,
        0.005847953216374269,
        0.005847953216374269,
        0.011695906432748537,
        0.011695906432748537,
        0.017543859649122806,
        0.017543859649122806,
        0.029239766081871343,
        0.029239766081871343,
        0.03508771929824561,
        0.03508771929824561,
        0.08771929824561403,
        0.08771929824561403,
        0.0935672514619883,
        0.0935672514619883,
        0.10526315789473684,
        0.10526315789473684,
        0.18128654970760233,
        0.18128654970760233,
        0.19883040935672514,
        0.19883040935672514,
        0.21052631578947367,
        0.21052631578947367,
        0.27485380116959063,
        0.27485380116959063,
        0.30994152046783624,
        0.30994152046783624,
        0.42105263157894735,
        0.42105263157894735,
        0.4853801169590643,
        0.4853801169590643,
        0.49707602339181284,
        0.49707602339181284,
        0.5087719298245614,
        0.5087719298245614,
        0.631578947368421,
        0.631578947368421,
        0.6491228070175439,
        0.6491228070175439,
        0.695906432748538,
        0.695906432748538,
        0.7251461988304093,
        0.7251461988304093,
        0.7719298245614035,
        0.7719298245614035,
        0.8596491228070176,
        0.8596491228070176,
        0.8830409356725146,
        0.8830409356725146,
        1.0
      ],
      "1": [
        0.0,
        0.0,
        0.0,
        0.0,
        0.0,
        0.0,
        0.0,
        0.0,
        0.025,
        0.025,
        0.05,
        0.05,
        0.1,
        0.1,
        0.375,
        0.375,
        0.9,
        0.9,
        0.925,
        0.925,
        0.95,
        0.95,
        0.975,
        0.975,
        1.0,
        1.0
      ],
      "2": [
        0.0,
        0.07142857142857142,
        0.5,
        0.5,
        1.0,
        1.0
      ],
      "3": [
        0.0,
        0.0,
        0.0,
        0.2,
        0.2,
        0.4,
        0.4,
        0.6,
        0.6,
        0.8,
        0.8,
        1.0,
        1.0
      ]
    },
    "roc_auc": {
      "Normal": 0.15184854792348101,
      "Waspada": 0.10947368421052633,
      "Siaga": 0.9976851851851851,
      "Awas": 0.10666666666666666
    }
  }
}