{
  "class_names": [
    "Normal",
    "Waspada",
    "Siaga",
    "Awas"
  ],
  "accuracy": 0.9,
  "confusion_matrix": [
    [
      168,
      3,
      0,
      0
    ],
    [
      16,
      23,
      1,
      0
    ],
    [
      0,
      2,
      11,
      1
    ],
    [
      0,
      0,
      0,
      5
    ]
  ],
  "report_str": "              precision    recall  f1-score   support\n\n      Normal       0.91      0.98      0.95       171\n     Waspada       0.82      0.57      0.68        40\n       Siaga       0.92      0.79      0.85        14\n        Awas       0.83      1.00      0.91         5\n\n    accuracy                           0.90       230\n   macro avg       0.87      0.84      0.84       230\nweighted avg       0.90      0.90      0.89       230\n",
  "roc_auc": {
    "fpr": {
      "0": [
        0.0,
        0.01694915254237288,
        0.4406779661016949,
        0.4406779661016949,
        0.711864406779661,
        0.711864406779661,
        0.7288135593220338,
        0.7288135593220338,
        0.7627118644067796,
        0.7627118644067796,
        0.7796610169491526,
        0.7796610169491526,
        0.7966101694915254,
        0.7966101694915254,
        0.8135593220338984,
        0.8135593220338984,
        0.847457627118644,
        0.847457627118644,
        0.864406779661017,
        0.864406779661017,
        0.8813559322033898,
        0.8813559322033898,
        0.9152542372881356,
        0.9152542372881356,
        0.9322033898305084,
        0.9322033898305084,
        0.9491525423728814,
        0.9491525423728814,
        0.9661016949152542,
        0.9661016949152542,
        0.9830508474576272,
        0.9830508474576272,
        1.0,
        1.0
      ],
      "1": [
        0.0,
        0.005263157894736842,
        0.8368421052631579,
        0.8368421052631579,
        0.8526315789473684,
        0.8526315789473684,
        0.8736842105263158,
        0.8736842105263158,
        0.8789473684210526,
        0.8789473684210526,
        0.8842105263157894,
        0.8842105263157894,
        0.8894736842105263,
        0.8894736842105263,
        0.9052631578947369,
        0.9052631578947369,
        0.9157894736842105,
        0.9157894736842105,
        0.9473684210526315,
        0.9473684210526315,
        0.9842105263157894,
        0.9842105263157894,
        1.0
      ],
      "2": [
        0.0,
        0.0,
        0.0,
        0.004629629629629629,
        0.004629629629629629,
        0.023148148148148147,
        0.023148148148148147,
        1.0
      ],
      "3": [
        0.0,
        0.0044444444444444444,
        0.64,
        0.64,
        0.7866666666666666,
        0.7866666666666666,
        0.88,
        0.88,
        0.8888888888888888,
        0.8888888888888888,
        0.9111111111111111,
        0.9111111111111111,
        1.0
      ]
    },
    "tpr": {
      "0": [
        0.0,
        0.0,
        0.0,
        0.005847953216374269,
        0.005847953216374269,
        0.011695906432748537,
        0.011695906432748537,
        0.017543859649122806,
        0.017543859649122806,
        0.04093567251461988,
        0.04093567251461988,
        0.05263157894736842,
        0.05263157894736842,
        0.07602339181286549,
        0.07602339181286549,
        0.10526315789473684,
        0.10526315789473684,
        0.14619883040935672,
        0.14619883040935672,
        0.15204678362573099,
        0.15204678362573099,
        0.27485380116959063,
        0.27485380116959063,
        0.2807017543859649,
        0.2807017543859649,
        0.2982456140350877,
        0.2982456140350877,
        0.42105263157894735,
        0.42105263157894735,
        0.5906432748538012,
        0.5906432748538012,
        0.6783625730994152,
        0.6783625730994152,
        1.0
      ],
      "1": [
        0.0,
        0.0,
        0.0,
        0.025,
        0.025,
        0.05,
        0.05,
        0.075,
        0.075,
        0.175,
        0.175,
        0.425,
        0.425,
        0.9,
        0.9,
        0.925,
        0.925,
        0.95,
        0.95,
        0.975,
        0.975,
        1.0,
        1.0
      ],
      "2": [
        0.0,
        0.07142857142857142,
        0.7857142857142857,
        0.7857142857142857,
        0.9285714285714286,
        0.9285714285714286,
        1.0,
        1.0
      ],
      "3": [
        0.0,
        0.0,
        0.0,
        0.2,
        0.2,
        0.4,
        0.4,
        0.6,
        0.6,
        0.8,
        0.8,
        1.0,
        1.0
      ]
    },
    "roc_auc": {
      "Normal": 0.061651303399742285,
      "Waspada": 0.11065789473684212,
      "Siaga": 0.9976851851851852,
      "Awas": 0.1786666666666667
    }
  }
}