Acquired_Date,cnn_angle_deg,cnn_cardinal,cnn_distance_km
2022-01-01 07:57:00,215.59840393066406,Barat Daya,86.24383544921875
2022-01-03 12:48:00,215.59840393066406,Barat Daya,86.24383544921875
2022-01-03 13:56:00,215.59840393066406,Barat Daya,86.24383544921875
2022-01-03 19:35:00,215.59840393066406,Barat Daya,86.24383544921875
2022-01-04 13:41:00,215.59840393066406,Barat Daya,86.24383544921875
2022-01-06 21:43:00,215.59840393066406,Barat Daya,86.24383544921875
2022-01-07 07:34:00,215.59840393066406,Barat Daya,86.24383544921875
2022-01-12 02:21:00,215.59840393066406,Barat Daya,86.24383544921875
2022-01-12 09:01:00,215.59840393066406,Barat Daya,86.24383544921875
2022-01-14 00:42:00,215.59840393066406,Barat Daya,86.24383544921875
2022-01-14 10:05:00,215.59840393066406,Barat Daya,86.24383544921875
2022-01-14 12:19:00,215.59840393066406,Barat Daya,86.24383544921875
2022-01-14 20:50:00,215.59840393066406,Barat Daya,86.24383544921875
2022-01-15 04:26:00,215.59840393066406,Barat Daya,86.24383544921875
2022-01-15 06:38:00,215.59840393066406,Barat Daya,86.24383544921875
2022-01-15 08:30:00,215.59840393066406,Barat Daya,86.24383544921875
2022-01-16 02:39:00,215.59840393066406,Barat Daya,86.24383544921875
2022-01-18 04:38:00,215.59840393066406,Barat Daya,86.24383544921875
2022-01-19 11:00:00,215.59840393066406,Barat Daya,86.24383544921875
2022-01-19 12:05:00,215.59840393066406,Barat Daya,86.24383544921875
2022-01-19 21:24:00,215.59840393066406,Barat Daya,86.24383544921875
2022-01-19 22:30:00,215.59840393066406,Barat Daya,86.24383544921875
2022-01-20 01:17:00,215.59840393066406,Barat Daya,86.24383544921875
2022-01-20 11:11:00,215.59840393066406,Barat Daya,86.24383544921875
2022-01-22 11:34:00,215.59840393066406,Barat Daya,86.24383544921875
2022-01-22 13:08:00,215.59840393066406,Barat Daya,86.24383544921875
2022-01-23 10:28:00,215.59840393066406,Barat Daya,86.24383544921875
2022-01-23 22:19:00,215.59840393066406,Barat Daya,86.24383544921875
2022-01-23 23:14:00,215.59840393066406,Barat Daya,86.24383544921875
2022-01-24 22:17:00,215.59840393066406,Barat Daya,86.24383544921875
2022-01-25 02:41:00,176.08543395996094,Selatan,82.93647766113281
2022-01-25 05:28:00,173.93136596679688,Selatan,81.93745422363281
2022-01-25 09:51:00,173.50184631347656,Selatan,82.55322265625
2022-01-25 12:18:00,173.22215270996094,Selatan,82.91918182373047
2022-01-25 15:46:00,173.68978881835938,Selatan,83.97636413574219
2022-01-25 17:12:00,173.9049530029297,Selatan,82.02571868896484
2022-01-25 22:28:00,173.95230102539062,Selatan,81.81226348876953
2022-01-26 15:54:00,174.52420043945312,Selatan,81.61146545410156
2022-01-26 19:52:00,175.51394653320312,Selatan,82.45149993896484
2022-01-27 16:17:00,173.92385864257812,Selatan,81.73772430419922
2022-01-29 07:25:00,179.99571228027344,Selatan,65.76449584960938
2022-01-29 20:38:00,176.49635314941406,Selatan,86.4579086303711
2022-01-30 04:40:00,177.40399169921875,Selatan,67.02749633789062
2022-01-31 18:18:00,185.8971405029297,Selatan,83.05191802978516
2022-01-31 23:24:00,180.39035034179688,Selatan,88.44847869873047
2022-02-01 03:26:00,180.78314208984375,Selatan,88.87300109863281
2022-02-01 11:35:00,180.24961853027344,Selatan,73.46463012695312
2022-02-01 16:55:00,182.4680633544922,Selatan,90.13414001464844
2022-02-02 12:47:00,179.0836944580078,Selatan,87.79269409179688
2022-02-03 03:39:00,182.6643524169922,Selatan,88.15568542480469
2022-02-04 03:40:00,182.5958251953125,Selatan,89.17882537841797
2022-02-04 04:58:00,181.84027099609375,Selatan,87.94742584228516
2022-02-08 10:32:00,178.32254028320312,Selatan,87.61367797851562
2022-02-08 16:39:00,182.66018676757812,Selatan,88.30184936523438
2022-02-08 17:55:00,182.51930236816406,Selatan,89.78016662597656
2022-02-08 19:32:00,177.66847229003906,Selatan,66.20992279052734
2022-02-09 08:47:00,203.4840087890625,Barat Daya,79.1025161743164
2022-02-09 11:02:00,187.53662109375,Selatan,81.39622497558594
2022-02-09 13:40:00,186.48648071289062,Selatan,82.559326171875
2022-02-09 15:54:00,186.49777221679688,Selatan,82.54987335205078
2022-02-10 01:42:00,176.07240295410156,Selatan,86.03831481933594
2022-02-10 20:02:00,175.3991241455078,Selatan,85.418212890625
2022-02-11 11:06:00,177.00526428222656,Selatan,87.52674102783203
2022-02-12 12:16:00,176.87469482421875,Selatan,86.86457824707031
2022-02-12 14:08:00,178.32781982421875,Selatan,87.61392974853516
2022-02-13 16:41:00,175.1743621826172,Selatan,85.22864532470703
2022-02-13 23:01:00,173.20594787597656,Selatan,82.94041442871094
2022-02-14 16:44:00,182.6360321044922,Selatan,88.65621948242188
2022-02-14 18:34:00,173.26148986816406,Selatan,82.86772155761719
2022-02-15 17:30:00,177.43670654296875,Selatan,67.3514404296875
2022-02-15 17:40:00,173.2644805908203,Selatan,82.8637924194336
2022-02-15 19:53:00,182.46546936035156,Selatan,90.152099609375
2022-02-16 09:35:00,189.18548583984375,Selatan,79.20010375976562
2022-02-16 22:27:00,180.6817169189453,Selatan,87.98863983154297
2022-02-17 19:09:00,177.51318359375,Selatan,87.57349395751953
2022-02-18 02:15:00,174.6818084716797,Selatan,84.81317901611328
2022-02-18 09:05:00,173.61134338378906,Selatan,82.40995788574219
2022-02-19 06:31:00,173.43807983398438,Selatan,82.63662719726562
2022-02-21 13:36:00,173.25347900390625,Selatan,83.45618438720703
2022-02-22 03:16:00,177.47775268554688,Selatan,87.57173919677734
2022-02-22 13:21:00,182.4888153076172,Selatan,89.99090576171875
2022-02-22 17:37:00,176.94699096679688,Selatan,87.23118591308594
2022-02-23 00:24:00,181.68006896972656,Selatan,87.95094299316406
2022-02-23 13:18:00,185.24899291992188,Selatan,76.81510162353516
2022-02-23 20:46:00,202.68951416015625,Barat Daya,79.25502014160156
2022-02-24 01:05:00,180.52952575683594,Selatan,88.59886932373047
2022-02-24 23:32:00,176.98594665527344,Selatan,87.42878723144531
2022-02-25 04:36:00,175.88922119140625,Selatan,85.85704803466797
2022-02-25 20:30:00,176.87667846679688,Selatan,86.8747329711914
2022-02-26 17:20:00,179.10472106933594,Selatan,87.79801177978516
2022-02-27 10:34:00,181.48895263671875,Selatan,89.6234359741211
2022-02-28 01:37:00,181.25064086914062,Selatan,74.1835708618164
2022-03-03 14:55:00,201.54002380371094,Selatan,79.56086730957031
2022-03-04 20:55:00,199.8822021484375,Selatan,80.5302734375
2022-03-08 19:10:00,177.88946533203125,Selatan,71.83032989501953
2022-03-09 13:06:00,182.65342712402344,Selatan,75.1388168334961
2022-03-09 19:19:00,177.49501037597656,Selatan,67.9281005859375
2022-03-10 01:12:00,182.945556640625,Selatan,75.3274917602539
2022-03-10 02:23:00,182.13426208496094,Selatan,90.28167724609375
2022-03-11 02:13:00,197.67764282226562,Selatan,81.81938934326172
2022-03-11 09:46:00,173.19761657714844,Selatan,83.12686920166016
2022-03-11 11:43:00,176.99920654296875,Selatan,87.49597930908203
2022-03-11 18:07:00,174.97068786621094,Selatan,85.05683135986328
2022-03-12 02:51:00,174.844970703125,Selatan,84.95079040527344
2022-03-12 10:11:00,175.41380310058594,Selatan,85.43061065673828
2022-03-12 11:44:00,173.68634033203125,Selatan,82.31179809570312
2022-03-13 05:36:00,173.94204711914062,Selatan,81.8734130859375
2022-03-13 13:08:00,173.6879425048828,Selatan,82.30970764160156
2022-03-13 13:56:00,176.4804229736328,Selatan,86.44214630126953
2022-03-15 07:32:00,176.943359375,Selatan,87.21281433105469
2022-03-16 15:13:00,176.9861297607422,Selatan,87.4296875
2022-03-16 21:01:00,173.81185913085938,Selatan,82.14755249023438
2022-03-17 00:16:00,173.64303588867188,Selatan,82.36844635009766
2022-03-17 04:38:00,176.97311401367188,Selatan,87.36360168457031
2022-03-18 07:08:00,183.40834045410156,Selatan,75.62635803222656
2022-03-18 14:44:00,182.6236114501953,Selatan,88.81763458251953
2022-03-18 19:45:00,187.5074005126953,Selatan,81.43510437011719
2022-03-18 19:49:00,182.89686584472656,Selatan,75.29603576660156
2022-03-19 07:12:00,185.25733947753906,Selatan,83.58667755126953
2022-03-19 18:08:00,179.78518676757812,Selatan,87.9698257446289
2022-03-20 16:52:00,177.68768310546875,Selatan,87.58216094970703
2022-03-21 04:23:00,177.57266235351562,Selatan,68.69629669189453
2022-03-22 23:48:00,174.10357666015625,Selatan,84.32539367675781
2022-03-23 01:18:00,173.26593017578125,Selatan,82.86192321777344
2022-03-23 04:04:00,177.22557067871094,Selatan,87.55921173095703
2022-03-24 05:34:00,189.6426239013672,Selatan,78.59127807617188
2022-03-24 20:52:00,181.9202880859375,Selatan,90.06343078613281
2022-03-25 07:02:00,182.5127410888672,Selatan,85.8808364868164
2022-03-25 21:24:00,177.8541259765625,Selatan,71.4808349609375
2022-03-26 12:43:00,176.7355194091797,Selatan,86.69461059570312
2022-03-26 18:59:00,180.42298889160156,Selatan,88.48374938964844
2022-03-27 19:18:00,182.66603088378906,Selatan,88.20761108398438
2022-03-28 19:36:00,181.5395050048828,Selatan,89.67503356933594
2022-03-29 03:07:00,182.44578552246094,Selatan,90.25045776367188
2022-03-29 06:36:00,177.5608673095703,Selatan,68.57946014404297
2022-03-29 19:32:00,182.98175048828125,Selatan,85.48880767822266
2022-03-30 02:27:00,177.61648559570312,Selatan,87.57862854003906
2022-03-30 12:58:00,180.90963745117188,Selatan,87.97692108154297
2022-03-31 01:55:00,180.69580078125,Selatan,87.9879150390625
2022-04-01 03:51:00,182.4485626220703,Selatan,90.24859619140625
2022-04-01 08:46:00,182.25741577148438,Selatan,90.37598419189453
2022-04-02 16:58:00,182.05401611328125,Selatan,90.1998291015625
2022-04-02 17:36:00,181.30862426757812,Selatan,87.95911407470703
2022-04-02 20:59:00,180.59469604492188,Selatan,87.99311065673828
2022-04-03 20:07:00,176.876220703125,Selatan,86.87248229980469
2022-04-04 01:51:00,182.61891174316406,Selatan,88.87894439697266
2022-04-04 05:30:00,181.13717651367188,Selatan,87.96524047851562
2022-04-05 06:29:00,176.83692932128906,Selatan,86.79496002197266
2022-04-05 18:14:00,174.78726196289062,Selatan,84.902099609375
2022-04-05 21:49:00,176.60711669921875,Selatan,86.56752014160156
2022-04-06 01:06:00,181.26104736328125,Selatan,87.96015930175781
2022-04-06 01:52:00,179.42193603515625,Selatan,65.59870147705078
2022-04-06 21:44:00,173.823974609375,Selatan,82.13170623779297
2022-04-07 18:53:00,173.29823303222656,Selatan,82.81966400146484
2022-04-07 20:14:00,176.96481323242188,Selatan,87.3215103149414
2022-04-08 10:47:00,175.3931884765625,Selatan,85.41321563720703
2022-04-10 16:51:00,174.39004516601562,Selatan,84.56703186035156
2022-04-11 05:21:00,176.3040008544922,Selatan,86.26753234863281
2022-04-11 16:11:00,177.2968292236328,Selatan,87.56275177001953
2022-04-12 22:12:00,174.091552734375,Selatan,84.31526184082031
2022-04-12 22:12:00,176.87786865234375,Selatan,86.88080596923828
2022-04-12 23:04:00,176.19371032714844,Selatan,86.15835571289062
2022-04-12 23:20:00,176.86776733398438,Selatan,86.82950592041016
2022-04-13 11:34:00,174.21478271484375,Selatan,84.4192123413086
2022-04-14 01:23:00,176.612548828125,Selatan,86.57288360595703
2022-04-14 01:39:00,188.4734649658203,Selatan,77.65109252929688
2022-04-14 08:06:00,180.6787109375,Selatan,87.9887924194336
2022-04-14 11:27:00,173.26016235351562,Selatan,83.49573516845703
2022-04-14 13:15:00,175.87509155273438,Selatan,85.84307098388672
2022-04-14 13:55:00,173.1784210205078,Selatan,82.97642517089844
2022-04-14 14:19:00,175.36007690429688,Selatan,85.38528442382812
2022-04-15 16:10:00,181.4839630126953,Selatan,89.61837005615234
2022-04-16 12:54:00,177.14251708984375,Selatan,87.55509948730469
2022-04-18 10:48:00,173.3248291015625,Selatan,82.78484344482422
2022-04-18 16:09:00,175.19296264648438,Selatan,85.24433135986328
2022-04-19 05:13:00,182.62928771972656,Selatan,88.74363708496094
2022-04-19 19:59:00,183.8994598388672,Selatan,75.94354248046875
2022-04-20 06:56:00,174.00466918945312,Selatan,84.24195098876953
2022-04-20 09:39:00,177.64154052734375,Selatan,87.57987213134766
2022-04-20 16:55:00,175.18020629882812,Selatan,85.23355865478516
2022-04-20 20:46:00,173.49391174316406,Selatan,82.56359100341797
2022-04-20 23:21:00,173.18484497070312,Selatan,82.96800994873047
2022-04-21 05:04:00,173.29022216796875,Selatan,82.83013153076172
2022-04-21 17:24:00,176.6859130859375,Selatan,86.64549255371094
2022-04-22 12:32:00,174.59298706054688,Selatan,84.73822784423828
2022-04-22 13:45:00,182.63427734375,Selatan,88.67872619628906
2022-04-23 08:21:00,187.5559539794922,Selatan,81.37045288085938
2022-04-23 14:47:00,177.28231811523438,Selatan,87.5620346069336
2022-04-24 04:35:00,187.16806030273438,Selatan,81.88705444335938
2022-04-24 19:16:00,179.0074005126953,Selatan,65.76836395263672
2022-04-25 02:12:00,180.09097290039062,Selatan,87.90510559082031
2022-04-25 04:02:00,181.87606811523438,Selatan,90.0183334350586
2022-04-25 09:49:00,178.2613525390625,Selatan,87.61064910888672
2022-04-25 12:22:00,175.6160430908203,Selatan,85.6011962890625
2022-04-26 11:56:00,176.2850799560547,Selatan,86.2488021850586
2022-04-27 00:54:00,175.90480041503906,Selatan,85.87244415283203
2022-04-28 00:51:00,173.5407257080078,Selatan,82.5023422241211
2022-04-28 06:15:00,175.9661865234375,Selatan,85.93319702148438
2022-04-28 14:06:00,173.88076782226562,Selatan,82.05741882324219
2022-04-29 04:38:00,182.4766387939453,Selatan,90.0748519897461
2022-04-29 05:17:00,181.90867614746094,Selatan,90.05160522460938
2022-04-29 23:32:00,177.51783752441406,Selatan,68.15364837646484
2022-04-30 08:31:00,186.04759216308594,Selatan,82.92616271972656
2022-05-01 13:34:00,177.33786010742188,Selatan,87.56478881835938
2022-05-01 23:11:00,181.00181579589844,Selatan,87.97219848632812
2022-05-02 01:30:00,181.888427734375,Selatan,86.40266418457031
2022-05-02 18:06:00,188.04812622070312,Selatan,80.71492767333984
2022-05-03 20:06:00,182.51620483398438,Selatan,89.80164337158203
2022-05-05 02:48:00,198.79714965820312,Selatan,75.1003646850586
2022-05-05 15:21:00,177.46945190429688,Selatan,67.67520141601562
2022-05-06 23:39:00,183.21481323242188,Selatan,75.50137329101562
2022-05-07 01:54:00,177.86544799804688,Selatan,71.5927505493164
2022-05-07 09:53:00,177.50621032714844,Selatan,68.03865051269531
2022-05-07 15:57:00,181.0504150390625,Selatan,87.96968078613281
2022-05-08 10:42:00,181.86370849609375,Selatan,87.94691467285156
2022-05-08 17:30:00,178.17111206054688,Selatan,87.60617065429688
2022-05-09 10:00:00,173.79844665527344,Selatan,82.16510009765625
2022-05-10 18:12:00,173.53781127929688,Selatan,82.50616455078125
2022-05-11 02:00:00,173.4472198486328,Selatan,82.62472534179688
2022-05-11 14:08:00,174.30532836914062,Selatan,81.42568969726562
2022-05-11 16:57:00,173.7183074951172,Selatan,82.26996612548828
2022-05-13 07:06:00,175.22927856445312,Selatan,82.2098617553711
2022-05-13 20:07:00,173.9285125732422,Selatan,81.95450592041016
2022-05-13 21:22:00,174.8564453125,Selatan,81.89347076416016
2022-05-14 23:16:00,176.31246948242188,Selatan,83.12918853759766
2022-05-15 15:03:00,173.93655395507812,Selatan,81.90633392333984
2022-05-15 23:27:00,176.37294006347656,Selatan,86.33575439453125
2022-05-16 16:40:00,182.63978576660156,Selatan,88.60736083984375
2022-05-16 19:58:00,200.6605224609375,Selatan,80.07514190673828
2022-05-16 21:22:00,179.41415405273438,Selatan,87.87614440917969
2022-05-17 00:53:00,174.71926879882812,Selatan,84.84475708007812
2022-05-18 01:35:00,181.43165588378906,Selatan,89.56498718261719
2022-05-19 00:53:00,182.0975799560547,Selatan,90.24424743652344
2022-05-19 09:55:00,182.60789489746094,Selatan,89.021728515625
2022-05-20 09:27:00,177.8099365234375,Selatan,87.58822631835938
2022-05-20 22:42:00,174.0882110595703,Selatan,81.40216064453125
2022-05-21 01:07:00,175.23016357421875,Selatan,82.21066284179688
2022-05-21 10:54:00,173.1883544921875,Selatan,82.96343994140625
2022-05-21 13:53:00,173.58963012695312,Selatan,83.89188385009766
2022-05-22 03:57:00,173.4023895263672,Selatan,83.73394012451172
2022-05-23 04:51:00,176.87203979492188,Selatan,86.85128784179688
2022-05-23 11:43:00,181.88619995117188,Selatan,87.9464111328125
2022-05-23 20:23:00,182.65768432617188,Selatan,88.3427963256836
2022-05-23 20:54:00,182.61216735839844,Selatan,88.9662857055664
2022-05-24 09:02:00,182.58558654785156,Selatan,89.31187438964844
2022-05-24 14:28:00,182.6400604248047,Selatan,88.60376739501953
2022-05-24 20:19:00,178.3163299560547,Selatan,87.61335754394531
2022-05-25 04:39:00,179.70721435546875,Selatan,87.95014953613281
2022-05-25 15:59:00,182.60060119628906,Selatan,89.11666870117188
2022-05-25 22:02:00,186.00059509277344,Selatan,82.9654541015625
2022-05-26 08:52:00,182.24545288085938,Selatan,87.9561767578125
2022-05-27 02:38:00,184.11000061035156,Selatan,76.07951354980469
2022-05-27 09:37:00,188.3041229248047,Selatan,77.64157104492188
2022-05-28 01:42:00,181.96180725097656,Selatan,74.69215393066406
2022-05-28 10:12:00,201.46543884277344,Selatan,79.6044692993164
2022-05-30 02:40:00,202.14892578125,Selatan,79.35877990722656
2022-05-30 03:00:00,203.7930450439453,Barat Daya,79.04319763183594
2022-05-30 06:28:00,202.86444091796875,Barat Daya,79.221435546875
2022-05-30 11:23:00,177.74749755859375,Selatan,70.42573547363281
2022-05-30 20:05:00,177.6602020263672,Selatan,69.562255859375
2022-06-01 15:39:00,179.6484375,Selatan,73.05070495605469
2022-06-02 22:40:00,180.22325134277344,Selatan,88.26786041259766
2022-06-05 03:44:00,182.5205841064453,Selatan,89.77144622802734
2022-06-05 05:17:00,186.23118591308594,Selatan,82.77272033691406
2022-06-05 13:15:00,195.5821990966797,Selatan,73.43788146972656
2022-06-06 18:50:00,182.57830810546875,Selatan,89.3726577758789
2022-06-07 04:52:00,177.73707580566406,Selatan,70.32269287109375
2022-06-07 08:16:00,201.85247802734375,Selatan,76.72148132324219
2022-06-07 22:15:00,197.93807983398438,Selatan,81.66709899902344
2022-06-09 04:19:00,188.04388427734375,Selatan,69.71561431884766
2022-06-09 21:17:00,185.0365447998047,Selatan,83.77127838134766
2022-06-10 22:28:00,182.65065002441406,Selatan,88.4568099975586
2022-06-11 03:03:00,186.62059020996094,Selatan,82.44721984863281
2022-06-11 03:57:00,187.05047607421875,Selatan,82.04366302490234
2022-06-11 15:22:00,177.43145751953125,Selatan,67.29920196533203
2022-06-12 02:00:00,200.8433380126953,Selatan,79.96826171875
2022-06-12 06:49:00,198.6202392578125,Selatan,81.26820373535156
2022-06-12 17:22:00,197.94422912597656,Selatan,81.66351318359375
2022-06-12 18:53:00,190.24563598632812,Selatan,70.80278015136719
2022-06-12 19:47:00,188.5834503173828,Selatan,69.98204040527344
2022-06-13 11:59:00,182.06405639648438,Selatan,66.77129364013672
2022-06-13 22:17:00,178.515380859375,Selatan,65.9697265625
2022-06-14 17:53:00,188.0133514404297,Selatan,80.76127624511719
2022-06-15 03:44:00,182.2042236328125,Selatan,87.94403076171875
2022-06-15 12:27:00,182.6226043701172,Selatan,88.83069610595703
2022-06-16 02:24:00,173.2443084716797,Selatan,83.40210723876953
2022-06-16 11:35:00,173.3800506591797,Selatan,82.71257781982422
2022-06-17 08:09:00,173.55340576171875,Selatan,83.86131286621094
2022-06-17 10:25:00,173.24635314941406,Selatan,82.88755798339844
2022-06-17 22:59:00,176.7310791015625,Selatan,86.69022369384766
2022-06-18 12:55:00,173.26344299316406,Selatan,83.51508331298828
2022-06-19 02:56:00,176.46841430664062,Selatan,86.43025207519531
2022-06-19 05:50:00,175.03216552734375,Selatan,85.10869598388672
2022-06-19 13:20:00,176.97366333007812,Selatan,87.36640167236328
2022-06-19 17:40:00,182.66134643554688,Selatan,88.28340911865234
2022-06-20 17:06:00,189.15847778320312,Selatan,79.23609161376953
2022-06-21 05:51:00,176.54273986816406,Selatan,86.5038070678711
2022-06-21 09:19:00,181.30567932128906,Selatan,86.8897933959961
2022-06-21 22:20:00,185.42037963867188,Selatan,76.92578887939453
2022-06-22 14:57:00,177.82955932617188,Selatan,71.23773193359375
2022-06-23 14:56:00,179.63796997070312,Selatan,65.59075164794922
2022-06-24 02:07:00,176.25949096679688,Selatan,86.22349548339844
2022-06-25 06:58:00,186.86729431152344,Selatan,69.13462829589844
2022-06-25 18:34:00,181.62881469726562,Selatan,89.76610565185547
2022-06-26 07:18:00,187.6602020263672,Selatan,81.23160552978516
2022-06-27 01:05:00,177.18521118164062,Selatan,87.55720520019531
2022-06-27 14:13:00,173.95045471191406,Selatan,84.1962661743164
2022-06-27 20:23:00,180.65988159179688,Selatan,87.9897689819336
2022-06-28 02:29:00,178.33123779296875,Selatan,87.61410522460938
2022-06-28 17:20:00,182.5915069580078,Selatan,89.23473358154297
2022-06-29 01:50:00,177.4798126220703,Selatan,67.77767181396484
2022-06-29 05:43:00,177.69483947753906,Selatan,69.90510559082031
2022-06-29 13:01:00,178.38134765625,Selatan,66.01580810546875
2022-06-29 13:31:00,180.08729553222656,Selatan,88.12088775634766
2022-06-30 19:11:00,182.12448120117188,Selatan,90.27169036865234
2022-06-30 20:22:00,183.0577850341797,Selatan,75.39995574951172
2022-07-02 14:59:00,182.2969970703125,Selatan,90.34961700439453
2022-07-02 20:57:00,176.91722106933594,Selatan,87.08020782470703
2022-07-02 23:41:00,173.79293823242188,Selatan,84.06340026855469
2022-07-03 02:47:00,173.95143127441406,Selatan,81.81766510009766
2022-07-03 11:34:00,173.3184814453125,Selatan,82.79317474365234
2022-07-03 16:55:00,174.74822998046875,Selatan,84.86919403076172
2022-07-04 07:27:00,173.67303466796875,Selatan,82.32921600341797
2022-07-05 16:11:00,177.23275756835938,Selatan,87.55957794189453
2022-07-05 17:32:00,178.00433349609375,Selatan,87.59786987304688
2022-07-06 21:13:00,174.50970458984375,Selatan,84.66801452636719
2022-07-07 01:35:00,173.38656616210938,Selatan,82.70404052734375
2022-07-07 03:11:00,173.93406677246094,Selatan,81.92142486572266
2022-07-07 22:51:00,173.92208862304688,Selatan,81.99279022216797
2022-07-08 02:04:00,173.3292999267578,Selatan,82.77899932861328
2022-07-09 07:29:00,173.71530151367188,Selatan,82.27392578125
2022-07-09 13:40:00,183.91468811035156,Selatan,84.70899200439453
2022-07-09 14:58:00,173.2684326171875,Selatan,82.85865783691406
2022-07-10 02:51:00,173.39051818847656,Selatan,82.69890594482422
2022-07-11 14:51:00,175.05877685546875,Selatan,82.06513977050781
2022-07-12 05:48:00,176.65203857421875,Selatan,83.41740417480469
2022-07-12 15:54:00,177.35787963867188,Selatan,84.0336685180664
2022-07-14 06:47:00,176.03823852539062,Selatan,82.89644622802734
2022-07-14 10:26:00,173.7689666748047,Selatan,82.20368957519531
2022-07-15 02:25:00,173.73345947265625,Selatan,82.25017547607422
2022-07-15 05:02:00,173.6290740966797,Selatan,82.38673400878906
2022-07-15 10:31:00,177.5846405029297,Selatan,87.57704162597656
2022-07-15 15:06:00,176.84085083007812,Selatan,86.79883575439453
2022-07-15 15:49:00,176.40711975097656,Selatan,86.36958312988281
2022-07-15 19:09:00,182.64569091796875,Selatan,88.53047180175781
2022-07-16 01:40:00,179.07000732421875,Selatan,87.78923797607422
2022-07-18 03:42:00,179.81126403808594,Selatan,87.9764175415039
2022-07-20 16:19:00,177.47265625,Selatan,67.70682525634766
2022-07-21 00:04:00,173.28469848632812,Selatan,82.8373794555664
2022-07-21 15:51:00,176.3773193359375,Selatan,86.34010314941406
2022-07-21 17:00:00,180.62130737304688,Selatan,88.69806671142578
2022-07-21 17:53:00,177.63937377929688,Selatan,69.35606384277344
2022-07-22 06:51:00,180.3923797607422,Selatan,88.45064544677734
2022-07-22 09:36:00,177.34010314941406,Selatan,87.56489562988281
2022-07-23 06:12:00,179.27125549316406,Selatan,87.84005737304688
2022-07-23 07:03:00,178.5359649658203,Selatan,87.65440368652344
2022-07-23 13:18:00,173.2626190185547,Selatan,83.51014709472656
2022-07-23 19:59:00,174.56446838378906,Selatan,84.71417236328125
2022-07-27 01:57:00,173.1922149658203,Selatan,82.95838928222656
2022-07-27 18:52:00,173.89100646972656,Selatan,82.04399108886719
2022-07-27 23:25:00,177.85086059570312,Selatan,84.47097778320312
2022-07-29 04:39:00,176.10858154296875,Selatan,82.95616912841797
2022-07-29 11:09:00,173.93234252929688,Selatan,81.93157958984375
2022-07-29 11:37:00,175.60397338867188,Selatan,82.52790069580078
2022-07-30 08:08:00,173.6890869140625,Selatan,82.30821228027344
2022-07-30 10:00:00,177.96664428710938,Selatan,87.59600067138672
2022-07-30 10:42:00,176.36585998535156,Selatan,86.32874298095703
2022-07-31 00:11:00,173.91062927246094,Selatan,81.698974609375
2022-08-01 09:01:00,177.00119018554688,Selatan,87.5059585571289
2022-08-01 19:53:00,173.5437774658203,Selatan,82.49833679199219
2022-08-02 05:23:00,173.59347534179688,Selatan,82.43334197998047
2022-08-02 06:14:00,173.34469604492188,Selatan,82.75886535644531
2022-08-02 07:27:00,173.45916748046875,Selatan,82.60904693603516
2022-08-02 18:01:00,173.55972290039062,Selatan,82.47747802734375
2022-08-03 04:37:00,176.87942504882812,Selatan,86.88876342773438
2022-08-03 19:56:00,183.23667907714844,Selatan,75.51549530029297
2022-08-05 14:48:00,177.66590881347656,Selatan,69.61869812011719
2022-08-05 21:36:00,175.1305694580078,Selatan,85.19168853759766
2022-08-06 00:00:00,173.18096923828125,Selatan,82.97307586669922
2022-08-08 09:30:00,173.2584228515625,Selatan,83.4853744506836
2022-08-09 17:08:00,173.7330780029297,Selatan,82.25065612792969
2022-08-09 21:20:00,173.6671905517578,Selatan,82.33684539794922
2022-08-10 02:43:00,173.2738494873047,Selatan,82.8515625
2022-08-10 10:34:00,175.06094360351562,Selatan,85.13294219970703
2022-08-13 06:03:00,178.26864624023438,Selatan,87.61100769042969
2022-08-14 09:26:00,182.5406036376953,Selatan,89.63302612304688
2022-08-14 14:30:00,176.78282165527344,Selatan,86.74140167236328
2022-08-14 15:49:00,177.7923583984375,Selatan,87.58735656738281
2022-08-14 20:10:00,187.84239196777344,Selatan,80.98892974853516
2022-08-15 09:35:00,179.25204467773438,Selatan,87.835205078125
2022-08-15 17:50:00,182.4841766357422,Selatan,90.0228271484375
2022-08-17 06:09:00,180.82069396972656,Selatan,73.87477111816406
2022-08-18 03:06:00,181.41700744628906,Selatan,87.95672607421875
2022-08-18 16:06:00,173.22305297851562,Selatan,82.91802215576172
2022-08-18 17:09:00,173.68568420410156,Selatan,82.31268310546875
2022-08-18 19:44:00,177.97467041015625,Selatan,87.59640502929688
2022-08-18 19:56:00,182.6253662109375,Selatan,88.7949447631836
2022-08-19 18:15:00,187.1739501953125,Selatan,81.8792495727539
2022-08-19 18:50:00,182.6345672607422,Selatan,88.67509460449219
2022-08-20 09:41:00,173.2305908203125,Selatan,82.90812683105469
2022-08-20 19:47:00,179.80316162109375,Selatan,87.97438049316406
2022-08-20 21:50:00,173.22935485839844,Selatan,83.31395721435547
2022-08-21 14:54:00,176.93667602539062,Selatan,87.17903900146484
2022-08-22 17:07:00,173.70420837402344,Selatan,83.9885482788086
2022-08-23 10:16:00,174.50645446777344,Selatan,84.66525268554688
2022-08-24 03:35:00,174.2859344482422,Selatan,84.47923278808594
2022-08-24 12:21:00,180.14614868164062,Selatan,88.18452453613281
2022-08-24 21:19:00,177.69239807128906,Selatan,69.88074493408203
2022-08-26 16:41:00,180.1029510498047,Selatan,88.1378402709961
2022-08-27 11:34:00,176.9798126220703,Selatan,87.39761352539062
2022-08-27 17:29:00,182.5872344970703,Selatan,89.29034423828125
2022-08-28 10:42:00,176.52120971679688,Selatan,86.48251342773438
2022-08-30 02:30:00,182.55987548828125,Selatan,88.07099151611328
2022-08-30 07:19:00,181.33633422851562,Selatan,74.2451171875
2022-08-30 14:11:00,177.44577026367188,Selatan,67.44075012207031
2022-08-31 09:11:00,181.58482360839844,Selatan,89.72125244140625
2022-08-31 11:15:00,177.92526245117188,Selatan,71.90648651123047
2022-08-31 18:30:00,177.57191467285156,Selatan,68.6889419555664
2022-08-31 23:21:00,188.58709716796875,Selatan,79.99708557128906
2022-09-01 12:54:00,181.50970458984375,Selatan,74.36963653564453
2022-09-01 14:37:00,182.57666015625,Selatan,89.38420867919922
2022-09-02 16:32:00,182.66461181640625,Selatan,88.23060607910156
2022-09-03 05:39:00,188.2050323486328,Selatan,77.63597869873047
2022-09-03 09:42:00,179.70468139648438,Selatan,87.94949340820312
2022-09-03 18:57:00,179.81727600097656,Selatan,87.97793579101562
2022-09-05 11:59:00,177.5214080810547,Selatan,87.57389831542969
2022-09-05 21:44:00,177.39071655273438,Selatan,87.56741333007812
2022-09-06 18:50:00,173.77537536621094,Selatan,81.42575073242188
2022-09-07 01:33:00,175.5662078857422,Selatan,82.49583435058594
2022-09-08 03:25:00,173.86566162109375,Selatan,81.60260772705078
2022-09-08 17:25:00,175.29367065429688,Selatan,82.26453399658203
2022-09-09 01:19:00,173.98297119140625,Selatan,81.4019775390625
2022-09-11 03:46:00,173.72027587890625,Selatan,82.26739501953125
2022-09-11 03:49:00,176.08203125,Selatan,82.93363952636719
2022-09-11 05:33:00,175.4676513671875,Selatan,82.41218566894531
2022-09-12 09:20:00,173.23068237304688,Selatan,83.32170104980469
2022-09-13 00:43:00,173.57374572753906,Selatan,82.45916748046875
2022-09-13 07:09:00,176.03427124023438,Selatan,86.0005874633789
2022-09-13 08:26:00,176.3656463623047,Selatan,86.32855224609375
2022-09-13 11:45:00,174.94839477539062,Selatan,81.97148132324219
2022-09-13 14:14:00,173.83558654785156,Selatan,81.4017562866211
2022-09-14 05:31:00,176.10169982910156,Selatan,82.95033264160156
2022-09-15 06:59:00,173.95172119140625,Selatan,81.81578063964844
2022-09-15 09:18:00,173.45326232910156,Selatan,82.61679077148438
2022-09-16 02:11:00,175.55995178222656,Selatan,82.49052429199219
2022-09-17 04:14:00,173.27581787109375,Selatan,82.8489761352539
2022-09-17 20:31:00,174.28109741210938,Selatan,81.40516662597656
2022-09-18 15:58:00,176.20399475097656,Selatan,86.16854095458984
2022-09-18 18:05:00,182.6569061279297,Selatan,88.35530090332031
2022-09-18 22:58:00,174.2142791748047,Selatan,84.41878509521484
2022-09-19 00:30:00,173.3761444091797,Selatan,82.71770477294922
2022-09-19 14:18:00,176.81982421875,Selatan,86.77803039550781
2022-09-20 16:37:00,182.4773712158203,Selatan,90.06978607177734
2022-09-21 18:29:00,182.59066772460938,Selatan,89.24554443359375
2022-09-21 19:10:00,182.6386260986328,Selatan,88.62232971191406
2022-09-21 22:38:00,182.0436248779297,Selatan,90.18923950195312
2022-09-22 16:40:00,177.6820068359375,Selatan,69.77790832519531
2022-09-23 12:20:00,189.44923400878906,Selatan,78.848876953125
2022-09-24 03:45:00,187.7118377685547,Selatan,77.60820007324219
2022-09-24 04:29:00,182.6119384765625,Selatan,88.96916961669922
2022-09-24 04:31:00,180.5552978515625,Selatan,88.6267318725586
2022-09-24 23:09:00,180.7799072265625,Selatan,87.98359680175781
2022-09-25 01:38:00,179.37538146972656,Selatan,87.86636352539062
2022-09-25 05:37:00,173.26904296875,Selatan,82.85785675048828
2022-09-25 08:22:00,173.1986846923828,Selatan,83.13312530517578
2022-09-25 18:11:00,173.2422332763672,Selatan,83.389892578125
2022-09-26 09:16:00,173.3415069580078,Selatan,82.76305389404297
2022-09-26 18:22:00,173.6416778564453,Selatan,82.37024688720703
2022-09-26 21:50:00,177.86964416503906,Selatan,71.63430786132812
2022-09-27 08:59:00,176.87811279296875,Selatan,86.88195037841797
2022-09-27 15:46:00,173.2920379638672,Selatan,82.8277587890625
2022-09-28 13:21:00,177.00668334960938,Selatan,87.53390502929688
2022-09-28 23:20:00,182.2407989501953,Selatan,90.3870849609375
2022-09-29 14:05:00,173.35012817382812,Selatan,82.75175476074219
2022-09-30 00:23:00,173.5084686279297,Selatan,82.54456329345703
2022-09-30 19:39:00,173.93714904785156,Selatan,81.90275573730469
2022-10-02 10:07:00,173.19898986816406,Selatan,82.94951629638672
2022-10-02 21:18:00,173.224609375,Selatan,82.91600036621094
2022-10-03 01:38:00,173.19186401367188,Selatan,83.09304809570312
2022-10-05 06:43:00,173.59112548828125,Selatan,82.43640899658203
2022-10-05 07:42:00,178.4636993408203,Selatan,87.63614654541016
2022-10-05 08:56:00,176.91001892089844,Selatan,87.04377746582031
2022-10-05 17:27:00,173.278076171875,Selatan,82.84600830078125
2022-10-06 12:36:00,173.9036865234375,Selatan,81.6787109375
2022-10-07 06:27:00,176.1795196533203,Selatan,83.0163803100586
2022-10-08 12:13:00,173.93966674804688,Selatan,81.78398895263672
2022-10-10 00:20:00,173.42266845703125,Selatan,82.65679168701172
2022-10-10 22:32:00,175.73471069335938,Selatan,85.7041244506836
2022-10-11 06:50:00,173.46463012695312,Selatan,82.60189056396484
2022-10-12 02:13:00,173.1833038330078,Selatan,82.97006225585938
2022-10-12 05:59:00,173.20188903808594,Selatan,82.94572448730469
2022-10-12 07:47:00,173.34262084960938,Selatan,82.76155853271484
2022-10-13 17:16:00,173.175048828125,Selatan,82.9808349609375
2022-10-13 17:47:00,173.67210388183594,Selatan,82.33041381835938
2022-10-14 14:32:00,182.58401489257812,Selatan,89.33216094970703
2022-10-15 12:21:00,173.21043395996094,Selatan,82.93453216552734
2022-10-17 16:26:00,173.7294158935547,Selatan,84.0097885131836
2022-10-17 21:38:00,184.00428771972656,Selatan,76.01123046875
2022-10-17 22:25:00,173.96319580078125,Selatan,84.20700073242188
2022-10-18 20:43:00,180.003173828125,Selatan,88.02352142333984
2022-10-19 14:08:00,189.70643615722656,Selatan,78.50631713867188
2022-10-20 05:04:00,189.68931579589844,Selatan,78.52909851074219
2022-10-20 16:23:00,182.59722900390625,Selatan,89.16007232666016
2022-10-21 01:45:00,177.4348602294922,Selatan,87.56961822509766
2022-10-22 11:14:00,174.19419860839844,Selatan,84.40187072753906
2022-10-23 05:41:00,173.491943359375,Selatan,82.56619262695312
2022-10-23 12:01:00,173.2143096923828,Selatan,82.92950439453125
2022-10-23 23:52:00,173.65756225585938,Selatan,82.3494644165039
2022-10-24 01:29:00,180.91357421875,Selatan,89.01396942138672
2022-10-24 10:02:00,182.58950805664062,Selatan,89.2605209350586
2022-10-24 15:24:00,174.04368591308594,Selatan,84.27488708496094
2022-10-25 03:25:00,177.5908660888672,Selatan,68.87625122070312
2022-10-26 03:57:00,182.5034942626953,Selatan,89.8896484375
2022-10-27 02:13:00,175.9044189453125,Selatan,85.8720932006836
2022-10-27 17:54:00,173.2238006591797,Selatan,83.28125762939453
2022-10-28 04:42:00,173.48446655273438,Selatan,82.57596588134766
2022-10-28 14:06:00,173.30184936523438,Selatan,82.81493377685547
2022-10-28 20:11:00,174.5543212890625,Selatan,84.70562744140625
2022-10-28 22:20:00,176.3888702392578,Selatan,86.3515396118164
2022-10-30 21:35:00,175.02174377441406,Selatan,85.09992218017578
2022-10-31 01:24:00,175.480712890625,Selatan,85.48705291748047
2022-11-01 03:09:00,182.56578063964844,Selatan,89.45924377441406
2022-11-01 11:38:00,182.50514221191406,Selatan,89.87818908691406
2022-11-01 22:36:00,200.18991088867188,Selatan,80.350341796875
2022-11-01 22:58:00,182.9342041015625,Selatan,85.52851867675781
2022-11-02 00:39:00,182.60084533691406,Selatan,89.11344146728516
2022-11-02 05:55:00,177.82345581054688,Selatan,71.17735290527344
2022-11-02 06:12:00,176.81593322753906,Selatan,86.77415466308594
2022-11-02 11:54:00,173.58160400390625,Selatan,82.4488525390625
2022-11-03 08:49:00,173.78363037109375,Selatan,82.18450927734375
2022-11-03 11:31:00,173.99732971191406,Selatan,84.23578643798828
2022-11-03 14:05:00,173.2305908203125,Selatan,83.32125854492188
2022-11-04 05:19:00,173.23341369628906,Selatan,83.33779907226562
2022-11-06 21:47:00,173.6603546142578,Selatan,82.34583282470703
2022-11-07 05:51:00,173.76812744140625,Selatan,84.04244995117188
2022-11-07 17:28:00,173.20721435546875,Selatan,82.93872833251953
2022-11-07 23:32:00,185.28330993652344,Selatan,76.83726501464844
2022-11-08 11:40:00,200.64463806152344,Selatan,80.08444213867188
2022-11-08 11:48:00,187.16299438476562,Selatan,80.92223358154297
2022-11-08 12:53:00,179.67965698242188,Selatan,87.94318389892578
2022-11-09 02:06:00,177.5825958251953,Selatan,68.79446411132812
2022-11-09 03:06:00,180.83395385742188,Selatan,73.88430786132812
2022-11-09 04:35:00,182.48599243164062,Selatan,90.01020050048828
2022-11-09 21:21:00,178.29063415527344,Selatan,87.6120834350586
2022-11-09 22:42:00,181.2632598876953,Selatan,89.39189910888672
2022-11-09 23:34:00,184.46693420410156,Selatan,84.24737548828125
2022-11-10 01:28:00,180.7181396484375,Selatan,88.80276489257812
2022-11-10 17:08:00,182.52235412597656,Selatan,89.75917053222656
2022-11-10 17:55:00,176.9191436767578,Selatan,87.09019470214844
2022-11-10 23:18:00,176.30514526367188,Selatan,86.26866149902344
2022-11-11 22:46:00,173.96852111816406,Selatan,84.21150207519531
2022-11-12 13:19:00,176.97508239746094,Selatan,87.37360382080078
2022-11-12 19:18:00,173.23304748535156,Selatan,83.33580780029297
2022-11-12 20:55:00,173.35292053222656,Selatan,82.74809265136719
2022-11-12 23:32:00,173.375244140625,Selatan,82.7188720703125
2022-11-15 03:54:00,173.3585662841797,Selatan,82.74069213867188
2022-11-15 11:40:00,173.94969177246094,Selatan,81.827880859375
2022-11-15 14:09:00,173.1742706298828,Selatan,82.98909759521484
2022-11-16 13:32:00,173.9495849609375,Selatan,81.82845306396484
2022-11-17 07:34:00,173.64788818359375,Selatan,82.36212921142578
2022-11-19 07:51:00,173.854248046875,Selatan,82.09207153320312
2022-11-20 01:46:00,175.54150390625,Selatan,82.47488403320312
2022-11-20 11:28:00,174.5709228515625,Selatan,81.6511001586914
2022-11-20 11:39:00,174.1753387451172,Selatan,81.40229797363281
2022-11-22 21:20:00,174.32492065429688,Selatan,81.44235229492188
2022-11-23 20:44:00,174.19589233398438,Selatan,81.40232849121094
2022-11-24 05:16:00,173.59231567382812,Selatan,82.43486022949219
2022-11-24 14:13:00,173.69586181640625,Selatan,82.29930114746094
2022-11-24 15:16:00,173.4589080810547,Selatan,82.60939025878906
2022-11-25 02:48:00,173.46392822265625,Selatan,82.60283660888672
2022-11-25 03:24:00,173.83843994140625,Selatan,81.54930877685547
2022-11-27 08:30:00,173.9443359375,Selatan,81.79359436035156
2022-11-27 09:05:00,182.62802124023438,Selatan,88.76028442382812
2022-11-27 10:59:00,180.2919921875,Selatan,88.00867462158203
2022-11-27 11:07:00,173.39353942871094,Selatan,82.6949234008789
2022-11-27 13:39:00,178.7083740234375,Selatan,87.69792175292969
2022-11-28 04:18:00,173.4574432373047,Selatan,82.61132049560547
2022-11-28 14:55:00,173.94918823242188,Selatan,81.8309097290039
2022-11-28 17:13:00,173.92718505859375,Selatan,81.9623794555664
2022-11-29 00:56:00,173.43292236328125,Selatan,82.64340209960938
2022-11-29 06:06:00,173.51417541503906,Selatan,83.82823181152344
2022-11-29 07:00:00,173.23321533203125,Selatan,82.90469360351562
2022-11-29 11:23:00,176.94808959960938,Selatan,87.23680114746094
2022-11-30 23:14:00,185.71653747558594,Selatan,77.1170654296875
2022-12-01 02:39:00,182.22474670410156,Selatan,90.37397766113281
2022-12-01 09:16:00,185.71426391601562,Selatan,83.20479583740234
2022-12-02 10:24:00,176.84915161132812,Selatan,86.80704498291016
2022-12-02 12:54:00,181.1651153564453,Selatan,87.96380615234375
2022-12-03 11:38:00,176.04071044921875,Selatan,86.00697326660156
2022-12-03 13:01:00,182.59474182128906,Selatan,89.19268798828125
2022-12-05 11:48:00,174.7002716064453,Selatan,84.8287353515625
2022-12-05 12:11:00,176.9853973388672,Selatan,87.42588806152344
2022-12-06 09:20:00,176.8955535888672,Selatan,86.97042846679688
2022-12-07 08:40:00,175.86953735351562,Selatan,85.83755493164062
2022-12-07 17:01:00,176.89666748046875,Selatan,86.97603607177734
2022-12-07 23:21:00,177.2685089111328,Selatan,87.56134796142578
2022-12-08 13:29:00,182.5615997314453,Selatan,88.07238006591797
2022-12-09 14:21:00,174.5350341796875,Selatan,84.6893539428711
2022-12-11 03:11:00,182.60316467285156,Selatan,89.08343505859375
2022-12-11 19:00:00,173.21469116210938,Selatan,83.2275619506836
2022-12-12 02:43:00,173.8286590576172,Selatan,82.12556457519531
2022-12-12 18:03:00,176.2748565673828,Selatan,86.23868560791016
2022-12-12 20:31:00,176.41586303710938,Selatan,86.37820434570312
2022-12-13 01:11:00,181.93299865722656,Selatan,90.07636260986328
2022-12-13 23:03:00,204.81744384765625,Barat Daya,78.84657287597656
2022-12-14 23:17:00,179.08779907226562,Selatan,65.73544311523438
2022-12-15 00:27:00,189.9732208251953,Selatan,78.15098571777344
2022-12-15 20:19:00,178.3976287841797,Selatan,66.01136779785156
2022-12-16 06:52:00,186.01004028320312,Selatan,77.30660247802734
2022-12-17 11:59:00,182.4208526611328,Selatan,90.26705932617188
2022-12-17 12:19:00,180.30203247070312,Selatan,88.35298919677734
2022-12-17 13:35:00,174.25302124023438,Selatan,84.45148468017578
2022-12-17 14:40:00,173.18313598632812,Selatan,82.97027587890625
2022-12-17 21:23:00,173.2080841064453,Selatan,82.9375991821289
2022-12-18 01:22:00,176.01742553710938,Selatan,85.98393249511719
2022-12-18 01:46:00,176.9752655029297,Selatan,87.37467193603516
2022-12-20 14:51:00,177.09542846679688,Selatan,87.55276489257812
2022-12-21 05:50:00,173.2421417236328,Selatan,83.38936614990234
2022-12-21 09:19:00,173.63436889648438,Selatan,82.37980651855469
2022-12-21 09:32:00,182.5316619873047,Selatan,89.69493103027344
2022-12-22 15:48:00,173.180908203125,Selatan,82.97320556640625
2022-12-23 02:48:00,173.88345336914062,Selatan,82.05384826660156
2022-12-23 15:37:00,175.44760131835938,Selatan,82.39517211914062
2022-12-23 22:55:00,177.70773315429688,Selatan,84.3440170288086
2022-12-24 00:51:00,176.69606018066406,Selatan,83.45478820800781
2022-12-24 09:14:00,177.8660125732422,Selatan,84.48442077636719
2022-12-25 07:43:00,174.6774444580078,Selatan,81.74156951904297
2022-12-25 16:43:00,177.85581970214844,Selatan,84.47538757324219
2022-12-25 17:46:00,175.9717559814453,Selatan,82.84002685546875
2022-12-26 00:54:00,177.85365295410156,Selatan,84.47348022460938
2022-12-26 08:11:00,173.95303344726562,Selatan,81.8078842163086
2022-12-27 11:44:00,173.5001678466797,Selatan,82.55541229248047
2022-12-28 15:13:00,173.22052001953125,Selatan,83.26183319091797
2022-12-29 13:33:00,181.7985382080078,Selatan,74.57707977294922
2022-12-29 21:48:00,182.53753662109375,Selatan,89.6543960571289
2022-12-30 01:08:00,182.04779052734375,Selatan,90.19347381591797
2022-12-30 16:40:00,182.63624572753906,Selatan,88.65369415283203
2022-12-30 18:34:00,182.00238037109375,Selatan,74.71835327148438
2022-12-31 22:36:00,173.23898315429688,Selatan,82.89720916748047
2023-01-01 01:41:00,178.91635131835938,Selatan,87.75043487548828
2023-01-01 20:33:00,173.6173553466797,Selatan,83.915283203125
2023-01-02 10:01:00,182.2196502685547,Selatan,86.12580108642578
2023-01-02 12:56:00,176.915283203125,Selatan,87.07050323486328
2023-01-02 18:11:00,173.9608154296875,Selatan,81.40193176269531
2023-01-02 19:44:00,175.5836181640625,Selatan,82.51061248779297
2023-01-03 03:47:00,174.35935974121094,Selatan,81.47156524658203
2023-01-03 15:55:00,174.97335815429688,Selatan,81.99267578125
2023-01-03 17:31:00,175.63128662109375,Selatan,85.61407470703125
2023-01-04 14:32:00,182.625732421875,Selatan,88.78987884521484
2023-01-05 09:05:00,173.29925537109375,Selatan,82.81830596923828
2023-01-05 12:01:00,173.70712280273438,Selatan,82.28461456298828
2023-01-05 14:06:00,173.658447265625,Selatan,82.3482894897461
2023-01-06 19:36:00,173.9401397705078,Selatan,81.88485717773438
2023-01-07 19:05:00,174.89633178710938,Selatan,81.92728424072266
2023-01-07 21:34:00,175.14096069335938,Selatan,82.13491821289062
2023-01-08 00:44:00,173.5068817138672,Selatan,82.54660034179688
2023-01-08 17:47:00,173.73741149902344,Selatan,82.24496459960938
2023-01-09 17:49:00,178.7470703125,Selatan,87.70768737792969
2023-01-11 07:54:00,176.4552001953125,Selatan,86.41717529296875
2023-01-12 01:06:00,182.61708068847656,Selatan,88.90234375
2023-01-12 18:39:00,182.5522003173828,Selatan,85.84785461425781
2023-01-12 23:59:00,180.56558227539062,Selatan,88.6378402709961
2023-01-13 02:19:00,175.8629150390625,Selatan,85.83100128173828
2023-01-13 10:05:00,182.61691284179688,Selatan,88.90447998046875
2023-01-14 00:55:00,173.43931579589844,Selatan,82.63504791259766
2023-01-14 02:45:00,173.82083129882812,Selatan,82.13581848144531
2023-01-14 13:00:00,173.5014190673828,Selatan,82.55375671386719
2023-01-15 15:40:00,174.80589294433594,Selatan,81.85055541992188
2023-01-16 02:16:00,174.26089477539062,Selatan,81.40243530273438
2023-01-16 18:47:00,173.93190002441406,Selatan,81.93431854248047
2023-01-18 10:43:00,173.23715209960938,Selatan,82.89959716796875
2023-01-19 06:48:00,173.58299255371094,Selatan,82.44701385498047
2023-01-20 04:01:00,182.665771484375,Selatan,88.21179962158203
2023-01-21 09:14:00,177.79237365722656,Selatan,87.58735656738281
2023-01-21 12:23:00,180.18807983398438,Selatan,88.0140151977539
2023-01-21 15:34:00,175.62860107421875,Selatan,85.61178588867188
2023-01-23 00:00:00,180.18255615234375,Selatan,88.0143051147461
2023-01-23 16:00:00,181.14111328125,Selatan,89.2598648071289
2023-01-24 06:55:00,177.63735961914062,Selatan,66.21839141845703
2023-01-24 08:09:00,177.81204223632812,Selatan,71.06441497802734
2023-01-25 10:12:00,182.60015869140625,Selatan,89.12259674072266
2023-01-26 01:17:00,182.61558532714844,Selatan,88.921630859375
2023-01-26 04:12:00,186.7318572998047,Selatan,82.3542251586914
2023-01-27 08:01:00,182.4672088623047,Selatan,90.13998413085938
2023-01-27 17:45:00,185.9515380859375,Selatan,77.26882934570312
2023-01-29 10:43:00,180.04205322265625,Selatan,88.07202911376953
2023-01-30 10:56:00,204.81845092773438,Barat Daya,78.84638214111328
2023-01-30 19:04:00,181.01983642578125,Selatan,87.12870788574219
2023-01-30 20:12:00,175.06893920898438,Selatan,85.13970184326172
2023-01-31 04:39:00,173.27207946777344,Selatan,83.56602478027344
2023-01-31 09:25:00,176.97410583496094,Selatan,87.36872863769531
2023-02-01 04:39:00,176.95510864257812,Selatan,87.27238464355469
2023-02-01 19:37:00,174.85275268554688,Selatan,81.89029693603516
2023-02-02 00:40:00,173.85263061523438,Selatan,82.09420776367188
2023-02-02 14:23:00,173.9027557373047,Selatan,81.67597198486328
2023-02-03 08:16:00,173.85302734375,Selatan,81.40177917480469
2023-02-03 23:42:00,173.5333251953125,Selatan,82.51204681396484
2023-02-04 10:27:00,174.5978546142578,Selatan,84.7423324584961
2023-02-04 13:59:00,176.88705444335938,Selatan,86.92745208740234
2023-02-04 18:35:00,182.62542724609375,Selatan,88.79369354248047
2023-02-05 06:20:00,173.2895050048828,Selatan,82.83110046386719
2023-02-05 06:27:00,173.5694122314453,Selatan,82.46481323242188
2023-02-06 02:29:00,174.32327270507812,Selatan,84.51073455810547
2023-02-07 10:34:00,178.20350646972656,Selatan,87.6077651977539
2023-02-07 18:50:00,182.63128662109375,Selatan,88.71774291992188
2023-02-07 23:39:00,173.20211791992188,Selatan,83.15342712402344
2023-02-08 01:18:00,176.3985595703125,Selatan,86.36113739013672
2023-02-09 01:17:00,174.68783569335938,Selatan,84.81825256347656
2023-02-10 22:45:00,173.2653350830078,Selatan,83.52620697021484
2023-02-11 04:47:00,173.9512939453125,Selatan,81.81834411621094
2023-02-11 19:23:00,174.87681579589844,Selatan,81.91072845458984
2023-02-12 09:37:00,173.347412109375,Selatan,82.75529479980469
2023-02-13 19:09:00,173.9053497314453,Selatan,81.68355560302734
2023-02-15 03:11:00,175.31736755371094,Selatan,82.28463745117188
2023-02-15 18:56:00,174.49436950683594,Selatan,81.5861587524414
2023-02-18 03:46:00,173.2004852294922,Selatan,82.94757843017578
2023-02-19 09:50:00,173.3148651123047,Selatan,82.79788208007812
2023-02-20 09:27:00,173.40921020507812,Selatan,82.67444610595703
2023-02-20 14:11:00,176.99598693847656,Selatan,87.47962951660156
2023-02-20 18:01:00,173.41696166992188,Selatan,82.66432189941406
2023-02-20 22:05:00,175.41796875,Selatan,85.43411254882812
2023-02-21 09:28:00,173.90798950195312,Selatan,81.69132232666016
2023-02-21 16:20:00,173.71676635742188,Selatan,83.99913024902344
2023-02-22 05:34:00,173.36947631835938,Selatan,82.7264404296875
2023-02-22 13:49:00,173.76768493652344,Selatan,82.2053451538086
2023-02-22 20:00:00,173.55728149414062,Selatan,82.4806900024414
2023-02-23 01:06:00,175.4872589111328,Selatan,82.4288101196289
2023-02-23 01:06:00,174.2730712890625,Selatan,81.4024429321289
2023-02-23 07:31:00,175.28189086914062,Selatan,82.25456237792969
2023-02-23 08:20:00,173.84669494628906,Selatan,82.10197448730469
2023-02-23 09:49:00,173.6409912109375,Selatan,82.37112426757812
2023-02-23 16:45:00,176.75546264648438,Selatan,86.71434783935547
2023-02-24 02:18:00,189.6155242919922,Selatan,78.62738037109375
2023-02-24 09:12:00,177.47886657714844,Selatan,67.76834869384766
2023-02-24 15:19:00,179.59097290039062,Selatan,87.92078399658203
2023-02-25 00:22:00,180.9957275390625,Selatan,87.97249603271484
2023-02-25 00:48:00,189.25152587890625,Selatan,79.1121826171875
2023-02-25 11:07:00,175.0171356201172,Selatan,85.09601593017578
2023-02-25 20:58:00,182.62759399414062,Selatan,88.7654800415039
2023-02-26 00:07:00,173.72792053222656,Selatan,82.25739288330078
2023-02-26 09:47:00,175.8605194091797,Selatan,85.82861328125
2023-02-27 15:21:00,182.363525390625,Selatan,90.30528259277344
2023-02-27 16:09:00,180.2444305419922,Selatan,88.0111083984375
2023-02-27 19:50:00,182.58489990234375,Selatan,89.32066345214844
2023-02-28 03:40:00,173.1922149658203,Selatan,82.9583969116211
2023-02-28 05:52:00,180.00074768066406,Selatan,73.285888671875
2023-02-28 21:48:00,173.75732421875,Selatan,82.21891021728516
2023-03-01 02:48:00,175.8159942626953,Selatan,85.78455352783203
2023-03-02 04:26:00,173.1918182373047,Selatan,83.09260559082031
2023-03-02 15:41:00,175.3111114501953,Selatan,82.27931213378906
2023-03-04 03:00:00,173.88526916503906,Selatan,82.05150604248047
2023-03-04 09:38:00,173.86654663085938,Selatan,82.07603454589844
2023-03-04 21:28:00,173.64598083496094,Selatan,82.36463165283203
2023-03-04 23:09:00,203.14419555664062,Barat Daya,79.16773223876953
2023-03-05 08:04:00,177.1419677734375,Selatan,87.5550765991211
2023-03-05 16:17:00,185.02598571777344,Selatan,83.78011322021484
2023-03-07 13:27:00,177.87208557128906,Selatan,87.59130096435547
2023-03-08 18:33:00,181.59133911132812,Selatan,89.72787475585938
2023-03-09 05:06:00,179.15025329589844,Selatan,87.80950164794922
2023-03-09 20:43:00,173.53707885742188,Selatan,82.50711059570312
2023-03-10 01:06:00,182.52642822265625,Selatan,88.04385375976562
2023-03-11 02:49:00,182.61997985839844,Selatan,88.86477661132812
2023-03-11 05:51:00,181.33843994140625,Selatan,86.86241149902344
2023-03-11 07:09:00,177.42872619628906,Selatan,67.27225494384766
2023-03-12 08:11:00,199.47056579589844,Selatan,75.45767211914062
2023-03-12 19:14:00,203.20269775390625,Barat Daya,79.1565170288086
2023-03-13 01:38:00,182.52166748046875,Selatan,89.76396179199219
2023-03-13 07:31:00,180.68453979492188,Selatan,88.76639556884766
2023-03-13 22:34:00,173.24989318847656,Selatan,82.88289642333984
2023-03-15 01:53:00,176.92138671875,Selatan,87.10143280029297
2023-03-15 06:06:00,180.0102081298828,Selatan,88.02316284179688
2023-03-15 11:01:00,190.10809326171875,Selatan,77.97137451171875
2023-03-16 09:57:00,186.2460479736328,Selatan,82.76029968261719
2023-03-17 19:13:00,177.39871215820312,Selatan,66.58662414550781
2023-03-18 13:10:00,201.45913696289062,Selatan,79.60816955566406
2023-03-20 08:18:00,178.81605529785156,Selatan,72.51412963867188
2023-03-21 03:50:00,180.92315673828125,Selatan,66.2149429321289
2023-03-22 08:15:00,177.674072265625,Selatan,69.69947814941406
2023-03-22 22:18:00,177.48513793945312,Selatan,67.8304214477539
2023-03-23 15:57:00,177.54124450683594,Selatan,68.385498046875
2023-03-23 23:28:00,181.0199432373047,Selatan,87.97126007080078
2023-03-24 19:09:00,177.86659240722656,Selatan,87.59102630615234
2023-03-25 00:44:00,201.3857879638672,Selatan,79.65103149414062
2023-03-25 04:57:00,185.40951538085938,Selatan,83.4594955444336
2023-03-25 07:23:00,181.47454833984375,Selatan,89.60874938964844
2023-03-25 10:20:00,179.5721435546875,Selatan,87.91603088378906
2023-03-26 02:01:00,176.2989959716797,Selatan,86.26258087158203
2023-03-28 00:34:00,182.1981658935547,Selatan,86.14375305175781
2023-03-29 16:27:00,177.8699951171875,Selatan,71.63765716552734
2023-03-29 21:42:00,199.52867126464844,Selatan,80.73701477050781
2023-04-02 07:59:00,173.45660400390625,Selatan,82.61239624023438
2023-04-02 10:50:00,173.39605712890625,Selatan,82.69164276123047
2023-04-02 11:46:00,176.78665161132812,Selatan,86.74520111083984
2023-04-02 12:26:00,187.27581787109375,Selatan,77.58363342285156
2023-04-02 13:15:00,182.60633850097656,Selatan,89.04200744628906
2023-04-02 17:51:00,181.1439971923828,Selatan,74.10696411132812
2023-04-02 18:19:00,186.13560485839844,Selatan,77.38771057128906
2023-04-04 07:29:00,182.00607299804688,Selatan,74.72074127197266
2023-04-05 03:12:00,181.5703582763672,Selatan,89.70650482177734
2023-04-05 03:42:00,181.21278381347656,Selatan,86.96742248535156
2023-04-06 19:30:00,182.57725524902344,Selatan,88.08506774902344
2023-04-06 20:44:00,178.7757110595703,Selatan,72.48823547363281
2023-04-08 08:02:00,176.372802734375,Selatan,86.33560180664062
2023-04-08 23:50:00,175.92886352539062,Selatan,85.89627838134766
2023-04-09 11:51:00,173.64804077148438,Selatan,82.36194610595703
2023-04-10 08:18:00,173.86648559570312,Selatan,82.0760726928711
2023-04-10 23:02:00,173.8255615234375,Selatan,82.12964630126953
2023-04-11 01:07:00,173.411865234375,Selatan,82.67095184326172
2023-04-14 16:15:00,180.53274536132812,Selatan,87.99630737304688
2023-04-15 13:45:00,180.68698120117188,Selatan,87.98837280273438
2023-04-15 22:55:00,182.6515655517578,Selatan,88.44193267822266
2023-04-18 03:27:00,181.81912231445312,Selatan,89.960205078125
2023-04-18 10:51:00,182.0904083251953,Selatan,90.2369384765625
2023-04-18 13:07:00,173.89730834960938,Selatan,82.0357437133789
2023-04-19 05:41:00,173.92190551757812,Selatan,81.99407958984375
2023-04-19 06:42:00,173.5518798828125,Selatan,82.48776245117188
2023-04-20 04:21:00,173.91981506347656,Selatan,81.72575378417969
2023-04-20 04:46:00,173.3086395263672,Selatan,82.8060302734375
2023-04-20 16:47:00,173.6279754638672,Selatan,82.38817596435547
2023-04-20 21:00:00,175.98281860351562,Selatan,82.84941864013672
2023-04-21 20:00:00,178.51075744628906,Selatan,87.64802551269531
2023-04-22 16:25:00,181.4321746826172,Selatan,87.95639038085938
2023-04-23 14:19:00,182.66036987304688,Selatan,88.29901123046875
2023-04-23 18:53:00,182.14004516601562,Selatan,90.2875747680664
2023-04-25 14:27:00,198.9294891357422,Selatan,81.08738708496094
2023-04-26 01:40:00,173.29705810546875,Selatan,82.8211898803711
2023-04-26 05:02:00,175.78890991210938,Selatan,85.75776672363281
2023-04-26 08:01:00,173.25982666015625,Selatan,83.49359130859375
2023-04-29 00:47:00,181.66549682617188,Selatan,89.80354309082031
2023-04-29 06:41:00,176.88955688476562,Selatan,86.94000244140625
2023-04-29 10:02:00,176.94509887695312,Selatan,87.2216796875
2023-04-30 00:16:00,178.00418090820312,Selatan,87.59786224365234
2023-05-01 03:48:00,180.90625,Selatan,87.97709655761719
2023-05-01 07:36:00,182.64462280273438,Selatan,88.54454803466797
2023-05-02 18:37:00,182.60134887695312,Selatan,89.10675048828125
2023-05-02 21:18:00,182.6562042236328,Selatan,88.36653137207031
2023-05-04 14:14:00,182.6649932861328,Selatan,88.22447204589844
2023-05-04 14:20:00,178.8828125,Selatan,87.74198150634766
2023-05-05 00:49:00,182.0042266845703,Selatan,90.14905548095703
2023-05-06 14:16:00,173.92539978027344,Selatan,84.17510986328125
2023-05-06 15:32:00,182.54222106933594,Selatan,89.62191009521484
2023-05-06 20:24:00,173.2057342529297,Selatan,82.9406967163086
2023-05-07 10:28:00,176.9024200439453,Selatan,87.00527954101562
2023-05-07 18:42:00,173.62033081054688,Selatan,82.39816284179688
2023-05-08 07:46:00,173.40985107421875,Selatan,82.6736068725586
2023-05-09 02:33:00,174.7467498779297,Selatan,84.86792755126953
2023-05-09 07:35:00,175.2181854248047,Selatan,85.26560974121094
2023-05-09 22:59:00,174.17044067382812,Selatan,84.38182830810547
2023-05-10 19:10:00,173.41038513183594,Selatan,82.67288208007812
2023-05-10 20:38:00,173.53274536132812,Selatan,82.51274871826172
2023-05-11 00:45:00,177.41390991210938,Selatan,87.56855773925781
2023-05-11 07:58:00,175.94973754882812,Selatan,85.91692352294922
2023-05-12 10:44:00,182.5518035888672,Selatan,88.0644302368164
2023-05-12 11:29:00,173.49325561523438,Selatan,82.564453125
2023-05-13 15:16:00,173.1778106689453,Selatan,83.01001739501953
2023-05-15 06:17:00,175.9925537109375,Selatan,85.95931243896484
2023-05-16 08:06:00,180.65480041503906,Selatan,87.99003601074219
2023-05-16 08:27:00,181.1900634765625,Selatan,89.31278228759766
2023-05-16 12:56:00,181.54713439941406,Selatan,89.68279266357422
2023-05-17 09:16:00,176.40501403808594,Selatan,86.36750030517578
2023-05-17 10:07:00,180.31448364257812,Selatan,88.36644744873047
2023-05-17 17:07:00,184.9883575439453,Selatan,68.20685577392578
2023-05-18 17:57:00,189.12530517578125,Selatan,77.68782043457031
2023-05-18 22:58:00,189.62115478515625,Selatan,78.61991119384766
2023-05-20 01:08:00,180.41409301757812,Selatan,73.58275604248047
2023-05-20 09:33:00,181.91421508789062,Selatan,90.05724334716797
2023-05-20 11:19:00,175.96102905273438,Selatan,85.92809295654297
2023-05-20 16:34:00,176.00009155273438,Selatan,85.96678161621094
2023-05-22 08:24:00,182.5975799560547,Selatan,89.15581512451172
2023-05-22 17:01:00,173.7937469482422,Selatan,82.17124938964844
2023-05-22 19:08:00,182.3770751953125,Selatan,87.99488830566406
2023-05-23 04:19:00,176.64950561523438,Selatan,86.6094741821289
2023-05-23 16:20:00,182.63739013671875,Selatan,88.63875579833984
2023-05-23 19:51:00,180.16726684570312,Selatan,88.01509094238281
2023-05-24 03:17:00,177.07638549804688,Selatan,87.55181121826172
2023-05-25 10:09:00,176.846923828125,Selatan,86.8048324584961
2023-05-25 18:15:00,178.3533477783203,Selatan,87.61520385742188
2023-05-25 21:59:00,173.2193145751953,Selatan,82.92291259765625
2023-05-26 03:17:00,173.25665283203125,Selatan,83.47488403320312
2023-05-27 09:31:00,174.09457397460938,Selatan,81.40216827392578
2023-05-27 13:46:00,173.90231323242188,Selatan,81.67459106445312
2023-05-27 19:40:00,174.28033447265625,Selatan,84.47451782226562
2023-05-28 11:22:00,173.5512237548828,Selatan,83.85948944091797
2023-05-28 15:49:00,173.9337158203125,Selatan,81.92335510253906
2023-05-29 08:16:00,177.29661560058594,Selatan,87.56273651123047
2023-05-29 09:18:00,182.5961151123047,Selatan,89.17481994628906
2023-05-29 13:23:00,178.88265991210938,Selatan,87.74193572998047
2023-05-31 02:11:00,173.20652770996094,Selatan,82.9396743774414
2023-05-31 21:05:00,181.58660888671875,Selatan,89.72305297851562
2023-06-01 06:18:00,180.07403564453125,Selatan,88.10655975341797
2023-06-01 22:21:00,182.3441619873047,Selatan,74.93909454345703
2023-06-02 07:21:00,173.4587860107422,Selatan,82.6095962524414
2023-06-03 11:47:00,175.97157287597656,Selatan,85.93852233886719
2023-06-04 15:23:00,173.25289916992188,Selatan,83.45275115966797
2023-06-04 20:17:00,173.5030059814453,Selatan,82.55171966552734
2023-06-05 02:11:00,182.20216369628906,Selatan,90.35091400146484
2023-06-05 20:47:00,178.6145477294922,Selatan,87.67424011230469
2023-06-06 01:21:00,173.30374145507812,Selatan,82.81245422363281
2023-06-06 12:56:00,173.8140411376953,Selatan,81.50154113769531
2023-06-07 04:20:00,173.44358825683594,Selatan,82.62944030761719
2023-06-07 08:40:00,173.58953857421875,Selatan,82.43848419189453
2023-06-07 15:26:00,180.61508178710938,Selatan,87.99207305908203
2023-06-07 17:39:00,178.03948974609375,Selatan,87.59962463378906
2023-06-08 17:25:00,176.94105529785156,Selatan,87.20109558105469
2023-06-09 09:40:00,176.96194458007812,Selatan,87.30695343017578
2023-06-10 02:38:00,180.03431701660156,Selatan,88.06363677978516
2023-06-10 06:07:00,173.45932006835938,Selatan,82.6088638305664
2023-06-10 23:24:00,182.5276641845703,Selatan,88.04486083984375
2023-06-11 00:36:00,173.57327270507812,Selatan,82.45978546142578
2023-06-11 14:42:00,174.0083770751953,Selatan,84.2450942993164
2023-06-11 18:04:00,178.42349243164062,Selatan,87.6259765625
2023-06-12 02:01:00,173.2205352783203,Selatan,83.26191711425781
2023-06-13 19:43:00,173.85595703125,Selatan,81.5836410522461
2023-06-14 03:45:00,173.28219604492188,Selatan,82.84060668945312
2023-06-14 17:57:00,179.33978271484375,Selatan,87.85735321044922
2023-06-15 05:06:00,182.50726318359375,Selatan,89.86341857910156
2023-06-15 06:21:00,182.6634063720703,Selatan,88.2500991821289
2023-06-15 17:22:00,177.39427185058594,Selatan,66.93144989013672
2023-06-17 14:49:00,182.62423706054688,Selatan,88.80960083007812
2023-06-18 05:14:00,176.23617553710938,Selatan,86.20039367675781
2023-06-18 06:21:00,175.57925415039062,Selatan,85.57018280029297
2023-06-20 18:19:00,173.32220458984375,Selatan,83.66629791259766
2023-06-22 00:54:00,173.47344970703125,Selatan,82.59037780761719
2023-06-22 19:14:00,174.220947265625,Selatan,84.42442321777344
2023-06-22 19:27:00,177.56578063964844,Selatan,68.62822723388672
2023-06-23 12:10:00,173.9213409423828,Selatan,81.99744415283203
2023-06-25 10:18:00,173.19000244140625,Selatan,82.96125030517578
2023-06-25 21:05:00,174.80404663085938,Selatan,84.9162826538086
2023-06-26 11:03:00,175.15969848632812,Selatan,85.21624755859375
2023-06-26 22:04:00,173.8189697265625,Selatan,82.13826751708984
2023-06-27 20:04:00,173.46849060058594,Selatan,82.59684753417969
2023-06-28 01:57:00,173.6266632080078,Selatan,82.389892578125
2023-06-30 08:13:00,174.8460235595703,Selatan,81.88463592529297
2023-06-30 15:21:00,173.6799774169922,Selatan,82.32011413574219
2023-06-30 20:15:00,175.02272033691406,Selatan,85.1007308959961
2023-07-01 03:12:00,173.42921447753906,Selatan,82.64826202392578
2023-07-01 16:35:00,173.55567932128906,Selatan,82.4827651977539
2023-07-02 01:39:00,173.49618530273438,Selatan,82.5606460571289
2023-07-02 03:56:00,173.5456085205078,Selatan,82.49592590332031
2023-07-02 10:41:00,173.55853271484375,Selatan,82.47903442382812
2023-07-02 17:31:00,173.50714111328125,Selatan,82.54627990722656
2023-07-03 21:10:00,175.2895050048828,Selatan,85.32574462890625
2023-07-04 01:26:00,176.18121337890625,Selatan,86.1460189819336
2023-07-04 10:11:00,173.93112182617188,Selatan,81.93878936767578
2023-07-05 22:46:00,177.96890258789062,Selatan,84.57571411132812
2023-07-06 07:29:00,177.4859619140625,Selatan,82.59461212158203
2023-07-10 13:44:00,180.4176483154297,Selatan,88.0022201538086
2023-07-10 18:08:00,173.9702911376953,Selatan,81.4019546508789
2023-07-11 11:24:00,173.7683868408203,Selatan,81.4016342163086
2023-07-11 21:27:00,173.81138610839844,Selatan,82.14815521240234
2023-07-12 06:31:00,173.7841033935547,Selatan,82.183837890625
2023-07-12 15:30:00,179.97496032714844,Selatan,88.01776123046875
2023-07-12 18:10:00,176.97154235839844,Selatan,87.35568237304688
2023-07-13 06:51:00,174.18582153320312,Selatan,81.40231323242188
2023-07-13 12:01:00,174.359375,Selatan,81.47159576416016
2023-07-14 07:53:00,173.52915954589844,Selatan,82.51749420166016
2023-07-14 21:06:00,176.9366455078125,Selatan,87.17865753173828
2023-07-14 23:47:00,174.3104705810547,Selatan,84.49993133544922
2023-07-15 01:12:00,173.3373565673828,Selatan,82.76847839355469
2023-07-15 04:20:00,173.4182891845703,Selatan,82.66256713867188
2023-07-15 13:43:00,174.1621551513672,Selatan,84.37483215332031
2023-07-17 00:08:00,178.5470733642578,Selatan,87.65718841552734
2023-07-17 00:49:00,173.4985809326172,Selatan,82.55748748779297
2023-07-18 06:46:00,173.9520721435547,Selatan,81.8060531616211
2023-07-18 08:44:00,174.2566680908203,Selatan,81.40242004394531
2023-07-18 10:43:00,174.9048309326172,Selatan,81.93450164794922
2023-07-18 13:50:00,174.08938598632812,Selatan,81.40214538574219
2023-07-18 23:58:00,173.60760498046875,Selatan,82.41480255126953
2023-07-19 16:50:00,173.92250061035156,Selatan,81.99049377441406
2023-07-20 00:46:00,173.9987030029297,Selatan,81.4020004272461
2023-07-20 03:03:00,173.53590393066406,Selatan,82.50867462158203
2023-07-20 09:51:00,173.70098876953125,Selatan,82.29261779785156
2023-07-21 01:47:00,182.64797973632812,Selatan,88.49981689453125
2023-07-21 04:26:00,182.64639282226562,Selatan,88.52162170410156
2023-07-21 11:03:00,174.24937438964844,Selatan,84.44841003417969
2023-07-21 23:21:00,182.18634033203125,Selatan,87.93878173828125
2023-07-22 11:29:00,176.89117431640625,Selatan,86.94822692871094
2023-07-23 04:25:00,173.74966430664062,Selatan,82.22895812988281
2023-07-23 04:47:00,173.6905059814453,Selatan,82.30635070800781
2023-07-23 21:23:00,173.7184600830078,Selatan,84.00056457519531
2023-07-24 09:19:00,180.4754180908203,Selatan,87.99923706054688
2023-07-24 10:00:00,181.73043823242188,Selatan,89.86979675292969
2023-07-25 13:56:00,188.85427856445312,Selatan,79.64127349853516
2023-07-25 20:53:00,177.6207275390625,Selatan,66.2229232788086
2023-07-26 01:33:00,200.35122680664062,Selatan,80.25601959228516
2023-07-26 08:39:00,181.88177490234375,Selatan,90.02413940429688
2023-07-26 08:41:00,180.4488525390625,Selatan,88.51165771484375
2023-07-26 10:34:00,182.34922790527344,Selatan,87.98668670654297
2023-07-26 17:45:00,182.2930908203125,Selatan,90.35221099853516
2023-07-27 14:39:00,188.5455780029297,Selatan,80.0523910522461
2023-07-27 23:48:00,188.55645751953125,Selatan,80.03792572021484
2023-07-28 20:14:00,177.78591918945312,Selatan,70.8058853149414
2023-07-29 02:24:00,174.0714874267578,Selatan,81.40213775634766
2023-07-29 06:21:00,174.22508239746094,Selatan,81.40237426757812
2023-07-29 10:17:00,173.88316345214844,Selatan,82.05426788330078
2023-07-30 01:40:00,176.28298950195312,Selatan,83.10417175292969
2023-07-30 07:09:00,176.61724853515625,Selatan,83.3878402709961
2023-07-30 07:45:00,177.5140380859375,Selatan,87.57353973388672
2023-07-30 12:21:00,173.89430236816406,Selatan,81.65872192382812
2023-07-31 03:11:00,173.30931091308594,Selatan,82.80513000488281
2023-07-31 04:43:00,180.27073669433594,Selatan,88.009765625
2023-07-31 09:35:00,179.0311279296875,Selatan,87.77942657470703
2023-07-31 21:39:00,175.41424560546875,Selatan,85.43099975585938
2023-07-31 22:52:00,173.69224548339844,Selatan,82.30409240722656
2023-08-04 05:57:00,173.53482055664062,Selatan,82.51006317138672
2023-08-05 11:12:00,177.89747619628906,Selatan,87.59257507324219
2023-08-06 13:52:00,180.87928771972656,Selatan,87.97848510742188
2023-08-06 22:47:00,174.2744140625,Selatan,84.46953582763672
2023-08-06 23:37:00,181.17918395996094,Selatan,87.96308135986328
2023-08-06 23:38:00,174.17645263671875,Selatan,84.38688659667969
2023-08-07 02:13:00,173.66754150390625,Selatan,82.33642578125
2023-08-09 10:47:00,173.99891662597656,Selatan,81.40201568603516
2023-08-11 06:49:00,173.92820739746094,Selatan,81.95626831054688
2023-08-11 07:02:00,175.89495849609375,Selatan,82.77486419677734
2023-08-12 01:47:00,174.5699005126953,Selatan,81.6502685546875
2023-08-12 18:39:00,173.93484497070312,Selatan,81.91666412353516
2023-08-13 07:06:00,174.99166870117188,Selatan,82.00820922851562
2023-08-13 18:21:00,175.8087921142578,Selatan,82.70172882080078
2023-08-14 13:18:00,174.0084228515625,Selatan,81.40203094482422
2023-08-14 22:09:00,173.49131774902344,Selatan,83.8089370727539
2023-08-15 09:08:00,173.93043518066406,Selatan,81.94300079345703
2023-08-15 15:31:00,173.66305541992188,Selatan,82.34226989746094
2023-08-15 18:56:00,173.83689880371094,Selatan,82.11479187011719
2023-08-16 09:44:00,173.61663818359375,Selatan,82.40300750732422
2023-08-17 06:48:00,173.8971710205078,Selatan,82.03591918945312
2023-08-17 16:16:00,190.1656951904297,Selatan,77.74642944335938
2023-08-17 20:20:00,182.6478729248047,Selatan,88.50169372558594
2023-08-17 21:29:00,175.05596923828125,Selatan,85.1287841796875
2023-08-18 04:52:00,179.7726593017578,Selatan,87.96665954589844
2023-08-18 10:59:00,204.3536834716797,Barat Daya,78.93560028076172
2023-08-19 02:40:00,177.8087158203125,Selatan,71.03125
2023-08-19 07:45:00,180.82095336914062,Selatan,87.98149871826172
2023-08-19 07:47:00,176.24496459960938,Selatan,86.2091064453125
2023-08-20 02:40:00,176.65248107910156,Selatan,86.6124038696289
2023-08-20 18:48:00,176.5288848876953,Selatan,86.49008178710938
2023-08-21 17:56:00,173.62582397460938,Selatan,82.39102172851562
2023-08-21 22:15:00,173.60549926757812,Selatan,82.41759490966797
2023-08-23 04:38:00,173.24525451660156,Selatan,82.88896942138672
2023-08-24 01:48:00,177.8543243408203,Selatan,87.5904312133789
2023-08-24 15:45:00,174.7093505859375,Selatan,81.76864624023438
2023-08-25 11:04:00,173.93341064453125,Selatan,81.76565551757812
2023-08-25 13:46:00,182.63735961914062,Selatan,88.6388168334961
2023-08-26 20:50:00,175.65956115722656,Selatan,85.63792419433594
2023-08-28 12:24:00,176.9071807861328,Selatan,87.02937316894531
2023-08-28 15:21:00,182.55206298828125,Selatan,89.55396270751953
2023-08-29 00:45:00,176.8731231689453,Selatan,86.85667419433594
2023-08-29 12:27:00,178.7894287109375,Selatan,87.71839141845703
2023-08-29 13:37:00,173.4757537841797,Selatan,82.58736419677734
2023-08-29 23:28:00,173.23284912109375,Selatan,82.90518188476562
2023-08-30 15:28:00,173.62423706054688,Selatan,82.39307403564453
2023-08-30 16:07:00,173.2100830078125,Selatan,83.20024871826172
2023-08-30 17:04:00,182.56826782226562,Selatan,89.44206237792969
2023-09-01 03:49:00,182.49050903320312,Selatan,88.02647399902344
2023-09-02 02:55:00,182.1668243408203,Selatan,90.31488037109375
2023-09-02 09:05:00,177.86634826660156,Selatan,71.60171508789062
2023-09-02 09:29:00,173.703369140625,Selatan,82.2895278930664
2023-09-04 08:28:00,173.9202423095703,Selatan,82.00385284423828
2023-09-04 09:50:00,181.89523315429688,Selatan,90.03787231445312
2023-09-04 13:53:00,189.6470489501953,Selatan,78.58541107177734
2023-09-04 23:55:00,178.45733642578125,Selatan,87.63453674316406
2023-09-05 00:02:00,174.25326538085938,Selatan,84.45169830322266
2023-09-05 02:59:00,173.27728271484375,Selatan,82.8470458984375
2023-09-05 13:27:00,173.18740844726562,Selatan,82.96466827392578
2023-09-05 18:16:00,179.7054901123047,Selatan,87.94969177246094
2023-09-06 00:08:00,173.60838317871094,Selatan,82.41380310058594
2023-09-06 04:09:00,173.34765625,Selatan,83.68775939941406
2023-09-06 16:29:00,175.16578674316406,Selatan,85.2214126586914
2023-09-07 02:48:00,177.57037353515625,Selatan,68.67363739013672
2023-09-07 11:12:00,184.42813110351562,Selatan,76.28495788574219
2023-09-08 05:24:00,177.69068908691406,Selatan,69.86384582519531
2023-09-08 15:44:00,181.02574157714844,Selatan,66.26476287841797
2023-09-09 03:26:00,178.75491333007812,Selatan,87.70967864990234
2023-09-09 08:01:00,182.6234130859375,Selatan,88.8199691772461
2023-09-09 10:00:00,182.59620666503906,Selatan,89.17388916015625
2023-09-10 01:14:00,185.37326049804688,Selatan,83.48982238769531
2023-09-10 03:07:00,182.66506958007812,Selatan,88.22309875488281
2023-09-10 19:25:00,179.6386260986328,Selatan,87.93281555175781
2023-09-11 00:01:00,173.45626831054688,Selatan,82.61286926269531
2023-09-11 08:01:00,174.06716918945312,Selatan,84.29468536376953
2023-09-11 16:14:00,173.22882080078125,Selatan,83.31068420410156
2023-09-13 08:14:00,181.54908752441406,Selatan,89.68476867675781
2023-09-14 04:36:00,173.8221435546875,Selatan,82.13411712646484
2023-09-14 06:39:00,173.87396240234375,Selatan,82.0663070678711
2023-09-14 17:41:00,173.82467651367188,Selatan,81.52238464355469
2023-09-15 04:23:00,173.48008728027344,Selatan,82.5816879272461
2023-09-16 13:08:00,174.4528045654297,Selatan,81.55087280273438
2023-09-17 17:45:00,182.6570587158203,Selatan,88.35333251953125
2023-09-17 20:50:00,173.6112823486328,Selatan,82.41002655029297
2023-09-17 22:53:00,173.94464111328125,Selatan,81.85797119140625
2023-09-18 04:01:00,175.08859252929688,Selatan,82.09044647216797
2023-09-18 11:28:00,174.6088104248047,Selatan,81.68328857421875
2023-09-18 14:37:00,173.87159729003906,Selatan,81.61434173583984
2023-09-18 22:42:00,173.50474548339844,Selatan,82.54945373535156
2023-09-19 01:33:00,173.3544464111328,Selatan,82.74607849121094
2023-09-19 23:16:00,176.9014434814453,Selatan,87.00022888183594
2023-09-20 14:49:00,173.57568359375,Selatan,82.45660400390625
2023-09-22 04:56:00,174.07989501953125,Selatan,81.40214538574219
2023-09-22 06:58:00,173.61627197265625,Selatan,82.40351867675781
2023-09-22 08:17:00,176.85662841796875,Selatan,86.81446075439453
2023-09-23 11:59:00,175.59446716308594,Selatan,85.58302307128906
2023-09-23 22:33:00,173.46095275878906,Selatan,82.60676574707031
2023-09-23 23:25:00,173.70379638671875,Selatan,82.28894805908203
2023-09-24 01:31:00,173.22438049316406,Selatan,83.28455352783203
2023-09-24 15:02:00,175.36032104492188,Selatan,85.385498046875
2023-09-25 02:44:00,190.07614135742188,Selatan,77.74137115478516
2023-09-25 12:07:00,177.81016540527344,Selatan,71.0457763671875
2023-09-25 15:20:00,185.71673583984375,Selatan,83.20272064208984
2023-09-25 16:25:00,181.41920471191406,Selatan,87.95668029785156
2023-09-25 18:35:00,174.509521484375,Selatan,84.66781616210938
2023-09-27 03:29:00,179.3297119140625,Selatan,87.85481262207031
2023-09-27 04:50:00,182.65701293945312,Selatan,88.35324096679688
2023-09-27 11:02:00,176.75328063964844,Selatan,86.7121810913086
2023-09-27 16:07:00,185.81768798828125,Selatan,77.18238830566406
2023-09-29 12:39:00,184.7672882080078,Selatan,83.99630737304688
2023-09-30 03:11:00,186.604248046875,Selatan,77.54580688476562
2023-09-30 06:57:00,185.2798309326172,Selatan,76.83502197265625
2023-09-30 08:10:00,179.51083374023438,Selatan,87.90055847167969
2023-09-30 11:48:00,176.53863525390625,Selatan,86.49974060058594
2023-09-30 14:25:00,176.82395935058594,Selatan,86.78211212158203
2023-09-30 19:43:00,173.30601501464844,Selatan,83.65262603759766
2023-10-01 01:16:00,173.68360900878906,Selatan,82.31538391113281
2023-10-01 13:54:00,176.88124084472656,Selatan,86.89776611328125
2023-10-02 05:34:00,173.3132781982422,Selatan,83.65876770019531
2023-10-02 10:29:00,185.55416870117188,Selatan,83.33861541748047
2023-10-02 10:40:00,189.6382293701172,Selatan,77.71672058105469
2023-10-02 10:42:00,186.9195556640625,Selatan,77.56358337402344
2023-10-02 14:09:00,200.90846252441406,Selatan,79.93017578125
2023-10-02 18:39:00,201.6468048095703,Selatan,87.76687622070312
2023-10-03 11:48:00,197.78085327148438,Selatan,88.26264190673828
2023-10-04 11:17:00,180.9180908203125,Selatan,87.97649383544922
2023-10-04 13:30:00,182.6308135986328,Selatan,88.1285171508789
2023-10-05 10:36:00,181.85894775390625,Selatan,87.94701385498047
2023-10-05 11:05:00,182.617919921875,Selatan,88.1180419921875
2023-10-05 16:36:00,181.5172576904297,Selatan,87.95452117919922
2023-10-06 21:15:00,182.62384033203125,Selatan,88.8143310546875
2023-10-06 23:55:00,177.7017059326172,Selatan,69.97267150878906
2023-10-07 05:07:00,187.4513702392578,Selatan,77.5935287475586
2023-10-07 17:28:00,198.60903930664062,Selatan,81.2747573852539
2023-10-07 20:16:00,182.60899353027344,Selatan,88.11079406738281
2023-10-09 00:05:00,182.49327087402344,Selatan,89.96002960205078
2023-10-09 03:51:00,182.60935974121094,Selatan,89.0029067993164
2023-10-09 11:24:00,177.49884033203125,Selatan,67.96587371826172
2023-10-10 08:34:00,174.1004638671875,Selatan,84.3227767944336
2023-10-10 20:29:00,174.8353729248047,Selatan,81.8755874633789
2023-10-10 22:05:00,173.88002014160156,Selatan,81.63079833984375
2023-10-12 21:41:00,173.921142578125,Selatan,81.72982788085938
2023-10-13 04:01:00,173.9286651611328,Selatan,81.95349884033203
2023-10-13 07:47:00,173.77952575683594,Selatan,81.40165710449219
2023-10-14 21:51:00,173.93878173828125,Selatan,81.89290618896484
2023-10-15 02:30:00,173.8372802734375,Selatan,81.4017562866211
2023-10-15 07:55:00,173.2289581298828,Selatan,82.9103012084961
2023-10-15 12:24:00,175.81332397460938,Selatan,85.78190612792969
2023-10-16 14:45:00,176.24427795410156,Selatan,86.20843505859375
2023-10-17 01:28:00,173.24472045898438,Selatan,82.88964080810547
2023-10-17 07:23:00,174.05499267578125,Selatan,84.28443908691406
2023-10-18 09:24:00,173.56629943847656,Selatan,82.46886444091797
2023-10-21 02:26:00,173.5478973388672,Selatan,82.49295043945312
2023-10-22 01:17:00,173.4447021484375,Selatan,82.62797546386719
2023-10-22 17:36:00,173.61502075195312,Selatan,82.40511322021484
2023-10-23 17:38:00,174.1736297607422,Selatan,84.3844985961914
2023-10-24 12:43:00,173.3183135986328,Selatan,82.79338073730469
2023-10-24 16:26:00,173.7725067138672,Selatan,81.42022705078125
2023-10-24 17:38:00,176.05307006835938,Selatan,82.90902709960938
2023-10-24 23:35:00,176.07171630859375,Selatan,82.92491149902344
2023-10-28 00:24:00,173.47080993652344,Selatan,82.59383392333984
2023-10-28 07:40:00,176.7872314453125,Selatan,86.74578857421875
2023-10-28 09:35:00,173.23182678222656,Selatan,82.90655517578125
2023-10-28 09:37:00,177.00328063964844,Selatan,87.51660919189453
2023-10-28 11:34:00,177.1207275390625,Selatan,87.55401611328125
2023-10-28 17:03:00,177.79368591308594,Selatan,70.8827133178711
2023-10-30 05:04:00,173.38919067382812,Selatan,82.70064544677734
2023-10-30 05:56:00,173.1779022216797,Selatan,82.97711944580078
2023-10-31 06:27:00,176.8779754638672,Selatan,86.88124084472656
2023-10-31 15:40:00,176.8890838623047,Selatan,86.93769836425781
2023-10-31 23:14:00,176.93048095703125,Selatan,87.14743041992188
2023-11-01 06:03:00,176.46437072753906,Selatan,86.4262466430664
2023-11-01 18:49:00,182.63075256347656,Selatan,88.7248306274414
2023-11-02 19:42:00,173.50320434570312,Selatan,82.55142211914062
2023-11-02 20:55:00,173.6929931640625,Selatan,82.30309295654297
2023-11-02 21:04:00,173.23716735839844,Selatan,82.8995590209961
2023-11-03 16:47:00,173.19468688964844,Selatan,82.95513153076172
2023-11-03 22:02:00,177.25894165039062,Selatan,87.56086730957031
2023-11-04 08:44:00,173.3361358642578,Selatan,82.77003479003906
2023-11-05 05:31:00,173.2420654296875,Selatan,82.89313507080078
2023-11-06 01:27:00,173.18466186523438,Selatan,82.96824645996094
2023-11-07 00:38:00,173.79525756835938,Selatan,82.16931915283203
2023-11-09 01:13:00,174.9280548095703,Selatan,81.95423889160156
2023-11-09 07:10:00,178.2815399169922,Selatan,84.85298156738281
2023-11-11 12:08:00,177.19174194335938,Selatan,83.88631439208984
2023-11-11 14:21:00,173.81375122070312,Selatan,81.50102233886719
2023-11-11 14:47:00,173.90455627441406,Selatan,82.02625274658203
2023-11-12 02:50:00,173.35777282714844,Selatan,82.74178314208984
2023-11-12 03:18:00,173.43331909179688,Selatan,82.64289855957031
2023-11-12 04:50:00,180.60354614257812,Selatan,87.9926528930664
2023-11-12 07:14:00,176.90260314941406,Selatan,87.00617218017578
2023-11-12 09:58:00,173.3816375732422,Selatan,83.71643829345703
2023-11-13 10:42:00,173.91903686523438,Selatan,81.72361755371094
2023-11-13 12:26:00,173.9486541748047,Selatan,81.8338623046875
2023-11-13 20:07:00,176.91673278808594,Selatan,87.0777816772461
2023-11-14 06:59:00,182.56976318359375,Selatan,88.0790023803711
2023-11-16 18:52:00,178.0126190185547,Selatan,87.5982894897461
2023-11-17 15:42:00,173.56192016601562,Selatan,82.474609375
2023-11-19 10:26:00,174.3426055908203,Selatan,81.45735168457031
2023-11-19 18:26:00,173.88388061523438,Selatan,82.05329132080078
2023-11-20 00:19:00,173.74713134765625,Selatan,82.23226928710938
2023-11-20 12:10:00,176.35101318359375,Selatan,86.31404876708984
2023-11-21 01:31:00,176.95474243164062,Selatan,87.2706298828125
2023-11-22 12:20:00,180.8946533203125,Selatan,87.97772216796875
2023-11-22 20:59:00,173.4843292236328,Selatan,83.80307006835938
2023-11-23 07:22:00,173.66575622558594,Selatan,82.33875274658203
2023-11-25 02:20:00,173.3934326171875,Selatan,82.69509887695312
2023-11-25 07:22:00,173.39964294433594,Selatan,82.68693542480469
2023-11-26 12:37:00,173.2635955810547,Selatan,82.86497497558594
2023-11-27 06:50:00,177.52041625976562,Selatan,68.17948150634766
2023-11-27 12:37:00,181.89990234375,Selatan,90.0426025390625
2023-11-28 07:32:00,180.64508056640625,Selatan,88.7237777709961
2023-11-28 18:55:00,173.23019409179688,Selatan,83.31884002685547
2023-11-29 06:40:00,182.59033203125,Selatan,89.25027465820312
2023-11-29 10:25:00,182.415283203125,Selatan,85.96229553222656
2023-11-29 18:02:00,176.931396484375,Selatan,87.15214538574219
2023-12-01 07:00:00,177.48599243164062,Selatan,87.5721435546875
2023-12-01 07:37:00,173.8274383544922,Selatan,82.12718963623047
2023-12-01 16:09:00,173.95062255859375,Selatan,81.82234954833984
2023-12-01 19:00:00,173.2961883544922,Selatan,82.82231140136719
2023-12-02 12:17:00,173.467041015625,Selatan,82.59877014160156
2023-12-02 16:11:00,175.90403747558594,Selatan,85.87167358398438
2023-12-02 17:42:00,181.31314086914062,Selatan,89.44412231445312
2023-12-04 21:18:00,173.21685791015625,Selatan,83.24030303955078
2023-12-04 23:04:00,176.0632781982422,Selatan,86.02930450439453
2023-12-04 23:47:00,185.47869873046875,Selatan,68.448974609375
2023-12-05 04:15:00,177.41488647460938,Selatan,66.4762191772461
2023-12-05 06:31:00,177.88528442382812,Selatan,71.78885650634766
2023-12-05 09:50:00,181.3628692626953,Selatan,74.26416778564453
2023-12-06 00:05:00,173.20883178710938,Selatan,82.9366226196289
2023-12-07 10:53:00,173.45318603515625,Selatan,82.61691284179688
2023-12-08 01:12:00,185.34909057617188,Selatan,83.51001739501953
2023-12-09 05:18:00,181.57785034179688,Selatan,86.66229248046875
2023-12-09 17:31:00,181.41790771484375,Selatan,89.55098724365234
2023-12-10 05:10:00,182.7552490234375,Selatan,85.67811584472656
2023-12-11 01:27:00,182.59585571289062,Selatan,89.17823028564453
2023-12-11 02:12:00,175.71754455566406,Selatan,85.6871337890625
2023-12-11 20:36:00,174.02056884765625,Selatan,84.25538635253906
2023-12-12 02:21:00,173.5508270263672,Selatan,82.48910522460938
2023-12-12 07:04:00,174.49488830566406,Selatan,84.65550994873047
2023-12-13 22:19:00,173.24436950683594,Selatan,82.89016723632812
2023-12-15 00:59:00,173.965087890625,Selatan,81.40196990966797
2023-12-15 15:20:00,174.42636108398438,Selatan,81.52843475341797
2023-12-15 16:26:00,173.907470703125,Selatan,81.68965911865234
2023-12-15 17:26:00,173.51197814941406,Selatan,82.53997802734375
2023-12-15 23:25:00,173.92665100097656,Selatan,81.9655532836914
2023-12-16 01:41:00,173.26739501953125,Selatan,82.85997772216797
2023-12-17 07:33:00,173.35498046875,Selatan,82.7453842163086
2023-12-17 08:39:00,178.12449645996094,Selatan,87.60384368896484
2023-12-18 10:52:00,173.92398071289062,Selatan,84.1739273071289
2023-12-19 13:16:00,181.26780700683594,Selatan,89.39678955078125
2023-12-20 01:06:00,199.22817993164062,Selatan,80.91271209716797
2023-12-20 07:24:00,182.6266326904297,Selatan,88.1251220703125
2023-12-20 11:12:00,173.352783203125,Selatan,82.74824523925781
2023-12-20 23:36:00,175.56251525878906,Selatan,85.5560531616211
2023-12-22 00:28:00,173.34934997558594,Selatan,82.75276184082031
2023-12-22 18:43:00,173.18849182128906,Selatan,82.96326446533203
2023-12-23 07:56:00,176.8958282470703,Selatan,86.97180938720703
2023-12-23 16:33:00,173.28529357910156,Selatan,82.83657836914062
2023-12-23 23:27:00,175.3315887451172,Selatan,85.36127471923828
2023-12-24 06:45:00,182.5983123779297,Selatan,89.14701843261719
2023-12-24 20:37:00,176.55030822753906,Selatan,86.51129150390625
2023-12-25 10:52:00,177.26858520507812,Selatan,87.56135559082031
2023-12-25 13:04:00,174.76608276367188,Selatan,84.88424682617188
2023-12-25 23:34:00,180.03746032714844,Selatan,87.94982147216797
2023-12-28 05:42:00,173.36672973632812,Selatan,82.73001861572266
2023-12-28 20:04:00,173.37869262695312,Selatan,82.71435546875
2023-12-28 20:15:00,173.9349365234375,Selatan,81.91604614257812
2023-12-28 23:42:00,175.88265991210938,Selatan,85.85052490234375
2023-12-29 22:02:00,174.79000854492188,Selatan,84.9044189453125
2023-12-30 00:22:00,173.3109130859375,Selatan,82.80307006835938
2023-12-30 00:30:00,173.24732971191406,Selatan,83.41986083984375
2023-12-31 15:30:00,173.72084045410156,Selatan,82.26665496826172
2023-12-31 16:20:00,173.7758331298828,Selatan,82.19470977783203
2023-12-31 22:04:00,175.10140991210938,Selatan,82.10137176513672
2024-01-01 06:30:00,173.72406005859375,Selatan,82.26245880126953
2024-01-01 15:30:00,175.78578186035156,Selatan,82.68221282958984
2024-01-02 12:08:00,175.10743713378906,Selatan,82.10650634765625
2024-01-02 22:17:00,174.40032958984375,Selatan,81.50636291503906
2024-01-03 04:36:00,173.8297882080078,Selatan,82.12407684326172
2024-01-03 10:50:00,173.23692321777344,Selatan,82.89984130859375
2024-01-03 15:42:00,182.15061950683594,Selatan,87.93809509277344
2024-01-04 11:40:00,173.5092010498047,Selatan,82.5436019897461
2024-01-05 20:42:00,173.87051391601562,Selatan,82.07079315185547
2024-01-06 22:05:00,173.76547241210938,Selatan,81.40642547607422
2024-01-07 12:53:00,176.77227783203125,Selatan,86.73095703125
2024-01-08 12:59:00,175.53167724609375,Selatan,85.53006744384766
2024-01-08 18:55:00,175.27597045898438,Selatan,85.3143310546875
2024-01-10 16:24:00,180.9604034423828,Selatan,87.97431945800781
2024-01-11 22:50:00,176.91983032226562,Selatan,87.09355926513672
2024-01-12 07:34:00,178.5070037841797,Selatan,87.6470718383789
2024-01-12 09:00:00,182.13160705566406,Selatan,90.27896881103516
2024-01-13 07:23:00,177.72486877441406,Selatan,70.20208740234375
2024-01-13 09:16:00,177.39300537109375,Selatan,66.62571716308594
2024-01-13 15:23:00,177.4267578125,Selatan,67.25298309326172
2024-01-13 19:03:00,177.6363525390625,Selatan,69.32623291015625
2024-01-14 20:15:00,181.15115356445312,Selatan,89.27073669433594
2024-01-15 12:59:00,197.7896728515625,Selatan,81.7538833618164
2024-01-15 21:00:00,182.04483032226562,Selatan,90.19043731689453
2024-01-16 19:15:00,184.1878662109375,Selatan,76.12980651855469
2024-01-19 17:01:00,177.3971405029297,Selatan,66.59732818603516
2024-01-20 16:50:00,181.42575073242188,Selatan,89.55899810791016
2024-01-21 07:15:00,182.19134521484375,Selatan,86.14946746826172
2024-01-21 12:42:00,179.8308868408203,Selatan,87.98137664794922
2024-01-21 20:00:00,182.63002014160156,Selatan,88.7345199584961
2024-01-22 03:15:00,187.77523803710938,Selatan,81.07843017578125
2024-01-23 08:01:00,176.1648712158203,Selatan,86.12984466552734
2024-01-24 16:58:00,202.6201629638672,Barat Daya,77.1288070678711
2024-01-25 08:02:00,182.91375732421875,Selatan,85.54564666748047
2024-01-26 04:16:00,182.40025329589844,Selatan,74.97531127929688
2024-01-26 15:05:00,184.62554931640625,Selatan,84.11481475830078
2024-01-26 23:55:00,183.28834533691406,Selatan,75.54886627197266
2024-01-28 07:23:00,177.80368041992188,Selatan,70.98163604736328
2024-01-28 20:37:00,204.95704650878906,Barat Daya,78.42243957519531
2024-01-30 18:03:00,202.80276489257812,Barat Daya,79.2332763671875
2024-01-31 13:11:00,198.52711486816406,Selatan,81.3226318359375
2024-02-01 04:44:00,200.44488525390625,Selatan,80.20125579833984
2024-02-01 08:30:00,202.25799560546875,Selatan,76.93663787841797
2024-02-01 10:56:00,177.8213653564453,Selatan,71.15660858154297
2024-02-01 21:14:00,182.43045043945312,Selatan,90.26068115234375
2024-02-02 01:06:00,204.53379821777344,Barat Daya,78.90101623535156
2024-02-02 09:58:00,177.64773559570312,Selatan,69.43889617919922
2024-02-02 18:49:00,177.62344360351562,Selatan,69.19852447509766
2024-02-03 04:29:00,180.24749755859375,Selatan,88.01095581054688
2024-02-03 16:37:00,182.6171875,Selatan,88.90093231201172
2024-02-04 12:58:00,182.6175994873047,Selatan,88.89556884765625
2024-02-05 14:19:00,182.59323120117188,Selatan,89.21244049072266
2024-02-05 16:58:00,176.99522399902344,Selatan,87.47567749023438
2024-02-07 18:07:00,181.3587646484375,Selatan,89.49063873291016
2024-02-08 10:10:00,200.30148315429688,Selatan,75.8985366821289
2024-02-09 05:26:00,173.1759796142578,Selatan,82.97965240478516
2024-02-09 17:41:00,178.30165100097656,Selatan,87.61264038085938
2024-02-10 02:33:00,188.5780029296875,Selatan,80.00922393798828
2024-02-10 18:38:00,180.3049774169922,Selatan,88.00801086425781
2024-02-11 04:23:00,182.51011657714844,Selatan,89.84359741210938
2024-02-13 01:17:00,184.8501434326172,Selatan,76.5575180053711
2024-02-13 06:12:00,190.57215881347656,Selatan,81.91403198242188
2024-02-13 06:46:00,176.95474243164062,Selatan,87.27056884765625
2024-02-14 18:29:00,182.78855895996094,Selatan,85.65029907226562
2024-02-15 01:29:00,173.95550537109375,Selatan,84.20051574707031
2024-02-15 04:55:00,178.36326599121094,Selatan,87.61570739746094
2024-02-15 23:39:00,182.6352996826172,Selatan,88.66561889648438
2024-02-15 23:56:00,204.23777770996094,Barat Daya,78.95783996582031
2024-02-18 10:05:00,175.5695343017578,Selatan,82.4986572265625
2024-02-18 20:13:00,174.53488159179688,Selatan,81.62055969238281
2024-02-21 15:20:00,174.37620544433594,Selatan,81.48587799072266
2024-02-23 02:50:00,174.6543426513672,Selatan,81.7219009399414
2024-02-23 04:07:00,175.09007263183594,Selatan,82.09172821044922
2024-02-23 04:11:00,175.9086151123047,Selatan,82.78640747070312
2024-02-25 06:59:00,173.76377868652344,Selatan,82.2104721069336
2024-02-26 05:22:00,177.5398712158203,Selatan,84.19513702392578
2024-02-27 00:24:00,174.56967163085938,Selatan,81.65007019042969
2024-02-27 06:36:00,173.73875427246094,Selatan,82.24320220947266
2024-02-28 22:25:00,173.31170654296875,Selatan,82.80200958251953
2024-02-29 07:16:00,173.8063201904297,Selatan,81.48641967773438
2024-02-29 07:41:00,176.02699279785156,Selatan,82.88690948486328
2024-02-29 08:01:00,176.1217498779297,Selatan,82.96735382080078
2024-02-29 14:43:00,175.49185180664062,Selatan,85.49647521972656
2024-02-29 20:08:00,174.24981689453125,Selatan,84.4487533569336
2024-03-01 01:43:00,174.05909729003906,Selatan,84.28790283203125
2024-03-01 04:28:00,173.20777893066406,Selatan,83.18669891357422
2024-03-02 17:01:00,173.6953125,Selatan,82.30006408691406
2024-03-03 18:19:00,178.87098693847656,Selatan,87.73897552490234
2024-03-03 21:05:00,173.56729125976562,Selatan,82.46759033203125
2024-03-04 00:06:00,173.3663330078125,Selatan,82.73055267333984
2024-03-04 01:06:00,173.88873291015625,Selatan,82.0469741821289
2024-03-04 06:37:00,173.33363342285156,Selatan,82.7733154296875
2024-03-04 23:23:00,176.9105682373047,Selatan,87.04657745361328
2024-03-05 00:10:00,173.59237670898438,Selatan,82.43477630615234
2024-03-05 03:36:00,173.4319610595703,Selatan,82.64466857910156
2024-03-05 14:34:00,176.87078857421875,Selatan,86.84481048583984
2024-03-06 18:57:00,177.59886169433594,Selatan,87.5777359008789
2024-03-07 19:56:00,181.93577575683594,Selatan,90.07923889160156
2024-03-08 07:06:00,175.23239135742188,Selatan,85.27759552001953
2024-03-08 22:46:00,173.22018432617188,Selatan,83.25983428955078
2024-03-09 14:24:00,173.44883728027344,Selatan,82.62258911132812
2024-03-11 02:32:00,173.29998779296875,Selatan,83.64757537841797
2024-03-11 03:43:00,173.82078552246094,Selatan,82.1358642578125
2024-03-11 10:36:00,177.4001922607422,Selatan,66.5765609741211
2024-03-13 01:02:00,182.61410522460938,Selatan,88.94145202636719
2024-03-13 02:10:00,177.81854248046875,Selatan,71.12853240966797
2024-03-13 06:14:00,200.7166748046875,Selatan,80.04231262207031
2024-03-13 10:32:00,196.24375915527344,Selatan,87.91533660888672
2024-03-13 18:04:00,183.03369140625,Selatan,85.44538879394531
2024-03-13 19:58:00,185.41432189941406,Selatan,83.45549011230469
2024-03-14 04:02:00,176.9637451171875,Selatan,87.31616973876953
2024-03-14 04:25:00,173.17935180664062,Selatan,83.01910400390625
2024-03-14 08:16:00,173.36204528808594,Selatan,82.73616027832031
2024-03-14 16:06:00,173.5928192138672,Selatan,82.43417358398438
2024-03-15 11:06:00,173.62831115722656,Selatan,82.38771057128906
2024-03-15 17:15:00,173.88821411132812,Selatan,81.64679718017578
2024-03-17 20:02:00,174.7378692626953,Selatan,81.79281616210938
2024-03-17 23:58:00,173.9545440673828,Selatan,81.40194702148438
2024-03-18 01:44:00,173.32208251953125,Selatan,82.78842163085938
2024-03-18 07:54:00,176.82115173339844,Selatan,83.56095886230469
2024-03-20 21:15:00,178.3101806640625,Selatan,84.7146987915039
2024-03-21 04:07:00,175.72560119628906,Selatan,82.6311264038086
2024-03-21 18:23:00,173.21249389648438,Selatan,83.2143325805664
2024-03-21 21:08:00,173.9408416748047,Selatan,81.78750610351562
2024-03-22 03:41:00,174.9060516357422,Selatan,81.9355697631836
2024-03-22 08:46:00,173.94239807128906,Selatan,81.87152099609375
2024-03-22 09:47:00,173.8133087158203,Selatan,82.14566802978516
2024-03-23 06:42:00,178.0318145751953,Selatan,84.6314926147461
2024-03-25 15:47:00,176.025390625,Selatan,82.88557434082031
2024-03-29 07:48:00,176.20315551757812,Selatan,86.16773223876953
2024-03-29 13:17:00,173.92945861816406,Selatan,81.75409698486328
2024-03-29 14:08:00,174.35726928710938,Selatan,81.46981811523438
2024-03-29 17:55:00,182.58433532714844,Selatan,88.09082794189453
2024-03-30 19:32:00,175.47320556640625,Selatan,85.480712890625
2024-03-30 22:03:00,173.48098754882812,Selatan,82.58052062988281
2024-03-30 22:38:00,176.9645538330078,Selatan,87.3202896118164
2024-03-31 02:42:00,176.87643432617188,Selatan,86.87362670898438
2024-03-31 05:54:00,176.0662841796875,Selatan,86.03227996826172
2024-04-01 02:37:00,190.17681884765625,Selatan,77.87984466552734
2024-04-02 19:31:00,176.9869842529297,Selatan,87.4339828491211
2024-04-02 20:45:00,173.50135803222656,Selatan,82.55387878417969
2024-04-03 04:56:00,173.93263244628906,Selatan,81.92988586425781
2024-04-04 20:20:00,173.2235870361328,Selatan,82.91729736328125
2024-04-05 07:26:00,173.26132202148438,Selatan,82.8679428100586
2024-04-06 08:53:00,173.241943359375,Selatan,83.38807678222656
2024-04-07 02:30:00,173.66436767578125,Selatan,82.34056091308594
2024-04-07 08:32:00,173.39962768554688,Selatan,82.68695831298828
2024-04-08 13:23:00,173.422607421875,Selatan,82.65692138671875
2024-04-09 07:56:00,173.298828125,Selatan,82.81887817382812
2024-04-09 17:14:00,173.7586669921875,Selatan,82.21717071533203
2024-04-09 17:23:00,173.81265258789062,Selatan,82.14651489257812
2024-04-10 05:41:00,174.02218627929688,Selatan,84.25676727294922
2024-04-10 23:08:00,173.4235076904297,Selatan,82.6557388305664
2024-04-11 05:13:00,173.25477600097656,Selatan,82.87650299072266
2024-04-11 12:26:00,182.6233673095703,Selatan,88.82073974609375
2024-04-11 14:28:00,174.81683349609375,Selatan,84.92707061767578
2024-04-11 21:54:00,182.5880889892578,Selatan,89.27935028076172
2024-04-12 19:35:00,182.61422729492188,Selatan,88.93934631347656
2024-04-13 06:43:00,190.12025451660156,Selatan,77.9551773071289
2024-04-14 03:03:00,179.8638153076172,Selatan,87.98968505859375
2024-04-14 04:14:00,173.7966766357422,Selatan,82.16741943359375
2024-04-14 10:18:00,173.3754119873047,Selatan,82.71865844726562
2024-04-14 20:05:00,173.65931701660156,Selatan,82.34717559814453
2024-04-15 04:19:00,173.94146728515625,Selatan,81.87725830078125
2024-04-15 16:52:00,176.3749237060547,Selatan,83.1822280883789
2024-04-16 07:59:00,173.9175262451172,Selatan,81.71914672851562
2024-04-16 09:20:00,176.90411376953125,Selatan,87.0137939453125
2024-04-16 16:57:00,177.38841247558594,Selatan,66.87342071533203
2024-04-18 22:33:00,180.86727905273438,Selatan,88.96390533447266
2024-04-19 08:10:00,188.8777618408203,Selatan,79.60995483398438
2024-04-19 22:12:00,183.41326904296875,Selatan,85.12810516357422
2024-04-20 04:31:00,182.64114379882812,Selatan,88.58952331542969
2024-04-20 20:50:00,176.18215942382812,Selatan,86.14696502685547
2024-04-21 16:59:00,180.00949096679688,Selatan,88.02318572998047
2024-04-22 19:13:00,173.44053649902344,Selatan,82.63346099853516
2024-04-23 15:18:00,176.8721923828125,Selatan,86.85196685791016
2024-04-24 03:45:00,176.35179138183594,Selatan,86.31483459472656
2024-04-24 11:17:00,182.58929443359375,Selatan,89.26368713378906
2024-04-25 01:19:00,173.51182556152344,Selatan,82.54013061523438
2024-04-25 16:24:00,173.26426696777344,Selatan,82.86410522460938
2024-04-26 08:45:00,173.83937072753906,Selatan,82.1115493774414
2024-04-26 15:39:00,176.31275939941406,Selatan,83.12943267822266
2024-04-26 16:50:00,174.30621337890625,Selatan,81.42649841308594
2024-04-26 18:07:00,173.79176330566406,Selatan,82.1738510131836
2024-04-26 22:20:00,173.63702392578125,Selatan,82.37633514404297
2024-04-27 04:30:00,175.65121459960938,Selatan,85.63090515136719
2024-04-27 19:36:00,176.88394165039062,Selatan,86.91162109375
2024-04-28 09:07:00,173.37353515625,Selatan,82.7210922241211
2024-04-28 21:09:00,173.18017578125,Selatan,82.97412109375
2024-04-29 17:04:00,176.7161102294922,Selatan,86.67538452148438
2024-05-01 15:23:00,182.61029052734375,Selatan,88.99078369140625
2024-05-02 04:06:00,178.12689208984375,Selatan,87.60397338867188
2024-05-02 07:17:00,182.6117401123047,Selatan,88.971923828125
2024-05-02 12:54:00,176.82164001464844,Selatan,86.77982330322266
2024-05-02 13:37:00,174.3521270751953,Selatan,84.53506469726562
2024-05-03 04:45:00,174.1934051513672,Selatan,84.40119171142578
2024-05-03 16:15:00,173.8671417236328,Selatan,84.12596893310547
2024-05-03 16:25:00,185.4783935546875,Selatan,83.40191650390625
2024-05-04 07:58:00,173.669677734375,Selatan,83.95941162109375
2024-05-04 21:46:00,175.45135498046875,Selatan,85.4622802734375
2024-05-05 07:29:00,176.9080810546875,Selatan,87.03385925292969
2024-05-06 07:12:00,177.51644897460938,Selatan,87.57366180419922
2024-05-06 23:20:00,180.96511840820312,Selatan,87.97408294677734
2024-05-07 03:36:00,181.7503662109375,Selatan,87.94940948486328
2024-05-07 13:42:00,182.43356323242188,Selatan,90.25859832763672
2024-05-07 15:26:00,178.4839324951172,Selatan,87.64125061035156
2024-05-07 20:41:00,176.99127197265625,Selatan,87.45573425292969
2024-05-07 22:00:00,173.51304626464844,Selatan,82.53854370117188
2024-05-07 22:14:00,173.57058715820312,Selatan,82.46324920654297
2024-05-08 00:26:00,179.53665161132812,Selatan,65.5517349243164
2024-05-08 02:42:00,173.2555389404297,Selatan,83.46830749511719
2024-05-11 17:59:00,182.62240600585938,Selatan,88.83314514160156
2024-05-11 20:28:00,176.124267578125,Selatan,86.08964538574219
2024-05-13 05:24:00,173.25225830078125,Selatan,82.87982940673828
2024-05-14 19:05:00,176.94332885742188,Selatan,87.21256256103516
2024-05-16 02:55:00,173.4029541015625,Selatan,82.6825942993164
2024-05-16 08:29:00,173.6590576171875,Selatan,82.34750366210938
2024-05-16 09:53:00,175.22032165527344,Selatan,82.20227813720703
2024-05-17 09:25:00,175.23838806152344,Selatan,82.21761322021484
2024-05-18 07:38:00,173.8064727783203,Selatan,82.15461730957031
2024-05-18 20:49:00,173.7775115966797,Selatan,81.42998504638672
2024-05-19 14:01:00,182.5115509033203,Selatan,89.83378601074219
2024-05-20 06:25:00,177.73532104492188,Selatan,87.58451080322266
2024-05-20 07:51:00,178.85546875,Selatan,87.73506927490234
2024-05-21 06:39:00,173.3673553466797,Selatan,82.72921752929688
2024-05-23 02:41:00,179.33633422851562,Selatan,72.84939575195312
2024-05-23 14:56:00,187.01522827148438,Selatan,82.09063720703125
2024-05-23 19:41:00,173.45375061035156,Selatan,82.6161117553711
2024-05-23 20:14:00,173.8862762451172,Selatan,84.14209747314453
2024-05-24 10:03:00,175.89524841308594,Selatan,85.86302185058594
2024-05-24 11:01:00,176.12527465820312,Selatan,86.0906753540039
2024-05-25 03:50:00,176.9103240966797,Selatan,87.04537200927734
2024-05-25 07:49:00,173.67620849609375,Selatan,83.96490478515625
2024-05-25 19:47:00,173.29360961914062,Selatan,83.64218139648438
2024-05-26 14:13:00,174.68775939941406,Selatan,84.81818389892578
2024-05-26 22:51:00,173.19387817382812,Selatan,83.10474395751953
2024-05-28 13:04:00,173.27273559570312,Selatan,83.5696792602539
2024-05-30 12:43:00,173.2274169921875,Selatan,83.30241394042969
2024-05-30 18:09:00,179.1467742919922,Selatan,87.80862426757812
2024-06-01 05:31:00,173.31338500976562,Selatan,82.7998275756836
2024-06-01 13:12:00,173.25503540039062,Selatan,83.46530151367188
2024-06-02 06:54:00,173.6073760986328,Selatan,82.41511535644531
2024-06-02 09:36:00,203.62759399414062,Barat Daya,79.074951171875
2024-06-03 05:06:00,177.5175018310547,Selatan,66.25104522705078
2024-06-03 18:31:00,182.63418579101562,Selatan,88.68000793457031
2024-06-04 05:25:00,182.6212921142578,Selatan,88.84771728515625
2024-06-04 11:42:00,173.28155517578125,Selatan,82.84149169921875
2024-06-04 12:40:00,177.79632568359375,Selatan,87.58756256103516
2024-06-04 18:25:00,182.61500549316406,Selatan,88.92977142333984
2024-06-05 04:20:00,183.34793090820312,Selatan,85.1827163696289
2024-06-07 02:30:00,190.40061950683594,Selatan,81.86412048339844
2024-06-07 20:43:00,173.2348175048828,Selatan,83.3462142944336
2024-06-08 18:28:00,173.63121032714844,Selatan,83.92696380615234
2024-06-10 02:16:00,176.9971466064453,Selatan,87.48544311523438
2024-06-10 05:45:00,200.0603485107422,Selatan,75.77059173583984
2024-06-10 18:16:00,173.7789764404297,Selatan,82.19058227539062
2024-06-11 01:10:00,176.5118408203125,Selatan,86.47321319580078
2024-06-11 07:35:00,174.98141479492188,Selatan,81.99951934814453
2024-06-12 13:47:00,174.3600616455078,Selatan,81.47216033935547
2024-06-12 19:27:00,173.91619873046875,Selatan,81.71539306640625
2024-06-14 06:50:00,173.32786560058594,Selatan,82.7808837890625
2024-06-15 20:14:00,173.63720703125,Selatan,83.93202209472656
2024-06-17 12:07:00,173.23866271972656,Selatan,83.36882781982422
2024-06-19 08:11:00,173.28228759765625,Selatan,83.62605285644531
2024-06-19 22:23:00,173.77438354492188,Selatan,82.19660186767578
2024-06-21 07:05:00,173.32705688476562,Selatan,82.78194427490234
2024-06-21 16:04:00,173.87899780273438,Selatan,82.05970764160156
2024-06-21 16:14:00,173.83477783203125,Selatan,82.1175537109375
2024-06-24 08:12:00,173.26797485351562,Selatan,83.54158020019531
2024-06-24 09:36:00,176.91566467285156,Selatan,87.0723876953125
2024-06-24 23:20:00,173.58641052246094,Selatan,83.88917541503906
2024-06-27 12:18:00,178.77767944335938,Selatan,65.86238861083984
2024-06-27 18:29:00,173.18228149414062,Selatan,82.97136688232422
2024-06-29 01:20:00,173.5227813720703,Selatan,82.52581024169922
2024-06-29 04:13:00,173.39163208007812,Selatan,82.69742584228516
2024-06-30 18:04:00,173.7459716796875,Selatan,82.23379516601562
2024-06-30 18:08:00,175.90631103515625,Selatan,85.8739242553711
2024-06-30 20:07:00,173.27529907226562,Selatan,83.5849609375
2024-07-01 07:22:00,176.9883270263672,Selatan,87.44081115722656
2024-07-01 20:18:00,178.15333557128906,Selatan,87.60526275634766
2024-07-02 12:38:00,173.96229553222656,Selatan,84.20622253417969
2024-07-03 08:54:00,180.3229217529297,Selatan,87.71124267578125
2024-07-03 11:19:00,181.3770294189453,Selatan,87.9576187133789
2024-07-04 00:48:00,180.8473358154297,Selatan,87.9801254272461
2024-07-04 16:46:00,173.78492736816406,Selatan,84.05662536621094
2024-07-04 22:03:00,173.2777557373047,Selatan,82.84642791748047
2024-07-05 03:39:00,182.50054931640625,Selatan,89.90970611572266
2024-07-06 09:17:00,173.19851684570312,Selatan,82.95008087158203
2024-07-06 13:02:00,173.20877075195312,Selatan,82.93671417236328
2024-07-06 16:08:00,173.1996307373047,Selatan,82.94868469238281
2024-07-06 19:49:00,182.3002166748047,Selatan,90.34745788574219
2024-07-09 03:25:00,182.3402099609375,Selatan,90.32081604003906
2024-07-10 01:45:00,176.99192810058594,Selatan,87.45911407470703
2024-07-11 19:28:00,173.78273010253906,Selatan,82.18567657470703
2024-07-12 00:14:00,173.17506408691406,Selatan,82.98081970214844
2024-07-13 02:21:00,173.92819213867188,Selatan,81.40189361572266
2024-07-13 17:58:00,174.3873291015625,Selatan,81.49532318115234
2024-07-13 19:42:00,173.89614868164062,Selatan,81.662353515625
2024-07-14 05:31:00,176.88916015625,Selatan,86.93807983398438
2024-07-14 10:28:00,178.02392578125,Selatan,87.59884643554688
2024-07-16 06:22:00,176.33116149902344,Selatan,86.29443359375
2024-07-16 13:07:00,182.62403869628906,Selatan,88.81204223632812
2024-07-17 01:44:00,173.24874877929688,Selatan,83.42829895019531
2024-07-17 08:11:00,173.37295532226562,Selatan,82.72186279296875
2024-07-17 11:59:00,173.53485107421875,Selatan,82.51006317138672
2024-07-19 02:36:00,173.92410278320312,Selatan,81.98080444335938
2024-07-20 08:35:00,173.9144287109375,Selatan,82.01335906982422
2024-07-21 08:06:00,175.3423309326172,Selatan,82.30582427978516
2024-07-21 16:02:00,173.84742736816406,Selatan,81.56697845458984
2024-07-21 18:32:00,173.76422119140625,Selatan,82.20989990234375
2024-07-22 02:25:00,173.23825073242188,Selatan,83.36643981933594
2024-07-22 06:03:00,173.20501708984375,Selatan,82.94160461425781
2024-07-22 06:12:00,173.21302795410156,Selatan,82.93115234375
2024-07-22 13:14:00,173.51785278320312,Selatan,82.53228759765625
2024-07-22 18:14:00,178.4113311767578,Selatan,87.6229248046875
2024-07-23 11:29:00,180.75062561035156,Selatan,87.98509979248047
2024-07-23 13:05:00,173.2252655029297,Selatan,82.91510009765625
2024-07-23 23:45:00,173.70094299316406,Selatan,82.29267883300781
2024-07-24 00:58:00,173.47830200195312,Selatan,82.58402252197266
2024-07-24 21:50:00,173.1822509765625,Selatan,83.03612518310547
2024-07-25 09:13:00,176.6593780517578,Selatan,86.61924743652344
2024-07-25 18:02:00,180.04864501953125,Selatan,88.02117156982422
2024-07-26 20:22:00,173.71937561035156,Selatan,82.26854705810547
2024-07-27 14:12:00,176.99063110351562,Selatan,87.4524917602539
2024-07-28 12:26:00,173.88890075683594,Selatan,84.14431762695312
2024-07-28 19:24:00,173.42596435546875,Selatan,82.65251159667969
2024-07-28 21:42:00,173.41925048828125,Selatan,82.66130828857422
2024-07-30 12:45:00,173.45884704589844,Selatan,82.60948944091797
2024-07-31 03:35:00,176.18267822265625,Selatan,86.1474838256836
2024-07-31 20:02:00,173.3929901123047,Selatan,82.69562530517578
2024-08-01 17:42:00,177.1461944580078,Selatan,87.5552749633789
2024-08-01 21:52:00,173.55296325683594,Selatan,83.86093139648438
2024-08-02 18:27:00,173.5589599609375,Selatan,82.47846221923828
2024-08-03 09:53:00,176.9149169921875,Selatan,87.0686264038086
2024-08-04 22:02:00,182.5869598388672,Selatan,75.09587860107422
2024-08-05 07:16:00,178.09913635253906,Selatan,87.60257720947266
2024-08-05 09:41:00,181.3042449951172,Selatan,89.43504333496094
2024-08-06 16:57:00,182.61375427246094,Selatan,88.94559478759766
2024-08-07 11:12:00,182.61183166503906,Selatan,88.97081756591797
2024-08-08 19:32:00,177.38436889648438,Selatan,87.56709289550781
2024-08-09 16:58:00,173.47216796875,Selatan,82.59207153320312
2024-08-11 02:57:00,174.31163024902344,Selatan,84.50090789794922
2024-08-11 03:36:00,173.84732055664062,Selatan,82.10116577148438
2024-08-12 00:33:00,173.34886169433594,Selatan,82.75341033935547
2024-08-12 04:18:00,173.58499145507812,Selatan,83.88795471191406
2024-08-12 12:32:00,173.63485717773438,Selatan,82.37918853759766
2024-08-13 07:21:00,173.51368713378906,Selatan,82.53773498535156
2024-08-13 07:25:00,188.16790771484375,Selatan,80.55541229248047
2024-08-13 16:18:00,173.2399444580078,Selatan,83.37633514404297
2024-08-13 23:54:00,173.20208740234375,Selatan,83.15313720703125
2024-08-15 03:44:00,174.80612182617188,Selatan,84.91802215576172
2024-08-15 08:55:00,173.84034729003906,Selatan,82.11028289794922
2024-08-15 23:00:00,174.71327209472656,Selatan,84.8396987915039
2024-08-16 00:40:00,175.21438598632812,Selatan,82.19725799560547
2024-08-16 06:51:00,173.75497436523438,Selatan,82.22198486328125
2024-08-16 12:10:00,176.8213653564453,Selatan,83.5611343383789
2024-08-18 09:41:00,177.76226806640625,Selatan,83.50374603271484
2024-08-19 02:08:00,177.54208374023438,Selatan,82.7743148803711
2024-08-19 11:23:00,175.82376098632812,Selatan,82.71442413330078
2024-08-19 14:49:00,173.6895751953125,Selatan,82.30755615234375
2024-08-19 23:07:00,173.90252685546875,Selatan,81.67525482177734
2024-08-21 19:29:00,173.86361694335938,Selatan,81.59868621826172
2024-08-24 15:11:00,173.924560546875,Selatan,81.97807312011719
2024-08-25 03:41:00,174.82601928710938,Selatan,81.86763763427734
2024-08-25 11:29:00,176.02520751953125,Selatan,82.88536071777344
2024-08-25 11:48:00,178.51805114746094,Selatan,85.05361938476562
2024-08-27 08:46:00,173.76409912109375,Selatan,81.40161895751953
2024-08-27 15:36:00,176.36912536621094,Selatan,83.17727661132812
2024-08-28 12:08:00,173.78196716308594,Selatan,81.43865966796875
2024-08-29 01:15:00,173.83905029296875,Selatan,81.5505142211914
2024-08-29 07:33:00,176.75282287597656,Selatan,83.50292205810547
2024-08-29 11:47:00,176.62222290039062,Selatan,83.39212036132812
2024-08-30 21:14:00,173.761962890625,Selatan,82.21284484863281
2024-08-30 22:14:00,175.61581420898438,Selatan,85.60100555419922
2024-08-31 10:23:00,176.3616943359375,Selatan,86.32465362548828
2024-08-31 14:45:00,178.60601806640625,Selatan,87.67208099365234
2024-09-01 06:12:00,189.08749389648438,Selatan,79.33063507080078
2024-09-01 15:46:00,188.0474395751953,Selatan,80.71585083007812
2024-09-01 23:29:00,182.49932861328125,Selatan,85.89204406738281
2024-09-02 01:26:00,177.88693237304688,Selatan,71.80534362792969
2024-09-02 12:27:00,181.64889526367188,Selatan,86.60289001464844
2024-09-03 04:17:00,181.53321838378906,Selatan,89.66859436035156
2024-09-04 01:54:00,177.33677673339844,Selatan,87.56474304199219
2024-09-04 03:25:00,177.2176513671875,Selatan,87.5588150024414
2024-09-04 04:55:00,176.60948181152344,Selatan,86.56986999511719
2024-09-04 15:45:00,176.0357208251953,Selatan,86.00202941894531
2024-09-04 16:40:00,173.42051696777344,Selatan,82.65963745117188
2024-09-04 20:31:00,176.4547576904297,Selatan,86.416748046875
2024-09-04 21:42:00,173.1826934814453,Selatan,82.9708251953125
2024-09-05 04:44:00,174.03265380859375,Selatan,84.2656021118164
2024-09-06 15:12:00,174.5454559326172,Selatan,84.6981430053711
2024-09-07 01:19:00,173.87840270996094,Selatan,82.06049346923828
2024-09-07 01:55:00,173.83645629882812,Selatan,82.11538696289062
2024-09-07 20:19:00,176.2125701904297,Selatan,86.17704010009766
2024-09-07 20:27:00,196.07522583007812,Selatan,82.75642395019531
2024-09-08 23:58:00,180.23524475097656,Selatan,88.28082275390625
2024-09-09 03:00:00,182.65509033203125,Selatan,88.38439178466797
2024-09-09 11:53:00,173.51161193847656,Selatan,82.5404281616211
2024-09-09 18:33:00,173.18515014648438,Selatan,83.05322265625
2024-09-09 20:25:00,173.92672729492188,Selatan,81.96508026123047
2024-09-10 14:49:00,173.92417907714844,Selatan,81.73861694335938
2024-09-10 15:25:00,177.62213134765625,Selatan,87.57890319824219
2024-09-10 21:26:00,177.3074951171875,Selatan,87.56327819824219
2024-09-11 06:28:00,175.05838012695312,Selatan,85.13079833984375
2024-09-11 08:18:00,175.3091583251953,Selatan,82.27767944335938
2024-09-11 10:51:00,175.8656463623047,Selatan,82.74998474121094
2024-09-12 00:48:00,176.40679931640625,Selatan,83.20929718017578
2024-09-12 05:52:00,177.88787841796875,Selatan,84.50385284423828
2024-09-12 19:56:00,178.3001251220703,Selatan,84.69835662841797
2024-09-13 08:17:00,174.46632385253906,Selatan,81.5623779296875
2024-09-13 18:21:00,173.9248046875,Selatan,81.74053192138672
2024-09-13 20:46:00,173.83436584472656,Selatan,82.1181411743164
2024-09-14 20:30:00,174.61343383789062,Selatan,84.75550079345703
2024-09-16 18:41:00,173.56704711914062,Selatan,82.46790313720703
2024-09-16 23:54:00,173.26531982421875,Selatan,83.52595520019531
2024-09-19 18:49:00,174.1470947265625,Selatan,84.36211395263672
2024-09-21 11:40:00,174.73944091796875,Selatan,84.86177825927734
2024-09-22 17:57:00,175.36566162109375,Selatan,85.38999938964844
2024-09-22 18:22:00,181.27569580078125,Selatan,87.95982360839844
2024-09-23 05:27:00,182.6265411376953,Selatan,88.77932739257812
2024-09-23 22:17:00,173.28936767578125,Selatan,82.83126068115234
2024-09-24 04:07:00,173.2203369140625,Selatan,82.92155456542969
2024-09-24 22:10:00,175.93946838378906,Selatan,85.90675354003906
2024-09-25 11:18:00,174.8758544921875,Selatan,84.97686767578125
2024-09-27 02:52:00,179.66624450683594,Selatan,87.9397964477539
2024-09-28 03:25:00,183.2657928466797,Selatan,75.53429412841797
2024-09-28 07:20:00,182.4215850830078,Selatan,74.98908233642578
2024-09-28 16:13:00,177.38677978515625,Selatan,66.85713195800781
2024-09-28 18:44:00,176.50856018066406,Selatan,86.46998596191406
2024-09-28 18:57:00,174.1506805419922,Selatan,81.40225219726562
2024-09-29 01:22:00,173.85166931152344,Selatan,82.095458984375
2024-09-29 05:45:00,178.1056671142578,Selatan,87.60291290283203
2024-09-29 11:50:00,184.59536743164062,Selatan,76.39297485351562
2024-09-30 00:03:00,189.66766357421875,Selatan,78.55792999267578
2024-10-01 07:50:00,177.61480712890625,Selatan,87.57853698730469
2024-10-01 08:26:00,173.255615234375,Selatan,82.87542724609375
2024-10-01 16:38:00,176.01266479492188,Selatan,85.97920227050781
2024-10-01 19:51:00,174.46463012695312,Selatan,84.62995147705078
2024-10-03 07:20:00,173.4357147216797,Selatan,82.63973999023438
2024-10-03 14:51:00,174.498046875,Selatan,84.65817260742188
2024-10-04 04:10:00,173.1815185546875,Selatan,82.97237396240234
2024-10-04 05:47:00,173.4770965576172,Selatan,82.5855712890625
2024-10-04 15:11:00,177.32810974121094,Selatan,87.56431579589844
2024-10-05 18:50:00,177.1173095703125,Selatan,87.55384826660156
2024-10-06 07:45:00,176.9986572265625,Selatan,87.49324035644531
2024-10-07 14:34:00,173.23484802246094,Selatan,83.34638214111328
2024-10-07 17:38:00,173.25877380371094,Selatan,82.87129211425781
2024-10-08 06:54:00,176.22903442382812,Selatan,86.19332122802734
2024-10-08 11:08:00,205.17796325683594,Barat Daya,78.77737426757812
2024-10-08 16:06:00,173.92405700683594,Selatan,81.98110961914062
2024-10-08 22:44:00,173.35919189453125,Selatan,82.7398910522461
2024-10-09 12:39:00,175.8542022705078,Selatan,85.82238006591797
2024-10-09 23:00:00,173.1796417236328,Selatan,82.9748306274414
2024-10-10 09:00:00,173.78321838378906,Selatan,81.44120025634766
2024-10-10 14:09:00,173.9444122314453,Selatan,81.79376983642578
2024-10-10 22:37:00,173.3694610595703,Selatan,82.7264633178711
2024-10-10 23:42:00,173.27345275878906,Selatan,82.85208892822266
2024-10-11 16:06:00,175.75408935546875,Selatan,85.72328186035156
2024-10-12 20:58:00,175.6473388671875,Selatan,85.62760162353516
2024-10-13 00:37:00,176.09307861328125,Selatan,86.05876922607422
2024-10-13 10:11:00,173.89309692382812,Selatan,81.65643310546875
2024-10-13 23:09:00,173.59693908691406,Selatan,82.42876434326172
2024-10-14 15:10:00,175.58538818359375,Selatan,82.51209259033203
2024-10-14 18:09:00,174.6038055419922,Selatan,84.74737548828125
2024-10-14 22:20:00,173.93814086914062,Selatan,81.89693450927734
2024-10-15 07:18:00,173.57398986816406,Selatan,82.45881652832031
2024-10-15 11:56:00,173.2831268310547,Selatan,82.83941650390625
2024-10-15 21:23:00,173.4443359375,Selatan,82.62847900390625
2024-10-16 13:36:00,173.2446746826172,Selatan,82.88972473144531
2024-10-17 11:53:00,173.17457580566406,Selatan,82.99076843261719
2024-10-19 06:06:00,176.330078125,Selatan,86.29336547851562
2024-10-19 17:45:00,181.15794372558594,Selatan,87.0132827758789
2024-10-20 13:08:00,173.4795379638672,Selatan,83.79902648925781
2024-10-21 01:54:00,176.9022216796875,Selatan,87.00419616699219
2024-10-22 10:15:00,174.9179229736328,Selatan,85.0123291015625
2024-10-23 01:01:00,173.893798828125,Selatan,82.04036712646484
2024-10-23 10:45:00,173.2672882080078,Selatan,82.86012268066406
2024-10-24 07:04:00,173.50640869140625,Selatan,82.54723358154297
2024-10-26 06:00:00,173.9407196044922,Selatan,81.88143920898438
2024-10-26 06:28:00,174.1765899658203,Selatan,81.40227508544922
2024-10-26 17:53:00,176.93295288085938,Selatan,83.65673828125
2024-10-28 19:10:00,176.80343627929688,Selatan,83.5458984375
2024-10-29 10:36:00,178.0963592529297,Selatan,84.36624145507812
2024-10-30 13:33:00,177.67547607421875,Selatan,83.20062255859375
2024-10-30 17:00:00,177.66737365722656,Selatan,83.17476654052734
2024-10-31 07:20:00,175.22508239746094,Selatan,82.20634460449219
2024-10-31 15:32:00,173.2884979248047,Selatan,82.8323974609375
2024-10-31 20:53:00,173.33584594726562,Selatan,82.77043151855469
2024-11-01 00:05:00,175.18157958984375,Selatan,85.2347412109375
2024-11-02 08:43:00,182.6658935546875,Selatan,88.20983123779297
2024-11-03 12:45:00,176.88514709472656,Selatan,86.9177017211914
2024-11-04 14:13:00,177.31637573242188,Selatan,87.56372833251953
2024-11-04 16:17:00,176.80419921875,Selatan,86.7625732421875
2024-11-05 03:31:00,176.96670532226562,Selatan,87.3311538696289
2024-11-05 11:37:00,177.24310302734375,Selatan,87.56009674072266
2024-11-06 01:52:00,176.9453125,Selatan,87.22261047363281
2024-11-06 04:02:00,173.1837158203125,Selatan,82.96951293945312
2024-11-06 16:35:00,176.11270141601562,Selatan,86.07820129394531
2024-11-07 02:44:00,175.0492706298828,Selatan,85.12313079833984
2024-11-07 15:27:00,181.00048828125,Selatan,87.97225952148438
2024-11-07 16:41:00,183.5424041748047,Selatan,75.71294403076172
2024-11-08 07:39:00,189.92616271972656,Selatan,78.21365356445312
2024-11-09 02:29:00,176.40968322753906,Selatan,86.37210083007812
2024-11-10 04:10:00,173.22518920898438,Selatan,83.28951263427734
2024-11-11 07:03:00,173.80686950683594,Selatan,81.48746490478516
2024-11-11 13:11:00,173.7101287841797,Selatan,82.28068542480469
2024-11-12 18:14:00,173.180908203125,Selatan,82.97318267822266
2024-11-12 23:34:00,182.6616973876953,Selatan,88.27803039550781
2024-11-13 04:01:00,182.56007385253906,Selatan,89.49871063232422
2024-11-14 10:12:00,182.6375732421875,Selatan,88.63597869873047
2024-11-15 10:52:00,177.0110321044922,Selatan,87.55587005615234
2024-11-15 16:02:00,188.34616088867188,Selatan,80.31802368164062
2024-11-15 19:29:00,179.28160095214844,Selatan,87.84266662597656
2024-11-15 21:15:00,176.99850463867188,Selatan,87.49239349365234
2024-11-16 20:57:00,173.30889892578125,Selatan,82.80567169189453
2024-11-16 22:44:00,178.17529296875,Selatan,87.60636138916016
2024-11-17 11:22:00,182.5023956298828,Selatan,89.89701080322266
2024-11-17 16:14:00,182.58363342285156,Selatan,89.33592987060547
2024-11-18 02:58:00,177.58981323242188,Selatan,68.86589813232422
2024-11-19 04:06:00,181.80343627929688,Selatan,89.94424438476562
2024-11-19 07:58:00,180.8386993408203,Selatan,88.93301391601562
2024-11-20 00:59:00,177.6949005126953,Selatan,69.90553283691406
2024-11-20 09:07:00,177.7211456298828,Selatan,87.58381652832031
2024-11-20 17:41:00,174.45327758789062,Selatan,84.62037658691406
2024-11-20 18:15:00,176.9480438232422,Selatan,87.23651123046875
2024-11-21 05:04:00,174.246826171875,Selatan,84.44625091552734
2024-11-21 15:54:00,175.58999633789062,Selatan,85.57923126220703
2024-11-21 17:56:00,173.5659637451172,Selatan,82.46930694580078
2024-11-21 18:33:00,176.99081420898438,Selatan,87.45335388183594
2024-11-22 19:00:00,173.88504028320312,Selatan,81.6406021118164
2024-11-23 20:11:00,173.2826690673828,Selatan,82.84001159667969
2024-11-24 05:32:00,173.7624053955078,Selatan,82.2122573852539
2024-11-24 23:18:00,173.37388610839844,Selatan,82.72069549560547
2024-11-25 11:16:00,175.3988037109375,Selatan,82.35374450683594
2024-11-25 14:43:00,173.9115753173828,Selatan,81.70172882080078
2024-11-25 21:57:00,173.45135498046875,Selatan,82.61930084228516
2024-11-26 06:25:00,176.9089813232422,Selatan,87.03843688964844
2024-11-27 04:41:00,182.6142120361328,Selatan,88.9398422241211
2024-11-28 08:08:00,173.81927490234375,Selatan,82.13788604736328
2024-11-30 16:20:00,174.58934020996094,Selatan,81.66674041748047
2024-12-01 16:37:00,173.49510192871094,Selatan,82.56204986572266
2024-12-04 00:46:00,173.35581970214844,Selatan,82.74427795410156
2024-12-04 01:04:00,173.50979614257812,Selatan,82.5428237915039
2024-12-04 07:48:00,176.91976928710938,Selatan,87.09310150146484
2024-12-04 10:11:00,176.49729919433594,Selatan,86.45884704589844
2024-12-05 08:39:00,182.64425659179688,Selatan,88.54925537109375
2024-12-05 11:37:00,183.42005920410156,Selatan,85.12244415283203
2024-12-06 02:16:00,178.02354431152344,Selatan,87.59883880615234
2024-12-06 03:02:00,180.6619415283203,Selatan,88.74199676513672
2024-12-06 06:30:00,178.4101104736328,Selatan,66.0079574584961
2024-12-06 07:23:00,180.14175415039062,Selatan,88.17975616455078
2024-12-06 22:00:00,181.1098175048828,Selatan,89.22602081298828
2024-12-07 16:00:00,181.5373992919922,Selatan,89.6728744506836
2024-12-07 22:58:00,176.84925842285156,Selatan,86.80716705322266
2024-12-09 08:19:00,181.98399353027344,Selatan,87.94426727294922
2024-12-09 20:06:00,181.5640106201172,Selatan,89.70000457763672
2024-12-10 02:53:00,176.94287109375,Selatan,87.21021270751953
2024-12-10 17:04:00,173.3694305419922,Selatan,82.72650146484375
2024-12-11 17:34:00,173.8485565185547,Selatan,82.09955596923828
2024-12-11 22:01:00,182.57620239257812,Selatan,89.38736724853516
2024-12-12 21:49:00,177.78871154785156,Selatan,70.83363342285156
2024-12-13 00:12:00,183.01953125,Selatan,75.37525939941406
2024-12-13 10:21:00,187.6757049560547,Selatan,77.6061782836914
2024-12-16 22:13:00,177.00440979003906,Selatan,87.52229309082031
2024-12-17 10:08:00,182.618408203125,Selatan,88.88510131835938
2024-12-17 13:03:00,178.96743774414062,Selatan,87.76334381103516
2024-12-18 04:59:00,182.61668395996094,Selatan,88.9074478149414
2024-12-18 07:07:00,182.33255004882812,Selatan,86.03143310546875
2024-12-20 03:25:00,204.9178924560547,Barat Daya,78.39796447753906
2024-12-20 23:03:00,185.23292541503906,Selatan,83.60711669921875
2024-12-21 08:29:00,189.493896484375,Selatan,78.78934478759766
2024-12-21 12:08:00,178.73898315429688,Selatan,65.87821960449219
2024-12-22 06:55:00,182.00845336914062,Selatan,90.15335845947266
2024-12-23 02:20:00,186.7273406982422,Selatan,77.55274963378906
2024-12-23 08:27:00,186.55250549316406,Selatan,77.54290008544922
2024-12-23 09:34:00,182.42225646972656,Selatan,90.26614379882812
2024-12-23 10:46:00,182.2491455078125,Selatan,66.86176300048828
2024-12-23 11:53:00,182.4736328125,Selatan,90.09561157226562
2024-12-23 14:54:00,181.22654724121094,Selatan,89.35221099853516
2024-12-24 09:57:00,176.5666046142578,Selatan,86.52742767333984
2024-12-24 11:24:00,176.81407165527344,Selatan,86.77233123779297
2024-12-25 11:13:00,176.5530548095703,Selatan,86.51402282714844
2024-12-25 14:41:00,174.11233520507812,Selatan,84.33280944824219
2024-12-26 15:55:00,176.45510864257812,Selatan,86.41706848144531
2024-12-27 17:14:00,180.43421936035156,Selatan,88.00135803222656
2024-12-29 16:07:00,173.37208557128906,Selatan,82.72300720214844
2024-12-29 23:16:00,173.3155517578125,Selatan,82.79698944091797
2024-12-30 02:44:00,173.4234619140625,Selatan,82.65577697753906
2024-12-30 14:09:00,187.5488739013672,Selatan,81.37986755371094
2025-12-09 22:47:00,173.2418975830078,Selatan,82.8933334350586
2025-12-09 23:16:00,173.47640991210938,Selatan,82.58650207519531
2025-12-11 03:22:00,173.18701171875,Selatan,83.06414031982422
2025-12-11 22:02:00,174.75584411621094,Selatan,84.8756103515625
2025-12-12 03:22:00,173.3573455810547,Selatan,82.74232482910156
2025-12-12 05:19:00,173.2935791015625,Selatan,82.82575988769531
2025-12-12 05:41:00,173.74305725097656,Selatan,82.23760986328125
2025-12-12 18:16:00,173.81082153320312,Selatan,81.4952163696289
2025-12-13 15:03:00,173.9511260986328,Selatan,81.81938171386719
2025-12-13 15:07:00,175.03233337402344,Selatan,82.04275512695312
2025-12-13 23:27:00,175.19056701660156,Selatan,82.17701721191406
2025-12-13 23:54:00,175.09686279296875,Selatan,82.0975341796875
2025-12-15 00:12:00,176.29759216308594,Selatan,83.11656951904297
2025-12-15 11:35:00,173.81553649902344,Selatan,81.40170288085938
2025-12-15 20:39:00,173.62033081054688,Selatan,82.39816284179688
2026-06-16 08:36:00,217.06158447265625,Barat Daya,465.7292785644531
